date,mom_1m,mom_3m,mom_6m,mom_12m,mom_12_1,vol_21d,vol_63d,mdd_12m,dist_ma50,dist_ma200,rsi_14,macd_hist,rank_mom_12m,rank_vol_21d,rank_mom_1m,mkt_ret_1m,lag_target_ret_1m,y,vix_chg_1m,tnx_chg_1m,asset
2017-02-28,0.21595868139061847,0.5823846659367242,1.050438599514898,1.695860367001326,1.2170657673320222,0.357713191368323,0.6104055702662283,-0.3264598371930667,0.19778083278381375,0.5258412807038522,73.4524903407522,8.392892392752827,0.9411764705882353,0.9411764705882353,1.0,0.039788273228134705,0.21595868139061847,-0.09168024129983776,0.9300003051757812,-0.09299993515014648,BTC-USD
2017-03-31,-0.09168024129983776,0.1150100867214856,0.7577965260506163,1.5719113117061,1.8315043100973565,0.8542375068889254,0.5900846821099286,-0.3264598371930667,-0.03448147466538276,0.25037012626784705,49.41693940882512,0.22523847407577335,0.9411764705882353,1.0,0.058823529411764705,0.0040780348234002485,-0.09168024129983776,0.2283002570356798,-0.5500001907348633,0.037999868392944336,BTC-USD
2017-04-28,0.2283002570356798,0.3566322032534832,0.878077881708095,1.8927459953711683,1.3550805096730834,0.22225955513543758,0.5716050430417212,-0.3264598371930667,0.14607586774797787,0.40111488479531654,72.00734039396015,8.926799818942811,0.9411764705882353,0.9411764705882353,1.0,0.02327147288079116,0.2283002570356798,0.7367601072788579,-1.5500001907348633,-0.11399984359741211,BTC-USD
2017-05-31,0.7367601072788579,0.9376848300189711,2.0661627624402277,3.302729034893182,1.4774458008680682,0.7731685508040138,0.5121746086092093,-0.3264598371930667,0.389812282044792,1.014552308398895,64.04136776722531,-10.263484556524844,1.0,1.0,1.0,0.0813665107832195,0.7367601072788579,0.08503732193929925,-0.4099998474121094,-0.08599996566772461,BTC-USD
2017-06-30,0.08503732193929925,1.3146698490131778,1.5808802290797916,2.6843960448344912,2.395639919785735,0.641588045262184,0.6556470500803834,-0.3264598371930667,0.03286164269802061,0.7495536566237637,46.9135757708994,-39.820163078825104,1.0,1.0,0.9411764705882353,0.008583562244320567,0.08503732193929925,0.15901871383230914,0.7700004577636719,0.10599994659423828,BTC-USD
2017-07-31,0.15901871383230914,1.1841122770942727,1.9630370506273853,3.3765221930523683,2.7760582644790484,1.210360450338238,0.8507232554862444,-0.3476172704162839,0.12805246706995055,0.7221690165905026,59.9931599915249,35.337598633417755,1.0,1.0,1.0,0.03156455068387026,0.15901871383230914,0.6357682892979797,-0.9200000762939453,-0.009999990463256836,BTC-USD
2017-08-31,0.10699922050778188,0.07779526646354618,0.20682934819791976,0.5729772378656754,0.4209379814595975,0.18823810735274865,0.20796772280940587,-0.101456865285102,0.07631325416227397,0.19132841020881908,67.73336215533249,0.03714659817919386,0.8823529411764706,0.8823529411764706,0.9411764705882353,0.05022533451365093,0.10699922050778188,-0.06024355653835434,0.3299999237060547,-0.17100000381469727,AAPL
2017-08-31,-0.007268848531284733,-0.014095840176523433,0.16041844301265384,0.2748972527395137,0.2842321416562201,0.17438887213995857,0.19638199045759938,-0.14838457260398863,-0.007947375094386366,0.09721635362025483,52.82847092077424,0.07894859259138531,0.7058823529411765,0.8235294117647058,0.29411764705882354,0.05022533451365093,-0.007268848531284733,-0.019630792069039615,0.3299999237060547,-0.17100000381469727,AMZN
2017-08-31,0.6357682892979797,1.0571071319313603,2.9860252832672307,7.1731000994534355,3.9964901220582245,0.5367105653721083,0.8356518463156877,-0.3476172704162839,0.39667796485286355,1.2135374401109003,75.89714739778293,-3.275851497888141,1.0,1.0,1.0,0.05022533451365093,0.6357682892979797,-0.11487890580919291,0.3299999237060547,-0.17100000381469727,BTC-USD
2017-08-31,0.04198757511241591,0.043110568975588404,0.05527129206029158,0.00833467643613961,-0.03229683297581121,0.10418747002217225,0.09565310587487495,-0.17759735807380128,0.04961258824182835,0.07198495350473944,72.67015027883842,0.24170342406771783,0.29411764705882354,0.4117647058823529,0.8235294117647058,0.05022533451365093,0.04198757511241591,-0.03369891808976022,0.3299999237060547,-0.17100000381469727,GLD
2017-08-31,0.010301423819227828,-0.03226655396369538,0.13055527998755978,0.2093941479062642,0.19706269771887364,0.14988809284892507,0.17911816558638186,-0.0987387928694703,0.004387264345451669,0.07736051669791877,56.51230534016713,0.13367531610532385,0.5294117647058824,0.7647058823529411,0.47058823529411764,0.05022533451365093,0.010301423819227828,0.019345996023520495,0.3299999237060547,-0.17100000381469727,GOOGL
2017-08-31,0.01457538450028295,0.013189289120226322,0.03372499001312046,-0.01439030689154197,-0.028549570425554616,0.03379223130061334,0.03582512225463708,-0.08408318269436243,0.012142817483613566,0.027581930511167974,66.20332794803741,0.04837904976494295,0.23529411764705882,0.11764705882352941,0.5294117647058824,0.05022533451365093,0.01457538450028295,-0.014415621395122646,0.3299999237060547,-0.17100000381469727,IEF
2017-08-31,0.003707621243629333,0.03869054588213472,0.09725422202741862,0.13889343615458571,0.13468644857299816,0.10051272781520627,0.10520526791910564,-0.10285059865055535,0.00036951136319851585,0.08045223731591755,51.546205503609805,-0.0697050020066169,0.47058823529411764,0.35294117647058826,0.35294117647058826,0.05022533451365093,0.003707621243629333,-0.017829035025581308,0.3299999237060547,-0.17100000381469727,JNJ
2017-08-31,-0.009913192295479822,0.11247622246723843,0.014290738046341511,0.3791921854623841,0.3930012749690004,0.11823641765324032,0.13759826711530898,-0.11728644119648879,-0.007768609243012481,0.04563110878639809,44.817092303916716,-0.12369556551659798,0.8235294117647058,0.5882352941176471,0.23529411764705882,0.05022533451365093,-0.009913192295479822,0.05083090141764668,0.3299999237060547,-0.17100000381469727,JPM
2017-08-31,0.006772221042632198,0.019351024423188923,0.042135534458553,0.013539972825150182,0.00672222737285022,0.032805977894152544,0.037704423581844705,-0.05861560345540917,0.008706337922370633,0.036169763807715194,65.0100519211048,0.05479406116994129,0.35294117647058826,0.058823529411764705,0.4117647058823529,0.05022533451365093,0.006772221042632198,-0.0004945760198391547,0.3299999237060547,-0.17100000381469727,LQD
2017-08-31,0.03395224584050327,0.07629347713127999,0.18160651928555693,0.3326024818794271,0.28884335542610096,0.14127930360018412,0.15003650000311822,-0.05998369382540303,0.041548002578100984,0.12874249328989862,66.39010641807947,0.11398560381153866,0.7647058823529411,0.7058823529411765,0.7058823529411765,0.05022533451365093,0.03395224584050327,-0.003744519862472373,0.3299999237060547,-0.17100000381469727,MSFT
2017-08-31,0.04356151445163481,0.17484715349768276,0.6729190249266932,1.7752938830544847,1.6594444549949041,0.43223514987103134,0.41084955243748184,-0.19742712027880727,0.05380671235094692,0.37419485937523067,58.25723525028393,0.0010953676713414615,0.9411764705882353,0.9411764705882353,0.8823529411764706,0.05022533451365093,0.04356151445163481,0.055063576040059736,0.3299999237060547,-0.17100000381469727,NVDA
2017-08-31,0.03408666995158405,0.035414148880972496,0.0645380724411948,-0.0619633190539316,-0.09288388661852953,0.07878234178474786,0.08516487957725305,-0.1788327230928295,0.0220652266771455,0.057024988341685345,64.79381169913631,0.08579300064912332,0.11764705882352941,0.17647058823529413,0.7647058823529411,0.05022533451365093,0.03408666995158405,-0.023229211679733353,0.3299999237060547,-0.17100000381469727,TLT
2017-08-31,-0.054788427901928616,-0.031119816112483933,-0.10641861142461861,-0.05840621632484844,-0.0038274906166134715,0.09986353025362635,0.1398816207342204,-0.18883045882425809,-0.023151327820465473,-0.08498100617116888,41.76664588632066,0.012315446774463779,0.17647058823529413,0.29411764705882354,0.058823529411764705,0.05022533451365093,-0.054788427901928616,0.1018230919776284,0.3299999237060547,-0.17100000381469727,XLE
2017-08-31,-0.015543703965468558,0.06642891273380092,0.013970302890355057,0.25883449196968944,0.2787103876935677,0.11667987079507558,0.1133683788504718,-0.08947653302432867,-0.005691816723467746,0.03658924712273426,46.417644153427375,-0.0284410201758973,0.5882352941176471,0.5294117647058824,0.17647058823529413,0.05022533451365093,-0.015543703965468558,0.051329759186479196,0.3299999237060547,-0.17100000381469727,XLF
2017-08-31,0.029216529063044616,0.04487948901324734,0.1326559752050036,0.27266579273639846,0.23653843170880662,0.13519174679381424,0.13022095688696952,-0.050157967839224216,0.03337447859706688,0.1089008918166503,65.60710297010087,0.03064793260383139,0.6470588235294118,0.6470588235294118,0.6470588235294118,0.05022533451365093,0.029216529063044616,0.00817816670206195,0.3299999237060547,-0.17100000381469727,XLK
2017-08-31,0.01752436554242287,0.07272367284176617,0.09226169689223096,0.13505419709941813,0.11550566800859086,0.11144805299662534,0.09580376667887046,-0.12426534192036409,0.021352032151854772,0.09240806142048408,67.16638604706762,0.18812060055772695,0.4117647058823529,0.47058823529411764,0.5882352941176471,0.05022533451365093,0.01752436554242287,0.009113549074649452,0.3299999237060547,-0.17100000381469727,XLV
2017-08-31,-0.03710820094691181,-0.04261030966232804,-0.043314806220471125,-0.09106924466356081,-0.05604060993116211,0.08005923692761438,0.11487000690818559,-0.15454224320943266,-0.03305404989031013,-0.0628141755371403,34.64949878963252,-0.021253317403270855,0.058823529411764705,0.23529411764705882,0.11764705882352941,0.05022533451365093,-0.03710820094691181,0.07402045357158538,0.3299999237060547,-0.17100000381469727,XOM
2017-09-29,-0.06024355653835434,0.07433166573751615,0.0814691945362993,0.38733859357988654,0.4762746275721683,0.1620840095947445,0.187076753264968,-0.101456865285102,-0.01941487525819663,0.08190464226401639,43.360028082492924,-0.1607398232050269,0.8235294117647058,0.7647058823529411,0.11764705882352941,0.004796491617913845,-0.06024355653835434,0.09680734964425008,-1.0799999237060547,0.2049999237060547,AAPL
2017-09-29,-0.019630792069039615,-0.006869843952089338,0.08438426765032214,0.14814105782434095,0.1711312927172184,0.16375846167542907,0.18081448365154823,-0.14838457260398863,-0.017707501367768663,0.05144767910332981,47.41324652040383,-0.07976923717852308,0.47058823529411764,0.8823529411764706,0.29411764705882354,0.004796491617913845,-0.019630792069039615,0.1497165176249049,-1.0799999237060547,0.2049999237060547,AMZN
2017-09-29,-0.11487890580919291,0.6780887428171432,2.8842214169672706,5.827670913156471,6.713826907942403,1.1270650134751554,0.8412198674455728,-0.3550810193918734,0.00655446936228099,0.6350766858734189,54.84922929348827,52.15654484458053,1.0,1.0,0.058823529411764705,0.004796491617913845,-0.11487890580919291,0.5537572453658335,-1.0799999237060547,0.2049999237060547,BTC-USD
2017-09-29,-0.03369891808976022,0.030164423735369095,0.024090301389356972,-0.03231453023174924,0.0014326671923767798,0.12637939064706763,0.10762320418913303,-0.17759735807380128,-0.010825742016291273,0.025562310492448725,39.78656790647498,-0.5790041447972402,0.11764705882352941,0.5294117647058824,0.17647058823529413,0.004796491617913845,-0.03369891808976022,-0.007484813689786707,-1.0799999237060547,0.2049999237060547,GLD
2017-09-29,0.019345996023520495,0.04737126170446926,0.1485257676755627,0.21100434754972652,0.1880208999435593,0.1417268780536317,0.1515383155510346,-0.0987387928694703,0.029876750780047923,0.07863068599021772,64.41563556981214,0.16972677555019333,0.5882352941176471,0.6470588235294118,0.7058823529411765,0.004796491617913845,0.019345996023520495,0.06092090094294589,-1.0799999237060547,0.2049999237060547,GOOGL
2017-09-29,-0.014415621395122646,0.003697878026614365,0.01800343165739604,-0.030899614118866325,-0.016725095366342257,0.048088133966064935,0.040082610902590535,-0.08408318269436243,-0.006878785963640888,0.009370908568636871,37.37937207325021,-0.11119220288989971,0.17647058823529413,0.11764705882352941,0.4117647058823529,0.004796491617913845,-0.014415621395122646,-0.001889288341463291,-1.0799999237060547,0.2049999237060547,IEF
2017-09-29,-0.017829035025581308,-0.010983120850013406,0.05744402842860952,0.13004570325257947,0.15055906105105876,0.13838879022988596,0.12045038032178002,-0.10285059865055535,-0.015209546900500692,0.04343672096539297,41.1428131669787,-0.3318945527197556,0.4117647058823529,0.5882352941176471,0.35294117647058826,0.004796491617913845,-0.017829035025581308,0.07230219861207021,-1.0799999237060547,0.2049999237060547,JNJ
2017-09-29,0.05083090141764668,0.05071499546653735,0.0995803180063326,0.4691036091701384,0.39803997692512794,0.162862296643088,0.1391484011139944,-0.11728644119648879,0.036475788615039306,0.08283120162116209,65.86231663085186,0.28336508208742517,0.8823529411764706,0.8235294117647058,0.7647058823529411,0.004796491617913845,0.05083090141764668,0.059555392733646295,-1.0799999237060547,0.2049999237060547,JPM
2017-09-29,-0.0004945760198391547,0.013977081817441173,0.04470349885363922,0.016245838210513508,0.016748697734615625,0.04322341539139718,0.03911159321411617,-0.05861560345540917,0.004162419694129227,0.0293088252148499,55.05848930177806,-0.002507647809758984,0.35294117647058826,0.058823529411764705,0.5294117647058824,0.004796491617913845,-0.0004945760198391547,0.0019268138037584759,-1.0799999237060547,0.2049999237060547,LQD
2017-09-29,-0.003744519862472373,0.08641886783610309,0.14357876471376585,0.3243856437598971,0.32936347168406344,0.12443945030365706,0.13132130752234578,-0.05998369382540303,0.01494912470611065,0.10002865262850014,54.655219008224854,-0.14462714520845205,0.7058823529411765,0.47058823529411764,0.47058823529411764,0.004796491617913845,-0.003744519862472373,0.11665979244893276,-1.0799999237060547,0.2049999237060547,MSFT
2017-09-29,0.055063576040059736,0.23773814423982786,0.6443203959251447,1.6212846162842434,1.4844802491643554,0.3858314670629159,0.3805597590084449,-0.19742712027880727,0.05910141392776169,0.3588915539520474,57.540246825798725,-0.010595084143592892,0.9411764705882353,0.9411764705882353,0.8823529411764706,0.004796491617913845,0.055063576040059736,0.15684974404218988,-1.0799999237060547,0.2049999237060547,NVDA
2017-09-29,-0.023229211679733353,0.0034166287028043474,0.04666693347030715,-0.0697201605751343,-0.04759657992572708,0.11118816287891284,0.09311384562133634,-0.1788327230928295,-0.009336065811894723,0.0249407220996003,40.58304005368844,-0.24048049209722794,0.058823529411764705,0.4117647058823529,0.23529411764705882,0.004796491617913845,-0.023229211679733353,-0.00038544282237362726,-1.0799999237060547,0.2049999237060547,TLT
2017-09-29,0.1018230919776284,0.06872796461751163,-0.0005801927695709974,0.0005672361894271116,-0.09189846947794522,0.09233571749117023,0.1215937230867543,-0.18883045882425809,0.06311501678083276,0.016687547804900893,81.70307492391021,0.09743493187646862,0.29411764705882354,0.23529411764705882,1.0,0.004796491617913845,0.1018230919776284,-0.008323582649013117,-1.0799999237060547,0.2049999237060547,XLE
2017-09-29,0.051329759186479196,0.0526085506896834,0.09849001262213819,0.3615990075204094,0.29512077026528494,0.14190672555660758,0.12136739903183906,-0.08947653302432867,0.03944129855145695,0.0780028545602156,72.16292500430782,0.09008042193768911,0.7647058823529411,0.7058823529411765,0.8235294117647058,0.004796491617913845,0.051329759186479196,0.0286153697447451,-1.0799999237060547,0.2049999237060547,XLF
2017-09-29,0.00817816670206195,0.08390206932951716,0.1170532182992774,0.25666105530219174,0.24646723843759055,0.0997727961618363,0.10954255012538307,-0.050157967839224216,0.02109753666139702,0.09406353624986874,60.63707674065737,-0.01084690292877069,0.6470588235294118,0.35294117647058826,0.5882352941176471,0.004796491617913845,0.00817816670206195,0.06514399088300693,-1.0799999237060547,0.2049999237060547,XLK
2017-09-29,0.009113549074649452,0.03522038537862948,0.10753898624700153,0.15126578863854712,0.14086842823015355,0.09179028563031057,0.09017980170217675,-0.12426534192036409,0.018531237146502733,0.08222585362439938,57.356918586523705,-0.16423011606853516,0.5294117647058824,0.17647058823529413,0.6470588235294118,0.004796491617913845,0.009113549074649452,-0.007586299897378912,-1.0799999237060547,0.2049999237060547,XLV
2017-09-29,0.07402045357158538,0.025326456114884266,0.018854841193276517,-0.025355642456829308,-0.09252719135650167,0.09602012370263906,0.10558955940898268,-0.15454224320943266,0.040019926526114524,0.012931087749683545,72.2857453534324,0.16756261600730754,0.23529411764705882,0.29411764705882354,0.9411764705882353,0.004796491617913845,0.07402045357158538,0.01671130793161657,-1.0799999237060547,0.2049999237060547,XOM
2017-10-31,0.09680734964425008,0.14101927044175477,0.18624659236697094,0.5150764494161846,0.38135147426537586,0.1902893552754041,0.18432699790638513,-0.101456865285102,0.0678767843550756,0.14937107493299262,74.60670178820283,0.29161468368957977,0.8823529411764706,0.7058823529411765,0.7647058823529411,0.07960571743399324,0.09680734964425008,0.02027819167845335,0.6700000762939453,0.04999995231628418,AAPL
2017-10-31,0.1497165176249049,0.11895361329972975,0.19491020682975924,0.399407418369335,0.21717605767745596,0.4723657660007525,0.30544291335074425,-0.14838457260398863,0.12630656956352193,0.17722310410889874,76.69684119289519,0.6566727569746408,0.7058823529411765,0.9411764705882353,0.8823529411764706,0.07960571743399324,0.1497165176249049,0.06466237678888143,0.6700000762939453,0.04999995231628418,AMZN
2017-10-31,0.5537572453658335,1.2496121170449181,3.913405443537844,8.227758087372575,4.9389960142711296,0.6560604907067158,0.8216967717498215,-0.3550810193918734,0.3503700859548722,1.0078066552051124,71.95240190704007,1.712799354016056,1.0,1.0,1.0,0.07960571743399324,0.5537572453658335,0.5820913616777115,0.6700000762939453,0.04999995231628418,BTC-USD
2017-10-31,-0.007484813689786707,-0.000662541043931153,-0.0008280075921227592,-0.010414993005032902,-0.002952276555222677,0.08041276466976921,0.10409555629256864,-0.17759735807380128,-0.02121579330561385,0.007416815731237536,41.316994370221,-0.09125159950596523,0.17647058823529413,0.35294117647058826,0.17647058823529413,0.07960571743399324,-0.007484813689786707,0.003563440057186007,0.6700000762939453,0.04999995231628418,GLD
2017-10-31,0.06092090094294589,0.09258590062319616,0.11737969432608897,0.27551560664449326,0.20227210672427676,0.19357052240083275,0.1610515915809262,-0.0987387928694703,0.06692550228460314,0.11926202133338659,70.44782494344673,0.09047721321384217,0.5294117647058824,0.8235294117647058,0.5882352941176471,0.07960571743399324,0.06092090094294589,0.003029821658963039,0.6700000762939453,0.04999995231628418,GOOGL
2017-10-31,-0.001889288341463291,-0.0019395433350536395,0.004937159329089003,-0.018053519365295867,-0.016194827723041705,0.03275917885933685,0.038982675713535,-0.08408318269436243,-0.006818448925849152,0.004270115164811461,46.46164466845125,0.006166412729444903,0.11764705882352941,0.11764705882352941,0.23529411764705882,0.07960571743399324,-0.001889288341463291,-0.0027935560895223643,0.6700000762939453,0.04999995231628418,IEF
2017-10-31,0.07230219861207021,0.05708889284258056,0.14381781171786479,0.23410706179957352,0.1508948348673862,0.163188238216708,0.1359831230580548,-0.10285059865055535,0.03582032963237536,0.09519191597958931,56.4323063197703,-0.07751439735166143,0.47058823529411764,0.6470588235294118,0.7058823529411765,0.07960571743399324,0.07230219861207021,0.005546596870065645,0.6700000762939453,0.04999995231628418,JNJ
2017-10-31,0.059555392733646295,0.10237606583806635,0.16959486367467913,0.48578843048929365,0.40227537010214154,0.13399705456801378,0.14139046237505024,-0.11728644119648879,0.06410878149221566,0.12774487236749277,67.10701156049494,0.10533900605023283,0.8235294117647058,0.5882352941176471,0.5294117647058824,0.07960571743399324,0.059555392733646295,0.03886249972000533,0.6700000762939453,0.04999995231628418,JPM
2017-10-31,0.0019268138037584759,0.008213198847879966,0.034418610056177634,0.03400988108863712,0.03202136807086453,0.030696186167711595,0.035320124560568225,-0.05861560345540917,0.002230295204205923,0.024591038552573163,52.76865235560338,-0.02363937763233947,0.29411764705882354,0.058823529411764705,0.35294117647058826,0.07960571743399324,0.0019268138037584759,-0.0012335062609905023,0.6700000762939453,0.04999995231628418,LQD
2017-10-31,0.11665979244893276,0.15024957908473446,0.22849111169885883,0.4216280362285465,0.2731075712064386,0.23099799704327112,0.17173433987815026,-0.05998369382540303,0.0980537611877692,0.1969471587671665,81.91872943737947,0.5137159273522949,0.7647058823529411,0.8823529411764706,0.8235294117647058,0.07960571743399324,0.11665979244893276,0.01698395055253199,0.6700000762939453,0.04999995231628418,MSFT
2017-10-31,0.15684974404218988,0.27371903556906196,0.9866737949648969,1.919931005392864,1.524036522833319,0.19043791643755778,0.34604572502731956,-0.19742712027880727,0.1433510606236441,0.46425271666171053,75.34737190771206,0.010601455000130156,0.9411764705882353,0.7647058823529411,0.9411764705882353,0.07960571743399324,0.15684974404218988,-0.02882162611477368,0.6700000762939453,0.04999995231628418,NVDA
2017-10-31,-0.00038544282237362726,0.009676329244475701,0.0300576543958313,-0.027475850585641726,-0.027100853592765595,0.07791656507323996,0.0902042979958453,-0.1788327230928295,-0.008746111256371925,0.018029807260105946,49.445607277976514,-0.0033288934070729304,0.058823529411764705,0.29411764705882354,0.29411764705882354,0.07960571743399324,-0.00038544282237362726,0.007431506543476463,0.6700000762939453,0.04999995231628418,TLT
2017-10-31,-0.008323582649013117,0.03278729237568889,0.021196479205255248,0.021013943271054103,0.029583768865286686,0.06214219229253092,0.0979368165926371,-0.18883045882425809,0.02612798027812535,0.017761286848967828,57.9825856009198,-0.05701785409016072,0.23529411764705882,0.23529411764705882,0.058823529411764705,0.07960571743399324,-0.008323582649013117,0.01752307265494868,0.6700000762939453,0.04999995231628418,XLE
2017-10-31,0.0286153697447451,0.0646047706823476,0.13952794142018554,0.3693434581180417,0.3312492680892465,0.08673076182917305,0.11881299144276794,-0.08947653302432867,0.04188350849840616,0.09271370020690761,62.19777630026609,-0.020583131783381337,0.6470588235294118,0.47058823529411764,0.47058823529411764,0.07960571743399324,0.0286153697447451,0.03458676746262723,0.6700000762939453,0.04999995231628418,XLF
2017-10-31,0.06514399088300693,0.10522922936501766,0.16641102759824378,0.3486875994317018,0.26620213884287747,0.10432865453940476,0.11310168156588532,-0.050157967839224216,0.060717842652450615,0.13719410364345408,79.37966159875279,0.07872400811319741,0.5882352941176471,0.5294117647058824,0.6470588235294118,0.07960571743399324,0.06514399088300693,0.014138265660503357,0.6700000762939453,0.04999995231628418,XLK
2017-10-31,-0.007586299897378912,0.019008029074515598,0.0825406558462003,0.22309938915177518,0.23244911776741883,0.08536709602681593,0.09256896848988069,-0.12426534192036409,-0.008428350049337618,0.053241816630841265,36.80141365976958,-0.2529978975631042,0.4117647058823529,0.4117647058823529,0.11764705882352941,0.07960571743399324,-0.007586299897378912,0.02909664179421867,0.6700000762939453,0.04999995231628418,XLV
2017-10-31,0.01671130793161657,0.05144774466084345,0.04044814376611039,0.038028324063324126,0.0209666362175851,0.04417077042871273,0.08448057536529321,-0.15454224320943266,0.03465298247703141,0.03569255746263034,65.60403961906314,-0.03745525351805157,0.35294117647058826,0.17647058823529413,0.4117647058823529,0.07960571743399324,0.01671130793161657,0.008528590248503276,0.6700000762939453,0.04999995231628418,XOM
2017-11-30,0.02027819167845335,0.051633150547821804,0.13344523171658795,0.5799272381302469,0.548525932452911,0.18800276563175142,0.18390807062884898,-0.0885966271654759,0.055264579622787746,0.13405286900765478,55.91844139454343,-0.15816150973278875,0.8823529411764706,0.8333333333333334,0.7058823529411765,0.04785143499428173,0.02027819167845335,-0.015245814885526676,1.0999994277954102,0.0410001277923584,AAPL
2017-11-30,0.06466237678888143,0.20003065451274882,0.18311521419980825,0.5678085227992926,0.47258751410747313,0.18029386463774405,0.30523276176004893,-0.12319390776072892,0.11818891612903903,0.2106718457202219,67.21730479491359,-0.01777189560023018,0.8235294117647058,0.7222222222222222,0.9411764705882353,0.04785143499428173,0.06466237678888143,-0.006186568401839843,1.0999994277954102,0.0410001277923584,AMZN
2017-11-30,0.5820913616777115,1.175792207727492,3.4758376681169034,12.723646788707352,7.6743705964959315,0.7761974671021414,0.6316047393519727,-0.3550810193918734,0.4574487434991541,1.4491923498247452,77.79651413996771,183.15625032186688,1.0,0.9444444444444444,1.0,0.04785143499428173,0.5820913616777115,0.432164707898671,1.0999994277954102,0.0410001277923584,BTC-USD
2017-11-30,0.003563440057186007,-0.03751391855151376,0.003979404050814983,0.08366889014873458,0.0798210126974972,0.09649333919052995,0.099346986426223,-0.17759735807380128,-0.006034391251555138,0.00584944527806619,44.96904792444173,0.04093567237735835,0.35294117647058826,0.2777777777777778,0.29411764705882354,0.04785143499428173,0.003563440057186007,0.021057003170010358,1.0999994277954102,0.0410001277923584,GLD
2017-11-30,0.003029821658963039,0.08472205938934652,0.04972181652444929,0.3354771999723418,0.3314431646344542,0.1526234469939977,0.1620112711310071,-0.0854450999918861,0.023301046197530928,0.09598825852685366,49.98729224754354,-0.14092630081169544,0.6470588235294118,0.6666666666666666,0.23529411764705882,0.04785143499428173,0.003029821658963039,0.016628539355022065,1.0999994277954102,0.0410001277923584,GOOGL
2017-11-30,-0.0027935560895223643,-0.0190257579640295,-0.006087405066322216,0.022423768566346647,0.025287968012903228,0.03378945159006557,0.03828604474430028,-0.08408318269436243,-0.004549114296958479,-0.0012043293071787309,40.65358327320412,-0.010936071171364005,0.17647058823529413,0.05555555555555555,0.11764705882352941,0.04785143499428173,-0.0027935560895223643,0.0018482903803842543,1.0999994277954102,0.0410001277923584,IEF
2017-11-30,0.005546596870065645,0.05902567270533132,0.09999995408549567,0.2843686329584585,0.27728405322664673,0.08884388629875946,0.13338415079204813,-0.10285059865055535,0.019481572443385664,0.07665661229844156,56.27393843845214,0.009093914551180249,0.5294117647058824,0.2222222222222222,0.35294117647058826,0.04785143499428173,0.005546596870065645,0.0027990457017690318,1.0999994277954102,0.0410001277923584,JNJ
2017-11-30,0.03886249972000533,0.15668358216304545,0.2867829820746186,0.3334769292356239,0.2835932855358849,0.18301503672410882,0.15976885379903427,-0.11728644119648879,0.06403876600403535,0.1515150565994816,73.57173562529961,0.399151216965449,0.5882352941176471,0.7777777777777778,0.8823529411764706,0.04785143499428173,0.03886249972000533,0.023153789393296043,1.0999994277954102,0.0410001277923584,JPM
2017-11-30,-0.0012335062609905023,0.00019601306823013864,0.019550830545089548,0.0665168498267199,0.06783402978816233,0.03788409962367078,0.036902081519325475,-0.05861560345540917,-0.00047053124731499807,0.017596145931583207,48.61425098489339,0.025467637969082923,0.23529411764705882,0.1111111111111111,0.17647058823529413,0.04785143499428173,-0.0012335062609905023,0.012204505478940808,1.0999994277954102,0.0410001277923584,LQD
2017-11-30,0.01698395055253199,0.13137271645273874,0.21768907492237988,0.4279690164099501,0.4041214865132612,0.12412913307523762,0.16785928635457179,-0.05998369382540303,0.058812503858809206,0.179564892961809,61.7791400912761,-0.18457535069026165,0.7647058823529411,0.5,0.5882352941176471,0.04785143499428173,0.01698395055253199,0.016276817473813043,1.0999994277954102,0.0410001277923584,MSFT
2017-11-30,-0.02882162611477368,0.18537179133195303,0.39263067488279413,1.1853789471902538,1.2502343606021458,0.35963330841183355,0.3205546334577161,-0.19742712027880727,0.015524432696627288,0.3237228822485445,44.10767326975905,-0.058474039656664284,0.9411764705882353,0.8888888888888888,0.058823529411764705,0.04785143499428173,-0.02882162611477368,-0.0359224677829435,1.0999994277954102,0.0410001277923584,NVDA
2017-11-30,0.007431506543476463,-0.01634962034693499,0.018485520644923925,0.06742708004228071,0.05955300495281368,0.09751656186483536,0.09521685069312776,-0.1788327230928295,0.0010370330919624582,0.018358626517989363,46.46920501987989,-0.06389355690377418,0.29411764705882354,0.3333333333333333,0.4117647058823529,0.04785143499428173,0.007431506543476463,0.01812631704133616,1.0999994277954102,0.0410001277923584,TLT
2017-11-30,0.01752307265494868,0.11179859637611389,0.0771996285027714,-0.04219172965995133,-0.05868643563933196,0.1432641674033472,0.10899919455083103,-0.18883045882425809,0.013672054577647641,0.04076538010286335,59.43979153710075,-0.0015025165578365566,0.058823529411764705,0.6111111111111112,0.6470588235294118,0.04785143499428173,0.01752307265494868,0.05269423166204734,1.0999994277954102,0.0410001277923584,XLE
2017-11-30,0.03458676746262723,0.11881656175309518,0.19313832949892262,0.24236986593013032,0.20083680267543058,0.1310968618622167,0.12145180607052458,-0.08947653302432867,0.04595843110572839,0.11523199747199575,76.0054234519298,0.0959025024017234,0.47058823529411764,0.5555555555555556,0.8235294117647058,0.04785143499428173,0.03458676746262723,0.01888117834222447,1.0999994277954102,0.0410001277923584,XLF
2017-11-30,0.014138265660503357,0.08903736208542368,0.1379128024121523,0.3654515461448131,0.34641556519465433,0.12224543415200141,0.108395029668499,-0.050157967839224216,0.03594324324234699,0.12420362396621765,57.24635179152019,-0.05659029579269392,0.7058823529411765,0.4444444444444444,0.5294117647058824,0.04785143499428173,0.014138265660503357,0.005457950273902723,1.0999994277954102,0.0410001277923584,XLK
2017-11-30,0.02909664179421867,0.030597178990313445,0.10554599106685214,0.23323965407700142,0.19837108002496406,0.07946504521786257,0.081492894030505,-0.0994604343555282,0.017251963651469637,0.06711135423959158,66.7681810387113,0.21286757881718424,0.4117647058823529,0.16666666666666666,0.7647058823529411,0.04785143499428173,0.02909664179421867,-0.005504780042994595,1.0999994277954102,0.0410001277923584,XLV
2017-11-30,0.008528590248503276,0.10128169404452869,0.054355740035838096,-0.009615410916977929,-0.017990566991274548,0.09979452929933712,0.0861792705572862,-0.15454224320943266,0.01903489533063696,0.04324055604930899,63.52819734919467,0.057199449981586284,0.11764705882352941,0.3888888888888889,0.47058823529411764,0.04785143499428173,0.008528590248503276,0.004201894934977357,1.0999994277954102,0.0410001277923584,XOM
2017-12-29,-0.015245814885526676,0.10198781121669698,0.18390040084687342,0.4846434075781656,0.5076284315619155,0.15514060887437772,0.17687477996496717,-0.0885966271654759,-0.0030054578577072277,0.09140207468376138,43.270554374302485,-0.1457921789277748,0.8235294117647058,0.7777777777777778,0.1111111111111111,0.06933849102403482,-0.015245814885526676,-0.010637026759343526,-0.23999977111816406,-0.012000083923339844,AAPL
2017-12-29,-0.006186568401839843,0.21648718986315507,0.20813011269907955,0.5595636491351448,0.56927205806345,0.14747803369044882,0.3020013646028088,-0.11190721768252931,0.03516847491649755,0.16500400277537763,53.76855618181507,-0.16207010188059767,0.8823529411764706,0.6666666666666666,0.16666666666666666,0.06933849102403482,-0.006186568401839843,0.24063897541810575,-0.23999977111816406,-0.012000083923339844,AMZN
2017-12-29,0.432164707898671,2.5205271144023897,4.907756919461171,14.247213031646671,9.646270605297898,1.1105833464878483,1.049561266469335,-0.3550810193918734,0.18809051299471768,1.4133114332375443,49.547456755048806,-515.1910211654315,1.0,0.9444444444444444,0.9444444444444444,0.06933849102403482,0.432164707898671,-0.30260917064683523,-0.23999977111816406,-0.012000083923339844,BTC-USD
2017-12-29,0.021057003170010358,0.01702582384972029,0.04770382175013599,0.12809051033069152,0.10482618191578053,0.08654367734479847,0.08638371935101155,-0.16020535532974445,0.021515871298240175,0.024313053557643682,69.45513608632682,0.5259905274949935,0.35294117647058826,0.2222222222222222,0.7777777777777778,0.06933849102403482,0.021057003170010358,0.03234937283169237,-0.23999977111816406,-0.012000083923339844,GLD
2017-12-29,0.016628539355022065,0.0818303178165598,0.13307798492167722,0.329295067324507,0.30755238109668803,0.12113131542667348,0.15808097779017488,-0.08445850168801117,0.010384559487625289,0.09113208844080534,49.86178498534866,-0.0972955528799872,0.6470588235294118,0.5555555555555556,0.6111111111111112,0.06933849102403482,0.016628539355022065,0.12228995844442192,-0.23999977111816406,-0.012000083923339844,GOOGL
2017-12-29,0.0018482903803842543,-0.002837921718997105,0.0008494620192514013,0.025528943886412803,0.023636965530017928,0.03681898111281352,0.0334519801884797,-0.07810889319464753,-0.001012243294048032,-0.0016963691149552984,50.02640510069767,-0.0037495202920054954,0.17647058823529413,0.05555555555555555,0.2777777777777778,0.06933849102403482,0.0018482903803842543,-0.021502121408108255,-0.23999977111816406,-0.012000083923339844,IEF
2017-12-29,0.0027990457017690318,0.08126789717332028,0.06939220118742573,0.24425259054980075,0.24077959176662356,0.09002492444505981,0.1199408170398828,-0.0966265974685836,-0.0013735244132043745,0.06335812209458003,46.59238988682409,-0.22777455410563718,0.5294117647058824,0.2777777777777778,0.3333333333333333,0.06933849102403482,0.0027990457017690318,-0.010950568295298613,-0.23999977111816406,-0.012000083923339844,JNJ
2017-12-29,0.023153789393296043,0.1262184892189142,0.18333465479398225,0.2675875567845962,0.23890227444326162,0.151759932702128,0.1565224736506559,-0.11728644119648879,0.04461964166031951,0.15720762460369153,59.66783884888587,-0.10467579012194639,0.5882352941176471,0.7222222222222222,0.8333333333333334,0.06933849102403482,0.023153789393296043,0.08726889962046624,-0.23999977111816406,-0.012000083923339844,JPM
2017-12-29,0.012204505478940808,0.012903868753624037,0.02706130900039616,0.07054924220759862,0.05764125373167661,0.03936214128831054,0.03574892401383502,-0.05075551504309628,0.009121224526160043,0.024049398159650348,61.40919052514122,0.03201295825559858,0.23529411764705882,0.1111111111111111,0.5,0.06933849102403482,0.012204505478940808,-0.012257203210757628,-0.23999977111816406,-0.012000083923339844,LQD
2017-12-29,0.016276817473813043,0.15410944941007498,0.2538462813870419,0.40730625377428153,0.3847666596119561,0.1995669162921787,0.1892679812975796,-0.05998369382540303,0.026125245321338086,0.164079303324292,57.44441740390557,-0.08793600692714887,0.7647058823529411,0.8333333333333334,0.5555555555555556,0.06933849102403482,0.016276817473813043,0.11070796321995235,-0.23999977111816406,-0.012000083923339844,MSFT
2017-12-29,-0.0359224677829435,0.0831482929552203,0.34065395805893206,0.8198784628811793,0.8876889068206644,0.31473423283019963,0.2952815474544267,-0.19742712027880727,-0.039063205813150814,0.20388685106451665,45.16085217186077,0.01495227724152147,0.9411764705882353,0.8888888888888888,0.05555555555555555,0.06933849102403482,-0.0359224677829435,0.2702844711013088,-0.23999977111816406,-0.012000083923339844,NVDA
2017-12-29,0.01812631704133616,0.02529718360508415,0.028800243391493785,0.09182619226828548,0.07238775188634783,0.11028278926009352,0.09449820856150162,-0.17550826731203972,0.012276613002888404,0.028669014380853675,55.49691170834511,-0.00416202580824078,0.29411764705882354,0.4444444444444444,0.6666666666666666,0.06933849102403482,0.01812631704133616,-0.03255559397841823,-0.23999977111816406,-0.012000083923339844,TLT
2017-12-29,0.05269423166204734,0.062224941278376855,0.13522949945839535,-0.008874374137804564,-0.05848669437719267,0.12547079411380213,0.1128226912097042,-0.18883045882425809,0.052985164013009456,0.09387382539638,72.12341495411629,0.10668866689319295,0.11764705882352941,0.6111111111111112,0.8888888888888888,0.06933849102403482,0.05269423166204734,0.035842790282127224,-0.23999977111816406,-0.012000083923339844,XLE
2017-12-29,0.01888117834222447,0.08428504646332668,0.14132771129225818,0.21999865031262877,0.19739050661200097,0.11116333078192682,0.10988911952822616,-0.08947653302432867,0.03426011108503335,0.12010247679463104,58.828406153943924,-0.037277680581238315,0.47058823529411764,0.5,0.7222222222222222,0.06933849102403482,0.01888117834222447,0.06556789465692847,-0.23999977111816406,-0.012000083923339844,XLF
2017-12-29,0.005457950273902723,0.08609897537852396,0.17722492690945058,0.3425640924054214,0.3352762211882512,0.10396938414437742,0.10901018256013584,-0.050157967839224216,0.011579388511199884,0.10707486567475977,51.92546480092897,-0.03696061329679573,0.7058823529411765,0.3888888888888889,0.4444444444444444,0.06933849102403482,0.005457950273902723,0.07036725712023673,-0.23999977111816406,-0.012000083923339844,XLK
2017-12-29,-0.005504780042994595,0.01566763140470151,0.051439836799374694,0.21772842804920645,0.22446885979185716,0.09245103936233358,0.08683901537758483,-0.08152061857513104,0.0067939155213503355,0.049250371519665936,49.915936131444276,-0.07415648017079557,0.4117647058823529,0.3333333333333333,0.2222222222222222,0.06933849102403482,-0.005504780042994595,0.06555391930166299,-0.23999977111816406,-0.012000083923339844,XLV
2017-12-29,0.004201894934977357,0.02969097128372944,0.05576939447983964,-0.038068828788321296,-0.042093849789076154,0.08460650758600198,0.07548022388050682,-0.15454224320943266,0.012804870659774314,0.042923782528972554,57.83949380798479,0.04409478641100234,0.058823529411764705,0.16666666666666666,0.3888888888888889,0.06933849102403482,0.004201894934977357,0.043759127777106555,-0.23999977111816406,-0.012000083923339844,XOM
2018-01-31,-0.010637026759343526,-0.0059640485323673165,0.13421417613647368,0.4019148237533112,0.4169873561786346,0.16091363366894637,0.1661621242559121,-0.0885966271654759,-0.03148369357681502,0.05598945658145715,34.49648578839202,-0.2963930534599889,0.7058823529411765,0.6666666666666666,0.3333333333333333,0.06878287902478135,-0.010637026759343526,0.06818516598552682,2.5,0.315000057220459,AAPL
2018-01-31,0.24063897541810575,0.3126900394184464,0.46883926274983523,0.7619007780318501,0.420155913962057,0.15366907736043295,0.17241698428796629,-0.10847262824238402,0.18282905078334188,0.38292416479022595,89.38409403427565,0.5993519643596157,0.8823529411764706,0.6111111111111112,0.8888888888888888,0.06878287902478135,0.24063897541810575,0.04242906360200127,2.5,0.315000057220459,AMZN
2018-01-31,-0.30260917064683523,0.5801588899399219,2.554744585665096,9.532839912842773,14.10320966309818,1.0181372190800655,1.2129618316916921,-0.4816591134094499,-0.2792713660798273,0.3069927874851319,36.88483726556342,-63.03712742876496,1.0,0.9444444444444444,0.05555555555555555,0.06878287902478135,-0.30260917064683523,0.01729762824029568,2.5,0.315000057220459,BTC-USD
2018-01-31,0.03234937283169237,0.05784373467182102,0.05714286977953553,0.10471655694116411,0.07009950895884343,0.09568465103827625,0.09080105650955587,-0.12565124876677025,0.0363152905865598,0.05112771981147901,62.929568209441406,-0.08164045611300041,0.35294117647058826,0.2777777777777778,0.3888888888888889,0.06878287902478135,0.03234937283169237,-0.020759902030566435,2.5,0.315000057220459,GLD
2018-01-31,0.12228995844442192,0.14440888227119197,0.25036500931745564,0.44139785016872324,0.28433640461918497,0.12471202306600038,0.1367979804347678,-0.08445850168801117,0.0857257677935821,0.18693197264122974,75.70034180258017,0.10202643542813217,0.7647058823529411,0.4444444444444444,0.8333333333333334,0.06878287902478135,0.12228995844442192,-0.06623129809758199,2.5,0.315000057220459,GOOGL
2018-01-31,-0.021502121408108255,-0.02243211418008817,-0.02432814945759265,0.0012804202143554821,0.023283179372089124,0.03069855027130149,0.03361602472520189,-0.07810889319464753,-0.01709686673014399,-0.02324771013159521,27.991884069938934,-0.05817603214470396,0.058823529411764705,0.05555555555555555,0.16666666666666666,0.06878287902478135,-0.021502121408108255,-0.009327800875114423,2.5,0.315000057220459,IEF
2018-01-31,-0.010950568295298613,-0.0026809600838096914,0.054254879715831095,0.2519254478398314,0.2657865296803652,0.21918070963313638,0.14388540489676305,-0.08474442070158028,-0.02371555184564811,0.03473857675921099,36.425288826076205,-0.5789923484953831,0.4117647058823529,0.8333333333333334,0.2777777777777778,0.06878287902478135,-0.010950568295298613,-0.05411614999501646,2.5,0.315000057220459,JNJ
2018-01-31,0.08726889962046624,0.15567562196636509,0.27398914552824194,0.3975088205878541,0.28533872446428243,0.10970330495928239,0.15080734400263315,-0.11728644119648879,0.07724285833802935,0.2208768293418848,72.66076229372966,0.02553680265654501,0.6470588235294118,0.3333333333333333,0.7222222222222222,0.06878287902478135,0.08726889962046624,-0.0014697366691429625,2.5,0.315000057220459,JPM
2018-01-31,-0.012257203210757628,-0.0014355475695372322,0.006765860840698412,0.055895597611056225,0.06899852982309906,0.04545620251935265,0.041039644032092065,-0.05075551504309628,-0.004646257659092212,0.006690602150708713,44.80747652229402,-0.03104293590960225,0.17647058823529413,0.1111111111111111,0.2222222222222222,0.06878287902478135,-0.012257203210757628,-0.022371852726359998,2.5,0.315000057220459,LQD
2018-01-31,0.11070796321995235,0.14795801241835083,0.32043822059115623,0.5024195432163783,0.3526683817597298,0.16437908624464995,0.1663596936680744,-0.05998369382540303,0.09508207521694567,0.24695207383435958,75.44298048044233,0.28680359950812484,0.8235294117647058,0.7222222222222222,0.7777777777777778,0.06878287902478135,0.11070796321995235,-0.008414878868077014,2.5,0.315000057220459,MSFT
2018-01-31,0.2702844711013088,0.18935623535110446,0.5149056770394589,1.2600994900849054,0.7792073677209079,0.30155012205763254,0.33313001607264486,-0.19742712027880727,0.16656057361673815,0.4148370015449141,74.09907955065918,0.03228045526573042,0.9411764705882353,0.8888888888888888,0.9444444444444444,0.06878287902478135,0.2702844711013088,-0.014847947884681023,2.5,0.315000057220459,NVDA
2018-01-31,-0.03255559397841823,-0.0076995001062569735,0.0019023262401727248,0.04774981708407999,0.08300777859963837,0.09242537653051021,0.09981078821107063,-0.17550826731203972,-0.020632774875642634,-0.009387339715184684,41.03123235219081,-0.10940396707771005,0.11764705882352941,0.2222222222222222,0.1111111111111111,0.06878287902478135,-0.03255559397841823,-0.03041415306711248,2.5,0.315000057220459,TLT
2018-01-31,0.035842790282127224,0.1095333395345135,0.14591193353840604,0.06073103526904933,0.024027048525523176,0.17868493707432875,0.146762880246404,-0.18883045882425809,0.038446511881695455,0.11853794122519368,49.31949022424717,-0.16458345589284973,0.23529411764705882,0.7777777777777778,0.4444444444444444,0.06878287902478135,0.035842790282127224,-0.10835008080373798,2.5,0.315000057220459,XLE
2018-01-31,0.06556789465692847,0.12323747841200228,0.1958039781266281,0.29664483753210313,0.21685801912188096,0.09007744069621765,0.11088704167277522,-0.08947653302432867,0.05558625508720261,0.16459066065278205,66.1017207538965,-0.012425488219370728,0.5294117647058824,0.16666666666666666,0.6111111111111112,0.06878287902478135,0.06556789465692847,-0.0292536517974622,2.5,0.315000057220459,XLF
2018-01-31,0.07036725712023673,0.09142500092712758,0.20627481268440295,0.3876816318106424,0.29645373826561383,0.11849776893989171,0.11413460837519993,-0.050157967839224216,0.04895134564908532,0.1539421645539416,63.807161976838465,-0.006030213132100004,0.5882352941176471,0.3888888888888889,0.6666666666666666,0.06878287902478135,0.07036725712023673,-0.004090250322570044,2.5,0.315000057220459,XLK
2018-01-31,0.06555391930166299,0.09052164962979226,0.11125031685234399,0.2684837765536072,0.19044541395421755,0.14730017658396008,0.10984427199294103,-0.052610004149863165,0.041705518812366726,0.09775722532862119,55.87958198997372,0.014715506846803006,0.47058823529411764,0.5555555555555556,0.5555555555555556,0.06878287902478135,0.06555391930166299,-0.044949006857753604,2.5,0.315000057220459,XLV
2018-01-31,0.043759127777106555,0.05708409229117595,0.11146868475641192,0.08026256620235661,0.034973048334428825,0.14314001629043324,0.10850588181369654,-0.15454224320943266,0.031863738194105595,0.0781103525824478,54.78156748075107,-0.13139317647961868,0.29411764705882354,0.5,0.5,0.06878287902478135,0.043759127777106555,-0.12354515066073435,2.5,0.315000057220459,XOM
2018-02-28,0.06818516598552682,0.04071072622580485,0.09444589982975482,0.320809431929429,0.2364985715850365,0.3451770640011259,0.23894817737050258,-0.13449771608992844,0.04233740674962316,0.11281837431943509,63.188567598571964,0.4194012835272507,0.7058823529411765,0.6666666666666666,1.0,-0.035861423072978814,0.06818516598552682,-0.05805030302969416,6.310000419616699,0.14800000190734863,AAPL
2018-02-28,0.04242906360200127,0.28527717182777024,0.5423720057387738,0.7897969214456919,0.7169484082314834,0.36395081828910864,0.255954798940653,-0.10847262824238402,0.13399907835500535,0.37748857963226956,67.64143122656964,0.1349997859146561,0.8823529411764706,0.7222222222222222,0.9444444444444444,-0.035861423072978814,0.04242906360200127,-0.04304936888568922,6.310000419616699,0.14800000190734863,AMZN
2018-02-28,0.01729762824029568,0.01605503317713186,1.210724623809102,7.812004244844518,7.662169261209598,0.9257026935477912,1.0814550877619067,-0.6432719295811571,-0.01949008695909049,0.18891005659188065,51.300568188109416,116.84787828762515,1.0,1.0,0.8888888888888888,-0.035861423072978814,0.01729762824029568,-0.3108512366810833,6.310000419616699,0.14800000190734863,BTC-USD
2018-02-28,-0.020759902030566435,0.032204802436164526,-0.006517244450907067,0.04839383108791018,0.07061979310475008,0.11656062856627712,0.09964928583244143,-0.12565124876677025,-0.002086839606755264,0.023733834961412903,44.20827396255518,-0.26479969480000515,0.35294117647058826,0.16666666666666666,0.5555555555555556,-0.035861423072978814,-0.020759902030566435,0.006320007324218668,6.310000419616699,0.14800000190734863,GLD
2018-02-28,-0.06623129809758199,0.06538526908056763,0.1556469031201464,0.3065227081237536,0.3991930822503511,0.3865749636773271,0.2524883169661862,-0.1514448813985556,-0.0029360222204676267,0.0900506994416499,49.47114191923377,0.1996836436111582,0.6470588235294118,0.8333333333333334,0.2222222222222222,-0.035861423072978814,-0.06623129809758199,-0.06049360739867948,6.310000419616699,0.14800000190734863,GOOGL
2018-02-28,-0.009327800875114423,-0.02883767633774159,-0.0473147756515242,-0.015185475974724416,-0.005912828789163882,0.053488360368950306,0.041471041309910785,-0.07810889319464753,-0.013857000662939933,-0.030070718434455967,43.04525013821305,0.07805086620738777,0.17647058823529413,0.1111111111111111,0.6666666666666666,-0.035861423072978814,-0.009327800875114423,0.011557156696236914,6.310000419616699,0.14800000190734863,IEF
2018-02-28,-0.05411614999501646,-0.06185553598855531,-0.006480927905497258,0.09014299652045654,0.15251253789216612,0.3038010991595486,0.21498785711865936,-0.14702300048699712,-0.056433664555646135,-0.02877299602528105,41.133213040141314,0.3287545725112735,0.4117647058823529,0.3888888888888889,0.2777777777777778,-0.035861423072978814,-0.05411614999501646,-0.01332026042688994,6.310000419616699,0.14800000190734863,JNJ
2018-02-28,-0.0014697366691429625,0.11080829603354325,0.28485371895250755,0.30321522687792557,0.3051334293371466,0.3213511882209889,0.22567615440463792,-0.11728644119648879,0.03330991173788722,0.1850273996902727,54.31818312001782,0.14462015740938505,0.5882352941176471,0.5555555555555556,0.8333333333333334,-0.035861423072978814,-0.0014697366691429625,-0.04787855697063337,6.310000419616699,0.14800000190734863,JPM
2018-02-28,-0.022371852726359998,-0.022569617941137876,-0.02237802881296913,0.0188145954414205,0.042128950851751945,0.05215287687479945,0.0465667943544994,-0.05075551504309628,-0.018291041066256897,-0.017159260511544483,39.41585076641184,0.032693109754596716,0.29411764705882354,0.05555555555555555,0.5,-0.035861423072978814,-0.022371852726359998,0.005568053724402278,6.310000419616699,0.14800000190734863,LQD
2018-02-28,-0.008414878868077014,0.11928815020116046,0.26633207498644795,0.49630623538439345,0.5090043239821074,0.37545470757584704,0.2592976383298323,-0.10525197146293619,0.049139418376920485,0.19955320848224023,57.386246668557426,0.26490005069422473,0.8235294117647058,0.7777777777777778,0.7222222222222222,-0.035861423072978814,-0.008414878868077014,-0.026661032296583786,6.310000419616699,0.14800000190734863,MSFT
2018-02-28,-0.014847947884681023,0.20646913837762382,0.43011448374540207,1.3924657276808992,1.4285243303749868,0.5473447562894159,0.43135231807769836,-0.19742712027880727,0.07760811309618876,0.30109573771211884,55.03932884929279,-0.0014159105814464112,0.9411764705882353,0.8888888888888888,0.6111111111111112,-0.035861423072978814,-0.014847947884681023,-0.043016499597279045,6.310000419616699,0.14800000190734863,NVDA
2018-02-28,-0.03041415306711248,-0.04497674099705018,-0.060591008704241056,3.6636827914326986e-05,0.03140597605807938,0.11689952142814491,0.10691852188736503,-0.17550826731203972,-0.028480384225549882,-0.0387923475310914,44.47306675119336,0.16042930364880936,0.23529411764705882,0.2222222222222222,0.3888888888888889,-0.035861423072978814,-0.03041415306711248,0.028596378721879923,6.310000419616699,0.14800000190734863,TLT
2018-02-28,-0.10835008080373798,-0.02772198574312479,0.08097733153814901,-0.034058775065630376,0.08331891714303552,0.2885378670713167,0.21299923908785182,-0.18883045882425809,-0.07668718671730934,-0.006350795951479027,36.21271097096868,0.014426880338631376,0.058823529411764705,0.3333333333333333,0.16666666666666666,-0.035861423072978814,-0.10835008080373798,0.017230469268995963,6.310000419616699,0.14800000190734863,XLE
2018-02-28,-0.0292536517974622,0.053926760543132835,0.1791507145704454,0.19562380720637318,0.23165419001598608,0.3073532641298413,0.20181066278839044,-0.09976800019400678,0.0034686630060778434,0.10835756893935877,50.08005876046,0.0407656553487397,0.5294117647058824,0.4444444444444444,0.4444444444444444,-0.035861423072978814,-0.0292536517974622,-0.04155314370416341,6.310000419616699,0.14800000190734863,XLF
2018-02-28,-0.004090250322570044,0.07180730307725036,0.1672381980071409,0.32207931946030954,0.3275091642475878,0.3171559106724872,0.2064425090824302,-0.10377239484295275,0.027851734055280408,0.12665292075350032,56.56669994825191,0.13994262050183964,0.7647058823529411,0.5,0.7777777777777778,-0.035861423072978814,-0.004090250322570044,-0.03733807458362948,6.310000419616699,0.14800000190734863,XLK
2018-02-28,-0.044949006857753604,0.01205634361628416,0.043022412710193914,0.13925343040346516,0.1928718346809608,0.25971046592200236,0.17645481054233786,-0.11568755512386819,-0.014964258987933743,0.03595138262927966,45.915359623839535,0.09224076503216538,0.47058823529411764,0.2777777777777778,0.3333333333333333,-0.035861423072978814,-0.044949006857753604,-0.029165797583656006,6.310000419616699,0.14800000190734863,XLV
2018-02-28,-0.12354515066073435,-0.08134832487028565,0.011694273023695745,-0.032127068366685996,0.10430438300725475,0.32690207891409173,0.21598090200289569,-0.15454224320943266,-0.07972005015601535,-0.05371401160725475,37.331398959126886,0.13533646811933364,0.11764705882352941,0.6111111111111112,0.1111111111111111,-0.035861423072978814,-0.12354515066073435,-0.014919700520717782,6.310000419616699,0.14800000190734863,XOM
2018-03-29,-0.05805030302969416,-0.004526035004168483,0.09700017580896314,0.18637189653829833,0.25948540601918957,0.264736906865613,0.2669473550965295,-0.13449771608992844,-0.02107237168344711,0.032385960981419215,42.68842060909184,-0.31227059494903914,0.5882352941176471,0.5555555555555556,0.2222222222222222,-0.06698366667933925,-0.05805030302969416,-0.015019675166572655,0.11999893188476562,-0.127000093460083,AAPL
2018-03-29,-0.04304936888568922,0.23760331832053505,0.5055285828690634,0.6325715097610967,0.7060143508762478,0.33180182601824126,0.3049784055807427,-0.10847262824238402,-0.015070219879537938,0.25152907593267315,41.621711417616524,-1.066206886716414,0.8823529411764706,0.7222222222222222,0.3333333333333333,-0.06698366667933925,-0.04304936888568922,0.08207479647163018,0.11999893188476562,-0.127000093460083,AMZN
2018-03-29,-0.3108512366810833,-0.5110806280058654,0.7212539058619392,5.685731285187511,8.701434060462153,0.7138838825407658,0.9233973399193349,-0.6432719295811571,-0.24384603521399761,-0.24150168094433033,31.302980643972518,-79.63679419605165,1.0,0.9444444444444444,0.1111111111111111,-0.06698366667933925,-0.3108512366810833,0.28955294707030577,0.11999893188476562,-0.127000093460083,BTC-USD
2018-03-29,0.006320007324218668,0.01730690952883296,0.03462739777157431,0.05955188360957764,0.05289756329788298,0.1132313773093435,0.10818985817642297,-0.1167637526378753,-0.0036388257282476966,0.025304128100547496,48.894223681202334,0.09826219737240892,0.4117647058823529,0.2222222222222222,0.8333333333333334,-0.06698366667933925,0.006320007324218668,-0.009539745360543916,0.11999893188476562,-0.127000093460083,GLD
2018-03-29,-0.06049360739867948,-0.015435597037740223,0.06513162096753278,0.22333111264725214,0.30209982846425665,0.34717262861072656,0.30980311455821863,-0.1535753810655739,-0.06432006083048714,0.011997296703088578,40.65635195777514,-0.5817110944170213,0.6470588235294118,0.7777777777777778,0.16666666666666666,-0.06698366667933925,-0.06049360739867948,-0.017895331336478026,0.11999893188476562,-0.127000093460083,GOOGL
2018-03-29,0.011557156696236914,-0.01942618633275328,-0.022208978055639372,-0.00460538421684864,-0.015977882026827483,0.03852665672044382,0.04264337632527246,-0.06335433428190074,0.007338926046245309,-0.015743785710269687,62.724577796055726,0.10626052171252394,0.11764705882352941,0.05555555555555555,0.8888888888888888,-0.06698366667933925,0.011557156696236914,-0.012765470183757621,0.11999893188476562,-0.127000093460083,IEF
2018-03-29,-0.01332026042688994,-0.07693556410896951,-0.0019200584486285255,0.055413674087873455,0.06966184847831292,0.23234836053534438,0.24526100498766046,-0.15012105571127587,-0.03588742872293493,-0.04468076254224718,44.22276511938976,-0.1953362011783153,0.35294117647058826,0.4444444444444444,0.7222222222222222,-0.06698366667933925,-0.01332026042688994,-0.012953179403097925,0.11999893188476562,-0.127000093460083,JNJ
2018-03-29,-0.04787855697063337,0.03369054458137044,0.16416140343830787,0.28008896620339296,0.34445975938797435,0.2696587605900805,0.2495157773805129,-0.11728644119648879,-0.034822501997528454,0.09306884466616472,42.88471738915551,-0.6213193044705083,0.7647058823529411,0.6666666666666666,0.2777777777777778,-0.06698366667933925,-0.04787855697063337,-0.005804939770341133,0.11999893188476562,-0.127000093460083,JPM
2018-03-29,0.005568053724402278,-0.028978075460188935,-0.016448135989035828,0.027520073636273068,0.021830466700454076,0.03988091788026126,0.045756169790275046,-0.042791780126838375,0.0008102589455902809,-0.011136905675309228,59.4330786792805,0.1318633208144429,0.23529411764705882,0.1111111111111111,0.7777777777777778,-0.06698366667933925,0.005568053724402278,-0.015658821689051305,0.11999893188476562,-0.127000093460083,LQD
2018-03-29,-0.026661032296583786,0.071998055989835,0.23720308616709906,0.41483917697903006,0.45359347968707064,0.384422258780988,0.31730075579671524,-0.10525197146293619,-0.008423840637978075,0.13104255103796492,48.25112871543895,-0.46857202476298043,0.8235294117647058,0.8333333333333334,0.6111111111111112,-0.06698366667933925,-0.026661032296583786,0.02465220898977427,0.11999893188476562,-0.127000093460083,MSFT
2018-03-29,-0.043016499597279045,0.19759150129486502,0.2971691902852125,1.1329617565516803,1.228838590899509,0.49159106604386965,0.46175543114647344,-0.19742712027880727,-0.02936011024252183,0.179497306528146,45.629027057839,-0.06801284684508133,0.9411764705882353,0.8888888888888888,0.3888888888888889,-0.06698366667933925,-0.043016499597279045,-0.028887394850422687,0.11999893188476562,-0.127000093460083,NVDA
2018-03-29,0.028596378721879923,-0.03515560951193919,-0.010747763815427303,0.03541760447595088,0.006631586397909395,0.08657305089955701,0.09890382232707445,-0.14826294413131524,0.01856123065188764,-0.00967303469855929,64.18817515888813,0.272087482890925,0.29411764705882354,0.16666666666666666,1.0,-0.06698366667933925,0.028596378721879923,-0.020881686097746543,0.11999893188476562,-0.127000093460083,TLT
2018-03-29,0.017230469268995963,-0.06047664083718174,-0.002014854983612091,-0.002593878748889944,-0.01948855113643222,0.20745311288563806,0.22987747772402367,-0.18883045882425809,-0.027624101333665108,0.006541019874221288,49.036941519949615,0.04685324308332231,0.17647058823529413,0.3888888888888889,0.9444444444444444,-0.06698366667933925,0.017230469268995963,0.09494127848751766,0.11999893188476562,-0.127000093460083,XLE
2018-03-29,-0.04155314370416341,-0.008586269056258367,0.07497508332071501,0.1808493928454562,0.23204472432530188,0.25766803253676807,0.2353948254191479,-0.10780148387025479,-0.040866198650677865,0.040475291398123225,42.04842921884491,-0.14332259547346077,0.5294117647058824,0.5,0.4444444444444444,-0.06698366667933925,-0.04155314370416341,-0.004352188720826211,0.11999893188476562,-0.127000093460083,XLF
2018-03-29,-0.03733807458362948,0.026187203328192687,0.11454087008130309,0.2450014658503965,0.2932904407867887,0.2674919956748295,0.24641088135919156,-0.10377239484295275,-0.02655703355135719,0.061768220499240245,43.280343136328604,-0.25428479372459556,0.7058823529411765,0.6111111111111112,0.5,-0.06698366667933925,-0.03733807458362948,0.0006113969692367327,0.11999893188476562,-0.127000093460083,XLK
2018-03-29,-0.029165797583656006,-0.012022487953643135,0.003456779541233246,0.11136750435577847,0.1447552028859882,0.19193616090071733,0.20082266369538865,-0.12661290850371443,-0.0404152189630409,-0.005169510600676164,41.11374239415207,-0.3370978314458988,0.47058823529411764,0.2777777777777778,0.5555555555555556,-0.06698366667933925,-0.029165797583656006,0.010565099117168186,0.11999893188476562,-0.127000093460083,XLV
2018-03-29,-0.014919700520717782,-0.09884090856797367,-0.07208461986219361,-0.05458892272889648,-0.04027003913198546,0.20201391300913257,0.2381043295109137,-0.17419427503651053,-0.04531104339609027,-0.06189174497951455,47.23698744879385,0.13253354349421487,0.058823529411764705,0.3333333333333333,0.6666666666666666,-0.06698366667933925,-0.014919700520717782,0.0420854308296128,0.11999893188476562,-0.127000093460083,XOM
2018-04-30,-0.015019675166572655,-0.008935753686925119,-0.014846508950630444,0.16863497171574005,0.18645514255665052,0.256024258277576,0.28936213591380205,-0.13449771608992844,-0.04250036604070273,-0.0003132529663215644,42.63622993268522,-0.22147233899069818,0.5882352941176471,0.6666666666666666,0.2777777777777778,0.06313461715965782,-0.015019675166572655,0.1351239458729363,-4.039999008178711,0.19500017166137695,AAPL
2018-04-30,0.08207479647163018,0.07942712208682012,0.4169532314414881,0.6931318788498444,0.5647087284268291,0.4012306937222911,0.3632810017227198,-0.14164251997263255,0.04252944921546642,0.29738360646153383,59.53085652072716,0.5540002658385993,0.8823529411764706,0.8333333333333334,0.8333333333333334,0.06313461715965782,0.08207479647163018,0.04053941088038626,-4.039999008178711,0.19500017166137695,AMZN
2018-04-30,0.28955294707030577,-0.09593388599677866,0.4285681071356293,6.019134314064754,4.443075703104166,0.7335186885258268,0.7212069002033633,-0.6596305306727088,0.1359576333911663,-0.0814052481048807,58.59005662566983,92.12430313244266,1.0,0.9444444444444444,0.9444444444444444,0.06313461715965782,0.28955294707030577,-0.18899090635565918,-4.039999008178711,0.19500017166137695,BTC-USD
2018-04-30,-0.009539745360543916,-0.02397183824058091,0.032485275780456124,0.0316303701333549,0.04156665075761712,0.09867168805770311,0.10826296939323124,-0.1167637526378753,-0.012529078288055606,0.007865347595764405,40.29360627579824,-0.31222312738745506,0.29411764705882354,0.2222222222222222,0.4444444444444444,0.06313461715965782,-0.009539745360543916,-0.011959209467577336,-4.039999008178711,0.19500017166137695,GLD
2018-04-30,-0.017895331336478026,-0.13841758141594074,-0.01399742736370646,0.10173925321707888,0.12181449530869193,0.27930788250568483,0.3354726659191374,-0.1535753810655739,-0.052026883025295345,-0.014559003276783833,41.90890194595759,-0.050408539461666235,0.4117647058823529,0.7777777777777778,0.16666666666666666,0.06313461715965782,-0.017895331336478026,0.07993477710055985,-4.039999008178711,0.19500017166137695,GOOGL
2018-04-30,-0.012765470183757621,-0.010670999840095341,-0.03286374093335487,-0.028088835129403744,-0.015521504245296525,0.03567118860388706,0.04340752699404461,-0.059524476447691654,-0.004139364096204523,-0.0252578910383352,42.881199687294334,-0.07852984814420308,0.058823529411764705,0.05555555555555555,0.3888888888888889,0.06313461715965782,-0.012765470183757621,0.009861688408114855,-4.039999008178711,0.19500017166137695,IEF
2018-04-30,-0.012953179403097925,-0.0788045698768044,-0.08127425805435262,0.05085486772114223,0.0646454107269736,0.21301230270099367,0.2502760421553807,-0.15378972783582567,-0.023242584260559918,-0.055196507889287094,42.900732260176035,-0.08189606455769893,0.35294117647058826,0.4444444444444444,0.3333333333333333,0.06313461715965782,-0.012953179403097925,-0.04729904238166216,-4.039999008178711,0.19500017166137695,JNJ
2018-04-30,-0.005804939770341133,-0.05479680915398122,0.09234828546556573,0.27760494402436775,0.2850646670173973,0.23581711735755329,0.2737699726832303,-0.11728644119648879,-0.030544211078124994,0.062099573059129165,43.53139456969721,-0.061304438461505406,0.7647058823529411,0.5555555555555556,0.5,0.06313461715965782,-0.005804939770341133,-0.016271338177748285,-4.039999008178711,0.19500017166137695,JPM
2018-04-30,-0.015658821689051305,-0.032322110093577106,-0.03371125773652728,-0.000452942314886573,0.015447773301790368,0.03608568041210326,0.043590199598997896,-0.0483317251735923,-0.008406467595368228,-0.025525956562950203,36.93820181158151,-0.11793617716331356,0.23529411764705882,0.1111111111111111,0.2222222222222222,0.06313461715965782,-0.015658821689051305,0.005213030331106205,-4.039999008178711,0.19500017166137695,LQD
2018-04-30,0.02465220898977427,-0.0110585208029087,0.1352632948571566,0.39466086716997784,0.3611065832230067,0.2786008901410249,0.34411590266556746,-0.10525197146293619,0.004774622628131997,0.12331965053133853,50.29686628276846,-0.0062483663879342455,0.8235294117647058,0.7222222222222222,0.7222222222222222,0.06313461715965782,0.02465220898977427,0.06146698000934481,-4.039999008178711,0.19500017166137695,MSFT
2018-04-30,-0.028887394850422687,-0.08446003301988148,0.08890316844094825,1.163295389995879,1.2276462879015702,0.408387855663045,0.4779826071260973,-0.1446424181132282,-0.04377671783079762,0.10156832363151369,46.7186919683827,-0.001417752042783077,0.9411764705882353,0.8888888888888888,0.05555555555555555,0.06313461715965782,-0.028887394850422687,0.12203666342904862,-4.039999008178711,0.19500017166137695,NVDA
2018-04-30,-0.020881686097746543,-0.023513075363585045,-0.031031536543581706,-0.0019066173485490223,0.019379750618260694,0.09168323194870018,0.09961572200750993,-0.1438245445657329,-0.0012601323322394276,-0.027825105679119888,47.32204803423464,-0.17991861896716924,0.17647058823529413,0.16666666666666666,0.1111111111111111,0.06313461715965782,-0.020881686097746543,0.020044470768976197,-4.039999008178711,0.19500017166137695,TLT
2018-04-30,0.09494127848751766,-0.006873516230744281,0.10190694411667112,0.12526349174376628,0.027693004046878134,0.20636293177417547,0.24388898087375124,-0.18883045882425809,0.07188810873064777,0.08828290003650441,64.0701206168267,0.06263161861469363,0.5294117647058824,0.3888888888888889,0.8888888888888888,0.06313461715965782,0.09494127848751766,0.02994159426188925,-4.039999008178711,0.19500017166137695,XLE
2018-04-30,-0.004352188720826211,-0.07364052892747519,0.04052167639057891,0.18570352390043676,0.19088648663535546,0.18670181029394972,0.2515823838264681,-0.10780148387025479,-0.02481143016425358,0.022493881688425477,44.754903586040214,0.029914600788445947,0.6470588235294118,0.3333333333333333,0.5555555555555556,0.06313461715965782,-0.004352188720826211,-0.009836386704261457,-4.039999008178711,0.19500017166137695,XLF
2018-04-30,0.0006113969692367327,-0.04068944164382937,0.04701552704328682,0.22125045680987698,0.2205042442140237,0.21751570797485656,0.2663763334588091,-0.10377239484295275,-0.021833365470517063,0.04300362363497423,46.277482065255796,-0.01771676749132861,0.7058823529411765,0.5,0.6111111111111112,0.06313461715965782,0.0006113969692367327,0.0678277560668572,-4.039999008178711,0.19500017166137695,XLK
2018-04-30,0.010565099117168186,-0.06300791137721484,0.02181015817498433,0.10615103878105714,0.0945866226207428,0.18599096635465223,0.2135372176139069,-0.12792808556032798,-0.009425686711080794,0.0007518152937537881,48.92833831067654,0.1524811919606792,0.47058823529411764,0.2777777777777778,0.6666666666666666,0.06313461715965782,0.010565099117168186,0.0018238556130494299,-4.039999008178711,0.19500017166137695,XLV
2018-04-30,0.0420854308296128,-0.10028594236973609,-0.048926582068301694,-0.01045742772767444,-0.05042087433796816,0.24528273391236102,0.2650942933044823,-0.17419427503651053,0.022178867238903832,-0.020399264394217465,51.05557632415738,0.011311636133728653,0.11764705882352941,0.6111111111111112,0.7777777777777778,0.06313461715965782,0.0420854308296128,0.05547817324863136,-4.039999008178711,0.19500017166137695,XOM
2018-05-31,0.1351239458729363,0.05317017471456631,0.09604549736655432,0.24230754273455712,0.0944245756168891,0.2149223241648971,0.24908422791397927,-0.13449771608992844,0.061166251922852855,0.10960247587710081,60.497570388124636,-0.1119603600918252,0.6470588235294118,0.7222222222222222,1.0,0.012066111222087315,0.1351239458729363,-0.009418731637167332,-0.5,-0.11400008201599121,AAPL
2018-05-31,0.04053941088038626,0.07747040150960571,0.384848110380398,0.6384348687469044,0.5746014534525385,0.11133617025959078,0.3041285889268268,-0.14164251997263255,0.06546602305265825,0.28127385567518925,65.37547691569986,0.015941818687855713,0.8823529411764706,0.2777777777777778,0.6666666666666666,0.012066111222087315,0.04053941088038626,0.043065192317739864,-0.5,-0.11400008201599121,AMZN
2018-05-31,-0.18899090635565918,-0.27926123156248683,-0.26768974672317736,2.277701816364633,3.041510560178791,0.4580022026314185,0.6002947612877186,-0.6596305306727088,-0.12204029459599663,-0.27909261376602423,38.75177750255576,-50.734400876520226,1.0,0.9444444444444444,0.05555555555555555,0.012066111222087315,-0.18899090635565918,-0.1702483571213561,-0.5,-0.11400008201599121,BTC-USD
2018-05-31,-0.011959209467577336,-0.015200012207031266,0.016515276838978687,0.020560401849347043,0.03291322749883707,0.0756833714246603,0.09657728951301507,-0.1167637526378753,-0.017280237526889675,-0.007471392334933991,42.50651311824208,0.11073147844639186,0.29411764705882354,0.16666666666666666,0.2777777777777778,0.012066111222087315,-0.011959209467577336,-0.03614944763120931,-0.5,-0.11400008201599121,GLD
2018-05-31,0.07993477710055985,-0.003551077186807805,0.0616020037563747,0.1143867838091368,0.03190193281956799,0.20513584269205265,0.2779411341643538,-0.1535753810655739,0.04240111253117984,0.05131388241554857,58.54936753077961,0.006471467561288913,0.47058823529411764,0.6666666666666666,0.8888888888888888,0.012066111222087315,0.07993477710055985,0.02653633561975255,-0.5,-0.11400008201599121,GOOGL
2018-05-31,0.009861688408114855,0.008492471450334271,-0.020590108030399512,-0.026552172768781412,-0.036058265795088196,0.055739810061362964,0.0436815601481928,-0.06492904147031964,0.006942817051976524,-0.011541631026044219,62.70381086705072,0.19588477763497686,0.11764705882352941,0.1111111111111111,0.5,0.012066111222087315,0.009861688408114855,0.0019744474920824207,-0.5,-0.11400008201599121,IEF
2018-05-31,-0.04729904238166216,-0.07216539490828489,-0.12955710171496249,-0.04251285185241305,0.005023812027243224,0.161059551355324,0.19775068064787427,-0.18282850760420133,-0.04574638512919149,-0.09477460637629354,36.80449750793933,-0.17939549882737005,0.058823529411764705,0.5,0.16666666666666666,0.012066111222087315,-0.04729904238166216,0.014378745638862656,-0.5,-0.11400008201599121,JNJ
2018-05-31,-0.016271338177748285,-0.06880792277701342,0.034375884580001514,0.33101728534592567,0.3530329419093665,0.23052032993917657,0.23989197534357024,-0.11202139552126256,-0.030878229613816033,0.02267237675831235,39.15212324748719,-0.5175999033194305,0.7647058823529411,0.8333333333333334,0.2222222222222222,0.012066111222087315,-0.016271338177748285,-0.02625935400237811,-0.5,-0.11400008201599121,JPM
2018-05-31,0.005213030331106205,-0.0050179847931700605,-0.027474348734691567,-0.008460664526050654,-0.013602783136080987,0.04921736312827272,0.042490952714219016,-0.053176548586027494,0.0009033338432740123,-0.017596536394169027,56.098365099038226,0.1455036886117606,0.17647058823529413,0.05555555555555555,0.4444444444444444,0.012066111222087315,0.005213030331106205,-0.004872563618102732,-0.5,-0.11400008201599121,LQD
2018-05-31,0.06146698000934481,0.058637027682520326,0.18491988044922292,0.44286399308135116,0.35931123648203234,0.1283717487427663,0.28087946844899236,-0.10525197146293619,0.04954328304079292,0.15388313361168304,61.780694918534444,0.05326379204608278,0.8235294117647058,0.3888888888888889,0.7777777777777778,0.012066111222087315,0.06146698000934481,-0.002326728881846818,-0.5,-0.11400008201599121,MSFT
2018-05-31,0.12203666342904862,0.042752139205882056,0.2580482749291446,0.7519966181497098,0.5614432890235912,0.28289076701670096,0.3914859238571599,-0.1446424181132282,0.06805560878944017,0.1843686335018182,59.97522188840491,-0.0006416619902534504,0.9411764705882353,0.8888888888888888,0.9444444444444444,0.012066111222087315,0.12203666342904862,-0.06062895276992253,-0.5,-0.11400008201599121,NVDA
2018-05-31,0.020044470768976197,0.027304690352521366,-0.018900126630518987,-0.0007639846666152028,-0.02039955710941188,0.11575165171172089,0.09817076440269373,-0.124252938626225,0.016304053071982905,-0.005051242470900497,62.0735513251717,0.4059056630587215,0.23529411764705882,0.3333333333333333,0.5555555555555556,0.012066111222087315,0.020044470768976197,0.0064574158694479245,-0.5,-0.11400008201599121,TLT
2018-05-31,0.02994159426188925,0.14715680669721265,0.11535534205682385,0.20146036011219226,0.1665325168008409,0.19686267301210422,0.20229071181429287,-0.18883045882425809,0.04427954134659906,0.09884526171272556,53.16686292160477,-0.15313932205459624,0.5882352941176471,0.6111111111111112,0.6111111111111112,0.012066111222087315,0.02994159426188925,0.0056955488720427105,-0.5,-0.11400008201599121,XLE
2018-05-31,-0.009836386704261457,-0.05511110828662669,-0.004156311283333491,0.18817927519744848,0.19998276975925133,0.17913894726710577,0.20504439570294683,-0.10780148387025479,-0.017417590738830424,-8.650498488549374e-05,40.790645124519266,-0.09219227120250792,0.5294117647058824,0.5555555555555556,0.3333333333333333,0.012066111222087315,-0.009836386704261457,-0.017469325231370014,-0.5,-0.11400008201599121,XLF
2018-05-31,0.0678277560668572,0.028585613538279375,0.10244557243052221,0.25448693083128493,0.17480269987732067,0.11095807024349642,0.20609064732642607,-0.10377239484295275,0.0412198424656407,0.09072106072089059,61.4797096412171,-0.010618831020995534,0.7058823529411765,0.2222222222222222,0.8333333333333334,0.012066111222087315,0.0678277560668572,-0.002631523964361948,-0.5,-0.11400008201599121,XLK
2018-05-31,0.0018238556130494299,-0.017119469386079778,-0.005269523975242607,0.09972028996119198,0.09771821044153173,0.14003674070569616,0.16887985171301997,-0.12792808556032798,0.005103214874479178,-0.0018914050479947875,49.097435928860335,-0.002293053192134853,0.4117647058823529,0.4444444444444444,0.3888888888888889,0.012066111222087315,0.0018238556130494299,0.016493160608514135,-0.5,-0.11400008201599121,XLV
2018-05-31,0.05547817324863136,0.0834882717684804,-0.004651684156486202,0.04945121014461318,-0.005710173129841234,0.22069875481816037,0.22181165327214453,-0.17419427503651053,0.047847956070011355,0.030185550044127485,56.89285632222622,-0.13761761501523817,0.35294117647058826,0.7777777777777778,0.7222222222222222,0.012066111222087315,0.05547817324863136,0.018341222649816746,-0.5,-0.11400008201599121,XOM
2018-06-29,-0.009418731637167332,0.10754390688396698,0.10253112439275647,0.3052870401147385,0.3176980847538444,0.13825609529856717,0.21353867146680408,-0.13449771608992844,0.00798192652920493,0.07915927944310952,46.17934457531299,-0.1971402386724503,0.7647058823529411,0.5,0.3888888888888889,-0.0245699175144987,-0.009418731637167332,0.02798334802234126,0.6599998474121094,0.026999950408935547,AAPL
2018-06-29,0.043065192317739864,0.17443035724696565,0.45347890726521634,0.7559916360400607,0.6834917404713359,0.20197113351288695,0.23935990096247287,-0.14164251997263255,0.04428919145604859,0.2603746305445489,55.39327583002891,-0.4036545797358595,0.9411764705882353,0.7777777777777778,1.0,-0.0245699175144987,0.043065192317739864,0.04567600755093726,0.6599998474121094,0.026999950408935547,AMZN
2018-06-29,-0.1702483571213561,-0.1322132331526722,-0.575722238928184,1.5065298787455146,2.0208194226041556,0.6374114245706367,0.49300034447488295,-0.6972191254663458,-0.14839441553499144,-0.3694558237379396,39.58786176876387,6.023600747222588,1.0,0.9444444444444444,0.1111111111111111,-0.0245699175144987,-0.1702483571213561,0.2512166003223537,0.6599998474121094,0.026999950408935547,BTC-USD
2018-06-29,-0.03614944763120931,-0.05676126351603428,-0.04043671603961563,0.005338119816405751,0.04304356867945347,0.07221692017654392,0.07930196944287828,-0.1167637526378753,-0.03447725054857331,-0.04076873284907534,26.778171912584085,-0.2744279835748833,0.29411764705882354,0.16666666666666666,0.2222222222222222,-0.0245699175144987,-0.03614944763120931,-0.022418909632539674,0.6599998474121094,0.026999950408935547,GLD
2018-06-29,0.02653633561975255,0.0887536624681251,0.07194809966090321,0.21460079270439736,0.1832029228377039,0.2026880218705017,0.22718429986912456,-0.1535753810655739,0.02518348652991631,0.056995453807243246,48.90320884502272,-0.37066727901864716,0.6470588235294118,0.8333333333333334,0.9444444444444444,-0.0245699175144987,0.02653633561975255,0.08681441099932097,0.6599998474121094,0.026999950408935547,GOOGL
2018-06-29,0.0019744474920824207,-0.0010612052989367182,-0.02046677645981554,-0.019634700189823273,-0.02156656563048376,0.03965761620129538,0.04453820479962271,-0.06492904147031964,0.010023647348416098,-0.0053219058698974475,60.79790448304295,0.053525840591806095,0.11764705882352941,0.1111111111111111,0.6111111111111112,-0.0245699175144987,0.0019744474920824207,-0.005277628681111923,0.6599998474121094,0.026999950408935547,IEF
2018-06-29,0.014378745638862656,-0.04611834506659063,-0.11950576828208992,-0.058406335410352894,-0.07175335776911917,0.11248603491807468,0.15611903853077638,-0.18282850760420133,-0.013733780235796966,-0.07651548280958786,44.38134960317164,0.014443807679246634,0.058823529411764705,0.3888888888888889,0.7777777777777778,-0.0245699175144987,0.014378745638862656,0.09213789838867048,0.6599998474121094,0.026999950408935547,JNJ
2018-06-29,-0.02625935400237811,-0.04766394931931861,-0.01557922914741472,0.16489921304886979,0.1963136363229463,0.160409795226754,0.204941652057165,-0.12634873094497556,-0.04805237736759049,-0.022143647668962263,35.46726055239084,-0.3129619012342775,0.5294117647058824,0.5555555555555556,0.2777777777777778,-0.0245699175144987,-0.02625935400237811,0.10916203857743789,0.6599998474121094,0.026999950408935547,JPM
2018-06-29,-0.004872563618102732,-0.015348689358587686,-0.0438819893403285,-0.0180081844130231,-0.01319993833420896,0.03892958895751837,0.0420686358482317,-0.053176548586027494,0.0013142768486902323,-0.019346207352277767,51.972523379180004,0.02304110925229491,0.17647058823529413,0.05555555555555555,0.4444444444444444,-0.0245699175144987,-0.004872563618102732,0.013438249504193589,0.6599998474121094,0.026999950408935547,LQD
2018-06-29,-0.002326728881846818,0.08510385526519193,0.1632292233913608,0.45851063614999443,0.4619121092773717,0.16394029311747296,0.18974679288625096,-0.10525197146293619,0.006767063962532571,0.11290879118083597,46.63003917230577,-0.48480271070533754,0.8235294117647058,0.6111111111111112,0.5555555555555556,-0.0245699175144987,-0.002326728881846818,0.0757530110247564,0.6599998474121094,0.026999950408935547,MSFT
2018-06-29,-0.06062895276992253,0.023561188458341764,0.22580818035298167,0.6433845888112419,0.7494520335250789,0.29179022096689605,0.31888471992455614,-0.1446424181132282,-0.042455772818690174,0.06467410847471444,36.31391375749896,-0.08904802366812599,0.8823529411764706,0.8888888888888888,0.16666666666666666,-0.0245699175144987,-0.06062895276992253,0.03360051231671157,0.6599998474121094,0.026999950408935547,NVDA
2018-06-29,0.0064574158694479245,0.005193529115395057,-0.030144662078113837,-0.0022125922914242313,-0.008614381516959035,0.08491403545549807,0.0979735696009878,-0.124252938626225,0.02212613129625418,0.005176503811888056,61.23877633957193,0.12141599523057461,0.23529411764705882,0.2222222222222222,0.7222222222222222,-0.0245699175144987,0.0064574158694479245,-0.014368298475707975,0.6599998474121094,0.026999950408935547,TLT
2018-06-29,0.0056955488720427105,0.13414858206392521,0.06555908561044621,0.2096541074008922,0.20280348138917725,0.17988711549220035,0.1888644253017562,-0.18883045882425809,0.01064411702835022,0.08204930441076352,54.20195976362666,0.0002699570566853486,0.5882352941176471,0.7222222222222222,0.6666666666666666,-0.0245699175144987,0.0056955488720427105,0.015538379422786353,0.6599998474121094,0.026999950408935547,XLE
2018-06-29,-0.017469325231370014,-0.031367973865035204,-0.039684909057938644,0.09603422486431956,0.11552163511069802,0.11198914047697273,0.15402571520780378,-0.11930528654456751,-0.033230586765494396,-0.02922768093352901,34.4923716384541,-0.08712834669221459,0.47058823529411764,0.3333333333333333,0.3333333333333333,-0.0245699175144987,-0.017469325231370014,0.051147274341163396,0.6599998474121094,0.026999950408935547,XLF
2018-06-29,-0.002631523964361948,0.06566889035643775,0.0935757782687312,0.28738466564235265,0.2907813877970933,0.13644543889586472,0.15360969212455344,-0.10377239484295275,0.004254707219299103,0.0639290814430129,44.247651441908204,-0.18473794026596724,0.7058823529411765,0.4444444444444444,0.5,-0.0245699175144987,-0.002631523964361948,0.02087244935156174,0.6599998474121094,0.026999950408935547,XLK
2018-06-29,0.016493160608514135,0.029106035384458995,0.016733620471028,0.06903423197649516,0.05168856358711538,0.0913406945912008,0.13406457359383786,-0.12792808556032798,0.00581255805039449,0.007950555762025635,46.733882664373866,-0.2295029390896744,0.4117647058823529,0.2777777777777778,0.8333333333333334,-0.0245699175144987,0.016493160608514135,0.06554035175166306,0.6599998474121094,0.026999950408935547,XLV
2018-06-29,0.018341222649816746,0.12007190884102825,0.009362983709716444,0.0656545461215714,0.04646116882967877,0.1759957593636761,0.2102398069571034,-0.17419427503651053,0.030668627068549004,0.04029508320223041,58.09365821035791,0.013682200467838579,0.35294117647058826,0.6666666666666666,0.8888888888888888,-0.0245699175144987,0.018341222649816746,-0.01474683920348685,0.6599998474121094,0.026999950408935547,XOM
2018-07-31,0.02798334802234126,0.15589790453211894,0.14556908556998693,0.2993206965971762,0.2639511127265244,0.15330899629304479,0.17311656239555864,-0.13449771608992844,0.005788475591249176,0.08485522588646899,50.82053211280411,-0.04332060837250484,0.7647058823529411,0.4444444444444444,0.5,0.04595311760578035,0.02798334802234126,0.20042252623992018,-3.260000228881836,0.11500000953674316,AAPL
2018-07-31,0.04567600755093726,0.13492491565006692,0.2250687354847789,0.7994290582473356,0.7208284834436933,0.2110238750596686,0.1776305622939573,-0.14164251997263255,0.033368333300081154,0.23942170037155064,51.16537201653608,-0.37556452849064415,0.9411764705882353,0.6666666666666666,0.6111111111111112,0.04595311760578035,0.04567600755093726,0.13236448128539746,-3.260000228881836,0.11500000953674316,AMZN
2018-07-31,0.2512166003223537,-0.1580111458888055,-0.23878640862966716,1.7059198924583736,1.1626310678432823,0.5623593868255454,0.5331894883311086,-0.6972191254663458,0.13382241166345876,-0.08274283708629382,56.89933585776805,34.00578557285144,1.0,1.0,1.0,0.04595311760578035,0.2512166003223537,-0.09547787385747553,-3.260000228881836,0.11500000953674316,BTC-USD
2018-07-31,-0.022418909632539674,-0.06902639639540342,-0.0913435450272635,-0.03942030754642212,-0.017391291711147727,0.09121849083387412,0.07945338600168847,-0.10230536457229733,-0.03203895556262448,-0.05777018617509466,36.2429924416339,0.06451129549454548,0.058823529411764705,0.2222222222222222,0.05555555555555555,0.04595311760578035,-0.022418909632539674,-0.021381117106768266,-3.260000228881836,0.11500000953674316,GLD
2018-07-31,0.08681441099932097,0.2048340753831086,0.0380638566610676,0.2979587238061294,0.1942781680753225,0.24992532399458237,0.21749077701591346,-0.1535753810655739,0.057535972367823485,0.12249262303077169,57.38229949813044,0.062014476149374165,0.7058823529411765,0.8333333333333334,0.8333333333333334,0.04595311760578035,0.08681441099932097,0.0037321160423726685,-3.260000228881836,0.11500000953674316,GOOGL
2018-07-31,-0.005277628681111923,0.006515409111985226,-0.00422511665770231,-0.028450476845770623,-0.023295794719017104,0.030965390289298737,0.04296752438181517,-0.06492904147031964,-0.0009994621175243301,-0.007685712391415134,45.176485434011,-0.08290721681036076,0.11764705882352941,0.05555555555555555,0.2222222222222222,0.04595311760578035,-0.005277628681111923,0.010140094174701186,-3.260000228881836,0.11500000953674316,IEF
2018-07-31,0.09213789838867048,0.05544163072273056,-0.027731993016447354,0.025018290753996197,-0.06145708132068484,0.1986749879301241,0.16405722300135972,-0.18282850760420133,0.06683147041802728,0.010978530582100188,67.90485766603541,0.4306312680179558,0.29411764705882354,0.6111111111111112,0.8888888888888888,0.04595311760578035,0.09213789838867048,0.02314834253071485,-3.260000228881836,0.11500000953674316,JNJ
2018-07-31,0.10916203857743789,0.0624625263575207,0.004242970067451113,0.2793946433389758,0.15347857106601914,0.216660796342582,0.20647885826893345,-0.12634873094497556,0.0576665268062897,0.06706586522364355,64.45296497874807,0.5806833325111715,0.6470588235294118,0.7777777777777778,0.9444444444444444,0.04595311760578035,0.10916203857743789,-0.003218786064425494,-3.260000228881836,0.11500000953674316,JPM
2018-07-31,0.013438249504193589,0.013757549329320051,-0.01900923378829711,-0.012371986778098587,-0.025467991064003437,0.032499456418005127,0.04055739114885024,-0.053176548586027494,0.00981254636898754,-0.0037872751855481113,62.04058083074771,-0.0011545644170760094,0.17647058823529413,0.1111111111111111,0.3333333333333333,0.04595311760578035,0.013438249504193589,0.00019919506843124601,-3.260000228881836,0.11500000953674316,LQD
2018-07-31,0.0757530110247564,0.13921946328205403,0.12662138114827082,0.48763393180337355,0.3828768467831307,0.21186003136666645,0.1703943004206413,-0.10525197146293619,0.04093085256027651,0.15518799502323,55.31203956743446,-0.039310950557890134,0.8235294117647058,0.7222222222222222,0.7777777777777778,0.04595311760578035,0.0757530110247564,0.06299274682291855,-3.260000228881836,0.11500000953674316,MSFT
2018-07-31,0.03360051231671157,0.08942398972886467,-0.0025887964162861765,0.5109838946517276,0.46186449856241785,0.2529781392111491,0.2768788752922565,-0.1446424181132282,-0.027781564787504487,0.06621843221897228,44.38036697933953,-0.008083451649631137,0.8823529411764706,0.8888888888888888,0.5555555555555556,0.04595311760578035,0.03360051231671157,0.14691459964178555,-3.260000228881836,0.11500000953674316,NVDA
2018-07-31,-0.014368298475707975,0.011880376861302056,-0.011912042698770664,-0.010032377049997931,0.004399129430399329,0.08276631719071037,0.09486491399569491,-0.08887665038393511,-0.005196444350189289,-0.007959569225581276,43.762825661225286,-0.2691361817890207,0.23529411764705882,0.16666666666666666,0.16666666666666666,0.04595311760578035,-0.014368298475707975,0.013120431806455723,-3.260000228881836,0.11500000953674316,TLT
2018-07-31,0.015538379422786353,0.051902449640800485,0.04467218108003457,0.19710231893520636,0.17878589641842746,0.14456688815537308,0.1725532307555137,-0.18883045882425809,0.019178003495794682,0.08342888437142282,59.02794908874454,0.0651575404478488,0.5294117647058824,0.3888888888888889,0.3888888888888889,0.04595311760578035,0.015538379422786353,-0.034751137640580354,-3.260000228881836,0.11500000953674316,XLE
2018-07-31,0.051147274341163396,0.02262557359837003,-0.05268111453617652,0.1328076917921237,0.07768694211012739,0.144422079753512,0.14716520002956204,-0.11930528654456751,0.019430422309999695,0.012502812554048726,58.91332227807411,0.06807082394158759,0.47058823529411764,0.3333333333333333,0.6666666666666666,0.04595311760578035,0.051147274341163396,0.013595360988490235,-3.260000228881836,0.11500000953674316,XLF
2018-07-31,0.02087244935156174,0.0872472706098757,0.04300778623998247,0.2581540219750085,0.23243018535191484,0.15604072910955938,0.13466009550372435,-0.10377239484295275,-0.0031280224606724527,0.06317182581448333,44.57370832338787,-0.11175978005116621,0.5882352941176471,0.5,0.4444444444444444,0.04595311760578035,0.02087244935156174,0.0659894175232274,-3.260000228881836,0.11500000953674316,XLK
2018-07-31,0.06554035175166306,0.08508992433171092,0.01672067454310966,0.12983117173635983,0.06033635411273508,0.10741157819948295,0.11460849290116595,-0.12792808556032798,0.044638050457036504,0.06638008760533465,67.63658651507035,0.06341457151041086,0.4117647058823529,0.2777777777777778,0.7222222222222222,0.04595311760578035,0.06554035175166306,0.04329211263247412,-3.260000228881836,0.11500000953674316,XLV
2018-07-31,-0.01474683920348685,0.05898648599900125,-0.04721497170622391,0.058990722253283945,0.07484123308689394,0.15687621179291264,0.18512588043819447,-0.17419427503651053,-0.0033672825351642732,0.020165319277658522,46.439548739396436,-0.0996474050739779,0.35294117647058826,0.5555555555555556,0.1111111111111111,0.04595311760578035,-0.01474683920348685,-0.0062949959969081926,-3.260000228881836,0.11500000953674316,XOM
2018-08-31,0.20042252623992018,0.22239151740104113,0.2873862879508584,0.4089746443448652,0.1737322597220765,0.11813052727026127,0.1848339809760227,-0.13449771608992844,0.1396439882408964,0.2607104293952818,85.2747943686553,0.16103485216023206,0.7647058823529411,0.3888888888888889,1.0,0.011503908047635236,0.20042252623992018,-0.008303105966166902,0.029999732971191406,-0.11100006103515625,AAPL
2018-08-31,0.13236448128539746,0.2350792771228285,0.33076136461772765,1.0525290751051122,0.8126046065796722,0.16417061134822256,0.1935314221693193,-0.14164251997263255,0.10273538031144813,0.31518738259184675,77.60088973158472,0.42872804322464875,1.0,0.7777777777777778,0.8888888888888888,0.011503908047635236,0.13236448128539746,-0.004824306834253944,0.029999732971191406,-0.11100006103515625,AMZN
2018-08-31,-0.09547787385747553,-0.06092600628353029,-0.3231729662970946,0.4962781894666861,0.6542195555213197,0.31225303393236103,0.4817975832323128,-0.6972191254663458,0.004005808583430026,-0.10975500538927396,57.09604782229956,92.12941739319726,0.8235294117647058,0.9444444444444444,0.1111111111111111,0.011503908047635236,-0.09547787385747553,-0.0559070292550512,0.029999732971191406,-0.11100006103515625,BTC-USD
2018-08-31,-0.021381117106768266,-0.07790411418978771,-0.09191998291015624,-0.09783816236251464,-0.07812749844935074,0.1228883194817805,0.09739759097748667,-0.13762324850530083,-0.019460461845801302,-0.07103423278790943,45.380459931494784,0.2930745196687464,0.058823529411764705,0.6111111111111112,0.2222222222222222,0.011503908047635236,-0.021381117106768266,-0.006607347245927042,0.029999732971191406,-0.11100006103515625,GLD
2018-08-31,0.0037321160423726685,0.11981823495960486,0.11584167397206846,0.289518974898221,0.2847242349708614,0.16133293864803142,0.19541130853262598,-0.1535753810655739,0.01674472506077307,0.10165806869146143,49.63550915395224,-0.048457488688457284,0.6470588235294118,0.7222222222222222,0.4444444444444444,0.011503908047635236,0.0037321160423726685,-0.0200682436382994,0.029999732971191406,-0.11100006103515625,GOOGL
2018-08-31,0.010140094174701186,0.00679289235278091,0.015343052247486222,-0.03269767647893729,-0.04240775205407288,0.02925852401990181,0.03214024633428968,-0.06492904147031964,0.004696396405191594,0.004820312452574527,57.32213694912565,-0.012525854304090228,0.11764705882352941,0.05555555555555555,0.5,0.011503908047635236,0.010140094174701186,-0.012050463942816614,0.029999732971191406,-0.11100006103515625,IEF
2018-08-31,0.02314834253071485,0.13348616528260626,0.05168768854190953,0.04487177645337015,0.021231949483418555,0.12047627095003642,0.14867752084030747,-0.18282850760420133,0.047604043886019465,0.03833605932411621,62.91946842267143,-0.028191275862562426,0.29411764705882354,0.5555555555555556,0.6666666666666666,0.011503908047635236,0.02314834253071485,0.0258371875164376,0.029999732971191406,-0.11100006103515625,JNJ
2018-08-31,-0.003218786064425494,0.07655975461967723,0.002483914158966094,0.2880451852972139,0.2922045151830728,0.11980206830132138,0.17225416768396376,-0.12634873094497556,0.024739648734786845,0.04382136026527195,50.16604703571079,-0.21160080660783798,0.5882352941176471,0.4444444444444444,0.3333333333333333,0.011503908047635236,-0.003218786064425494,-0.015186124479948937,0.029999732971191406,-0.11100006103515625,JPM
2018-08-31,0.00019919506843124601,0.008701095428243821,0.00363944867053112,-0.018820023829650534,-0.019015431117978876,0.030167245323691066,0.034256809722201555,-0.053176548586027494,0.0030261223835574835,-0.001482990471977197,48.27187538503506,-0.06427064121728943,0.23529411764705882,0.1111111111111111,0.3888888888888889,0.011503908047635236,0.00019919506843124601,-0.001407582369896354,0.029999732971191406,-0.11100006103515625,LQD
2018-08-31,0.06299274682291855,0.14085699255351347,0.20775345560767056,0.5294169395117145,0.4387839842584518,0.12027613222484354,0.165307342464707,-0.10525197146293619,0.06474843010378417,0.18550600739347112,69.73927535723155,0.30383780070370325,0.8823529411764706,0.5,0.7777777777777778,0.011503908047635236,0.06299274682291855,0.018160764508076133,0.029999732971191406,-0.11100006103515625,MSFT
2018-08-31,0.14691459964178555,0.11357883369115718,0.16118671100584536,0.660629933742146,0.4479107112777261,0.2735988968370651,0.2679194044468146,-0.1446424181132282,0.10851562346718135,0.18850065531775728,69.75338382084519,0.05810386222009728,0.9411764705882353,0.8888888888888888,0.9444444444444444,0.011503908047635236,0.14691459964178555,0.001211529508445608,0.029999732971191406,-0.11100006103515625,NVDA
2018-08-31,0.013120431806455723,0.0050117555849023,0.03245329037179179,-0.030104095931847596,-0.0426647478239397,0.06745790113093729,0.07783986478826042,-0.08758598154667374,0.002373017230637542,0.006772379373156445,51.821840636549965,-0.0040604570523871675,0.17647058823529413,0.2222222222222222,0.5555555555555556,0.011503908047635236,0.013120431806455723,-0.028643157909392647,0.029999732971191406,-0.11100006103515625,TLT
2018-08-31,-0.034751137640580354,-0.01416968837293997,0.1309019522314161,0.2224793745543996,0.26649139121098253,0.16548962735124162,0.1631747190202129,-0.16815872605184168,-0.009345025323882483,0.03326219656551266,48.34331437524662,0.05747748952295026,0.5294117647058824,0.8333333333333334,0.16666666666666666,0.011503908047635236,-0.034751137640580354,0.024460210479447575,0.029999732971191406,-0.11100006103515625,XLE
2018-08-31,0.013595360988490235,0.046825518034780744,-0.010866196446838172,0.16633783126549329,0.15069373455699697,0.11174733456610872,0.12158863760738362,-0.11930528654456751,0.022558884264782364,0.017508714193567254,54.80451934677582,-0.0026791621184296677,0.47058823529411764,0.3333333333333333,0.6111111111111112,0.011503908047635236,0.013595360988490235,-0.022154480399183996,0.029999732971191406,-0.11100006103515625,XLF
2018-08-31,0.0659894175232274,0.08537550004326255,0.11640162463141612,0.30310662058701876,0.22243860883227273,0.07796657074099078,0.12480030471129741,-0.10377239484295275,0.043815137751549216,0.11026490216992135,70.09367824865228,0.09645131116696282,0.7058823529411765,0.2777777777777778,0.8333333333333334,0.011503908047635236,0.0659894175232274,-0.00019217431809381846,0.029999732971191406,-0.11100006103515625,XLK
2018-08-31,0.04329211263247412,0.13000479396599474,0.11065971148957066,0.15844297197785973,0.1103725964675728,0.051583356719714875,0.08434667199038269,-0.12792808556032798,0.05000109750359094,0.09791689829154615,81.0358774153816,0.040432488788153975,0.4117647058823529,0.16666666666666666,0.7222222222222222,0.011503908047635236,0.04329211263247412,0.02954239549646287,0.029999732971191406,-0.11100006103515625,XLV
2018-08-31,-0.0062949959969081926,-0.0029920116017687626,0.0802464622889687,0.09287915935185742,0.09980241112729371,0.13762908187237077,0.15632853709025857,-0.17419427503651053,-0.0034557884034653874,0.014804636533828353,52.07477975554799,0.18078461079183103,0.35294117647058826,0.6666666666666666,0.2777777777777778,0.011503908047635236,-0.0062949959969081926,0.06049668230642857,0.029999732971191406,-0.11100006103515625,XOM
2018-09-28,-0.008303105966166902,0.22376821550788084,0.3553770305240187,0.48684884077227886,0.4992976681860546,0.22222515914951743,0.20966324709013626,-0.13449771608992844,0.05959457537398438,0.21649077314170628,60.72981173478383,-0.07901683048926678,0.7647058823529411,0.7777777777777778,0.4444444444444444,-0.012765198997631776,-0.008303105966166902,-0.030477278310032663,-0.7399997711181641,0.20300006866455078,AAPL
2018-09-28,-0.004824306834253944,0.17837397391642895,0.3839181671571983,1.0835283570069283,1.0936286640794366,0.23518238316553033,0.20806387578883817,-0.14164251997263255,0.048729117232956476,0.24621963767859456,59.680069166377486,0.048261861265121664,1.0,0.8333333333333334,0.5555555555555556,-0.012765198997631776,-0.004824306834253944,-0.20219175018307878,-0.7399997711181641,0.20300006866455078,AMZN
2018-09-28,-0.0559070292550512,0.06848014594021334,-0.07278706871398133,0.5959688795417575,0.6904785111178591,0.2951178041204968,0.40389290860376503,-0.6972191254663458,0.008244452342144992,-0.10071313850242813,51.70538478933484,25.37517058682114,0.9411764705882353,0.9444444444444444,0.1111111111111111,-0.012765198997631776,-0.0559070292550512,-0.04914413554375496,-0.7399997711181641,0.20300006866455078,BTC-USD
2018-09-28,-0.006607347245927042,-0.049641797841559754,-0.10358533018889948,-0.07254482284907615,-0.06637604518248108,0.074912312714165,0.0978736985303814,-0.13762324850530083,-0.010144332194740202,-0.07168315118664503,44.22659317462477,-0.04879920208655841,0.058823529411764705,0.2777777777777778,0.5,-0.012765198997631776,-0.006607347245927042,0.02119545356837582,-0.7399997711181641,0.20300006866455078,GLD
2018-09-28,-0.0200682436382994,0.0689786729539612,0.16385444527894122,0.23965817187022753,0.2650454113997094,0.17632872767072852,0.1968668759125953,-0.1535753810655739,-0.010416093164776652,0.06663034253300482,53.32768997914051,0.21662915535349525,0.6470588235294118,0.7222222222222222,0.2777777777777778,-0.012765198997631776,-0.0200682436382994,-0.09651392199398301,-0.7399997711181641,0.20300006866455078,GOOGL
2018-09-28,-0.012050463942816614,-0.007299464177743631,-0.008352923246615518,-0.03037639141317028,-0.018549457033494643,0.031751198624547075,0.031162891157751563,-0.06492904147031964,-0.0055487175016017964,-0.004683492847052273,40.77681569733023,-0.028943077613693108,0.17647058823529413,0.05555555555555555,0.3888888888888889,-0.012765198997631776,-0.012050463942816614,-0.00303105411071114,-0.7399997711181641,0.20300006866455078,IEF
2018-09-28,0.0258371875164376,0.1462900468699968,0.0934250469420479,0.09132560694272485,0.06383899923226166,0.1204907056348151,0.15221804432922267,-0.18282850760420133,0.02909212366009095,0.06319064313222911,53.5919908461089,-0.4202516601624773,0.4117647058823529,0.5,0.8888888888888888,-0.012765198997631776,0.0258371875164376,0.013171753663173691,-0.7399997711181641,0.20300006866455078,JNJ
2018-09-28,-0.015186124479948937,0.08880222730119947,0.03690561312035401,0.2071254938032503,0.22573972992186264,0.14955930705795378,0.16973334846794735,-0.12634873094497556,-0.020333147140203622,0.015403639125793012,40.63997087049403,-0.17715066900372572,0.5882352941176471,0.6111111111111112,0.3333333333333333,-0.012765198997631776,-0.015186124479948937,-0.027087484566131304,-0.7399997711181641,0.20300006866455078,JPM
2018-09-28,-0.001407582369896354,0.012213339441344173,-0.0033228086703598336,-0.019716290650520052,-0.018334515621573177,0.03621470932143783,0.033591359495870464,-0.053176548586027494,-0.0006116684124307659,-0.0005319626739127559,50.70167000750589,0.006971150361334222,0.23529411764705882,0.1111111111111111,0.6111111111111112,-0.012765198997631776,-0.001407582369896354,-0.02049254715697102,-0.7399997711181641,0.20300006866455078,LQD
2018-09-28,0.018160764508076133,0.1642848028100632,0.26336992815587323,0.5630451740851528,0.5351653968323333,0.16600301175081664,0.1692749616327318,-0.10525197146293619,0.04232774645627391,0.1719027883255364,62.43980016392549,0.05555304040400899,0.8235294117647058,0.6666666666666666,0.7777777777777778,-0.012765198997631776,0.018160764508076133,-0.06610148374747826,-0.7399997711181641,0.20300006866455078,MSFT
2018-09-28,0.001211529508445608,0.1868877272678795,0.21485221268893095,0.5758688610498994,0.5739619596905634,0.26315737545090523,0.26236943922076594,-0.1446424181132282,0.06785491370909558,0.157431277664269,62.450830920904664,-0.009525235117209215,0.8823529411764706,0.8888888888888888,0.7222222222222222,-0.012765198997631776,0.001211529508445608,-0.24976880454837347,-0.7399997711181641,0.20300006866455078,NVDA
2018-09-28,-0.028643157909392647,-0.03003840025804083,-0.02500087644896576,-0.03547993674914096,-0.007038380277461953,0.07355553933521815,0.0766969251842545,-0.08758598154667374,-0.016917057718846662,-0.017645072339169898,39.05051028701436,-0.0510534324332258,0.11764705882352941,0.16666666666666666,0.16666666666666666,-0.012765198997631776,-0.028643157909392647,-0.029305211696529887,-0.7399997711181641,0.20300006866455078,TLT
2018-09-28,0.024460210479447575,0.004224319854253533,0.1389395884368112,0.13664479033101617,0.10950603908673662,0.11260317773286346,0.1429234019415939,-0.14789142573275393,0.018570142136089762,0.047763817028418254,60.50682729147669,0.09567197254585992,0.47058823529411764,0.3888888888888889,0.8333333333333334,-0.012765198997631776,0.024460210479447575,-0.11328256980729035,-0.7399997711181641,0.20300006866455078,XLE
2018-09-28,-0.022154480399183996,0.0418337756784668,0.009153561031273849,0.08481493335298973,0.10939295789363701,0.11383739499933238,0.12365300000677899,-0.11930528654456751,-0.018412160784151643,-0.010366856871558916,37.83428356462293,-0.07181823360993261,0.35294117647058826,0.4444444444444444,0.2222222222222222,-0.012765198997631776,-0.022154480399183996,-0.047135828113949896,-0.7399997711181641,0.20300006866455078,XLF
2018-09-28,-0.00019217431809381846,0.08803009601828515,0.15947982509821457,0.29228765310668114,0.29253604533980604,0.10834185638059723,0.12041795228565792,-0.10377239484295275,0.02391452976263464,0.09229410186196141,60.21436992843465,0.012429726376907702,0.7058823529411765,0.3333333333333333,0.6666666666666666,-0.012765198997631776,-0.00019217431809381846,-0.08004810176427524,-0.7399997711181641,0.20300006866455078,XLK
2018-09-28,0.02954239549646287,0.14451123488699724,0.177823419387529,0.1818948952868531,0.1479807926869523,0.07447894430095295,0.08043070152481727,-0.12792808556032798,0.0445858520786202,0.11491509505389441,76.46782056661071,0.05465679608694629,0.5294117647058824,0.2222222222222222,0.9444444444444444,-0.012765198997631776,0.02954239549646287,-0.0677878985089404,-0.7399997711181641,0.20300006866455078,XLV
2018-09-28,0.06049668230642857,0.03828033316581014,0.16294863468112775,0.07911792443088173,0.017558981970556164,0.1374675111773817,0.14623198350325325,-0.17419427503651053,0.04561341735683211,0.07094142410197257,62.11136383591688,0.11183816017980974,0.29411764705882354,0.5555555555555556,1.0,-0.012765198997631776,0.06049668230642857,-0.06280890198438505,-0.7399997711181641,0.20300006866455078,XOM
2018-10-31,-0.030477278310032663,0.1541734535870023,0.3341066764678149,0.3142998497545395,0.3556153149908585,0.33985680744598246,0.2434226483450251,-0.13449771608992844,-0.010473825566677641,0.14467345065287884,49.71099951609437,-0.14377345599809577,0.9411764705882353,0.6666666666666666,0.6666666666666666,-0.06796184642025367,-0.030477278310032663,-0.1811978932335777,9.109999656677246,0.10299992561340332,AAPL
2018-10-31,-0.20219175018307878,-0.10094860074115142,0.020355833468923334,0.4457964954539637,0.8122105102143793,0.5979635804837566,0.3885755147341366,-0.24961385615420706,-0.14935853562890944,-0.044655557412003444,37.06397670332708,-1.0690956403725886,1.0,0.8888888888888888,0.1111111111111111,-0.06796184642025367,-0.20219175018307878,0.05767175245241973,9.109999656677246,0.10299992561340332,AMZN
2018-10-31,-0.04914413554375496,-0.18801379988039668,-0.3163166698071922,-0.02331179910627712,0.027167457659053484,0.2651672278656709,0.29573308909807666,-0.6972191254663458,-0.028969597582898743,-0.1197595625500224,37.142272136769215,-13.822005483583489,0.29411764705882354,0.6111111111111112,0.5555555555555556,-0.06796184642025367,-0.04914413554375496,-0.3641157587086258,9.109999656677246,0.10299992561340332,BTC-USD
2018-10-31,0.02119545356837582,-0.007241972181749712,-0.07576848133465108,-0.04574456556581763,-0.06555064351323159,0.11261005713978593,0.10625233904905246,-0.13762324850530083,0.008647310948721953,-0.04471741798930662,50.12422178401225,-0.04076448847183578,0.11764705882352941,0.2222222222222222,1.0,-0.06796184642025367,0.02119545356837582,0.003386881324189961,9.109999656677246,0.10299992561340332,GLD
2018-10-31,-0.09651392199398301,-0.11134105425488827,0.0706865792277398,0.055699721605704244,0.16847370126125338,0.42141814983183135,0.27449037478352,-0.19507587891514955,-0.06367377333890822,-0.039598921969817624,44.89815905714472,-0.10884537609753853,0.6470588235294118,0.7777777777777778,0.2777777777777778,-0.06796184642025367,-0.09651392199398301,0.01748615197943204,9.109999656677246,0.10299992561340332,GOOGL
2018-10-31,-0.00303105411071114,-0.005057455910809194,0.0014250018068511228,-0.03148557001671359,-0.028541025298056022,0.04697663299913181,0.03738129194799489,-0.06492904147031964,-0.003556206451776789,-0.004261191457367475,50.09810385404516,0.09650278755946007,0.23529411764705882,0.1111111111111111,0.8888888888888888,-0.06796184642025367,-0.00303105411071114,0.013301419049126517,9.109999656677246,0.10299992561340332,IEF
2018-10-31,0.013171753663173691,0.06340847498051083,0.12236557495780231,0.031146145587360063,0.01774071558864443,0.1861839581287311,0.14537543774022768,-0.18282850760420133,0.015384745607239347,0.07824039185149512,56.47568962990194,0.13572933180517163,0.5882352941176471,0.2777777777777778,0.9444444444444444,-0.06796184642025367,0.013171753663173691,0.05604344060653599,9.109999656677246,0.10299992561340332,JNJ
2018-10-31,-0.027087484566131304,-0.04494629555458629,0.014708771632183204,0.10841538693928543,0.13927549430792285,0.24801105613362076,0.1785857954124216,-0.12634873094497556,-0.025951917033075977,-0.015292362361364775,50.2292208039763,0.09452013631643008,0.7058823529411765,0.5,0.7777777777777778,-0.06796184642025367,-0.027087484566131304,0.019904482183183525,9.109999656677246,0.10299992561340332,JPM
2018-10-31,-0.02049254715697102,-0.021676446162372076,-0.008217111610415051,-0.04165136017959381,-0.021601482419770446,0.04219943523425504,0.03667924759948036,-0.053176548586027494,-0.01494843607509122,-0.016392813913949533,33.43649645520401,-0.003739656586623452,0.17647058823529413,0.05555555555555555,0.8333333333333334,-0.06796184642025367,-0.02049254715697102,-0.0035847012589647065,9.109999656677246,0.10299992561340332,LQD
2018-10-31,-0.06610148374747826,0.010756036651851097,0.151472949583618,0.30722497468318677,0.3997505638286283,0.43253213746384006,0.27534723356675855,-0.11495536669002937,-0.03312606894268899,0.0649127701615464,46.52852988215435,-0.3427395450367132,0.8823529411764706,0.8333333333333334,0.4444444444444444,-0.06796184642025367,-0.06610148374747826,0.042684046101096884,9.109999656677246,0.10299992561340332,MSFT
2018-10-31,-0.24976880454837347,-0.13850642691806225,-0.0614682344873001,0.021970213149256068,0.36220703610444693,0.7454891191139339,0.4960830579347804,-0.3585153864442714,-0.1812644108039072,-0.14568196919062537,39.55256338920801,-0.07451622922792012,0.5294117647058824,1.0,0.05555555555555555,-0.06796184642025367,-0.24976880454837347,-0.2240500650023255,9.109999656677246,0.10299992561340332,NVDA
2018-10-31,-0.029305211696529887,-0.04473783841579182,-0.033388963934829485,-0.06338438962391513,-0.035108026063421116,0.10606874665382501,0.08643484479274566,-0.10286390809997836,-0.02723473323886194,-0.03821054521691314,39.788618362485074,0.13110040709369997,0.058823529411764705,0.16666666666666666,0.7222222222222222,-0.06796184642025367,-0.029305211696529887,0.01787226480744497,9.109999656677246,0.10299992561340332,TLT
2018-10-31,-0.11328256980729035,-0.12316144196902878,-0.07765137286771429,0.016342357133543706,0.14618515721819403,0.25704069941179675,0.1935412981389027,-0.16192765471145543,-0.08394088847963976,-0.07192963684734555,32.55554958365819,-0.2108854508261735,0.47058823529411764,0.5555555555555556,0.16666666666666666,-0.06796184642025367,-0.11328256980729035,-0.015634118480325254,9.109999656677246,0.10299992561340332,XLE
2018-10-31,-0.047135828113949896,-0.0555785072772047,-0.03421042928572249,0.004924983160157437,0.054636130531658944,0.24616839006750166,0.16758534198655384,-0.15298363705360918,-0.045729939103519635,-0.05233691747656133,45.08617517828299,-0.012829918930699735,0.4117647058823529,0.4444444444444444,0.6111111111111112,-0.06796184642025367,-0.047135828113949896,0.026255940741802153,9.109999656677246,0.10299992561340332,XLF
2018-10-31,-0.08004810176427524,-0.019529469322642656,0.0660139083923732,0.11613311413091454,0.21325160181899117,0.35624938665711936,0.2198865111931739,-0.11839862399286183,-0.048725081400385895,-0.005735278833638557,44.94617894383968,-0.06797209891181011,0.8235294117647058,0.7222222222222222,0.3333333333333333,-0.06796184642025367,-0.08004810176427524,-0.019624631390778413,9.109999656677246,0.10299992561340332,XLK
2018-10-31,-0.0677878985089404,0.0013015665715450098,0.08650224110434146,0.11019902684030192,0.1909296447284421,0.2252206819801912,0.14337019945832724,-0.12792808556032798,-0.038584747645981854,0.02811980188580354,39.95354262583674,-0.32582148095518537,0.7647058823529411,0.3888888888888889,0.3888888888888889,-0.06796184642025367,-0.0677878985089404,0.08083436769293217,9.109999656677246,0.10299992561340332,XLV
2018-10-31,-0.06280890198438505,-0.012368471164281525,0.04588844218355881,-0.005283304517223364,0.061380862013056925,0.2155155968664395,0.17142578907171147,-0.17419427503651053,-0.03203945656231555,0.004297449267226527,43.20960305866416,-0.23606691444584216,0.35294117647058826,0.3333333333333333,0.5,-0.06796184642025367,-0.06280890198438505,0.007855379709811094,9.109999656677246,0.10299992561340332,XOM
2018-11-30,-0.1811978932335777,-0.2127441507357748,-0.037665127835058376,0.0547628035952028,0.28817793075866205,0.44256507674248796,0.34670466283300205,-0.25500438951934323,-0.141543545403923,-0.07592498218826327,35.82785449463796,-0.06546128665398943,0.6111111111111112,0.7777777777777778,0.2222222222222222,-0.04953031816688035,-0.1811978932335777,-0.11669807088218742,-3.1599998474121094,-0.14599990844726562,AAPL
2018-11-30,0.05767175245241973,-0.16025159326836536,0.03715585515115438,0.43630332617604184,0.3579858995436822,0.5000982701013437,0.47076478980614134,-0.26675523878147855,-0.027936825302124824,-0.0042635698221011875,54.11883271682079,1.0189668864155146,1.0,0.8333333333333334,0.9444444444444444,-0.04953031816688035,0.05767175245241973,-0.11134970006404432,-3.1599998474121094,-0.14599990844726562,AMZN
2018-11-30,-0.3641157587086258,-0.42916904531226197,-0.46394749564440063,-0.607443254765676,-0.38266005077102216,0.8946380032365205,0.5539641238369507,-0.6972191254663458,-0.30972586193070306,-0.394915367782917,28.357172191241418,-35.04336781754034,0.1111111111111111,0.8888888888888888,0.1111111111111111,-0.04953031816688035,-0.3641157587086258,-0.0683469654808112,-3.1599998474121094,-0.14599990844726562,BTC-USD
2018-11-30,0.003386881324189961,0.01788387579149675,-0.061413465900107767,-0.04591244945211059,-0.0491329233956489,0.08340496075266302,0.09290729921593337,-0.13762324850530083,0.005055730514697654,-0.03194764774098113,51.7438160571149,-0.001543867859137335,0.2777777777777778,0.2222222222222222,0.4444444444444444,-0.04953031816688035,0.003386881324189961,0.04942010593064916,-3.1599998474121094,-0.14599990844726562,GLD
2018-11-30,0.01748615197943204,-0.0991638539041011,0.008772743108922176,0.07091516541924636,0.05251080158277621,0.3026911069739529,0.31137975513652255,-0.20076247151853754,0.0027110869775675006,-0.017844506208571698,57.1150114196561,0.4584631502940475,0.6666666666666666,0.6111111111111112,0.6111111111111112,-0.04953031816688035,0.01748615197943204,-0.05829757008775316,-3.1599998474121094,-0.14599990844726562,GOOGL
2018-11-30,0.013301419049126517,-0.0019436931452367912,0.004835995909241664,-0.015853685799363748,-0.028772391215882376,0.03190856940892239,0.03820491255425681,-0.06492904147031964,0.012918958200080155,0.009390729834631184,71.77932494282817,0.07491304890142789,0.4444444444444444,0.05555555555555555,0.5555555555555556,-0.04953031816688035,0.013301419049126517,0.028042549313450182,-3.1599998474121094,-0.14599990844726562,IEF
2018-11-30,0.05604344060653599,0.09759797089722166,0.24411211505426134,0.08292855521935927,0.025458341559682296,0.17081665321875142,0.16126151021922513,-0.18282850760420133,0.04862156440895782,0.1298292839210804,63.70776446442308,0.07047019354925843,0.7777777777777778,0.2777777777777778,0.8888888888888888,-0.04953031816688035,0.05604344060653599,-0.12151129707048458,-3.1599998474121094,-0.14599990844726562,JNJ
2018-11-30,0.019904482183183525,-0.022791019461881667,0.052023860300261626,0.08818811109735103,0.0669510038508716,0.21442818669438554,0.20569102519698101,-0.12634873094497556,0.010572423717100543,0.006301147202517399,55.15442123844312,0.2137289344766673,0.8333333333333334,0.4444444444444444,0.7222222222222222,-0.04953031816688035,0.019904482183183525,-0.12204302928132083,-3.1599998474121094,-0.14599990844726562,JPM
2018-11-30,-0.0035847012589647065,-0.025377583816374893,-0.016897301166655554,-0.04390740755641931,-0.040467771167706945,0.034087564359698896,0.037551513307519116,-0.05636759454406448,-0.009155177996923558,-0.01647499258451257,40.2979059040544,0.019992836076730552,0.3333333333333333,0.1111111111111111,0.3888888888888889,-0.04953031816688035,-0.0035847012589647065,0.018594495351738072,-3.1599998474121094,-0.14599990844726562,LQD
2018-11-30,0.042684046101096884,-0.008554670700093303,0.1310973366663193,0.3402597209390894,0.28539390810736553,0.32113466684318115,0.32308536919301994,-0.11643112019257362,0.02048098350274996,0.0903493840424463,57.482966320394354,0.6650330587711453,0.9444444444444444,0.7222222222222222,0.8333333333333334,-0.04953031816688035,0.042684046101096884,-0.08404723070571596,-3.1599998474121094,-0.14599990844726562,MSFT
2018-11-30,-0.2240500650023255,-0.41715287062992457,-0.35095377345583245,-0.18346851434683908,0.0522991868742253,0.9286673282930247,0.7023266819004462,-0.49993101832474385,-0.25225678274307073,-0.3219264969052269,38.97065794730282,0.018914670688307877,0.16666666666666666,0.9444444444444444,0.16666666666666666,-0.04953031816688035,-0.2240500650023255,-0.18313644321450795,-3.1599998474121094,-0.14599990844726562,NVDA
2018-11-30,0.01787226480744497,-0.040257377730660404,-0.03544738228343325,-0.05367754890007481,-0.0702935094916407,0.06728016949650896,0.08624177926349061,-0.10595508287384314,0.008723574437427661,-0.017098023186644773,59.283148218059125,0.1255681795431719,0.2222222222222222,0.16666666666666666,0.6666666666666666,-0.04953031816688035,0.01787226480744497,0.05853498240954602,-3.1599998474121094,-0.14599990844726562,TLT
2018-11-30,-0.015634118480325254,-0.10579541319862984,-0.11846601353525887,-0.016776358991903106,-0.0011603820622210215,0.2585808364936812,0.2240687418507216,-0.17901274411555956,-0.06060378398608324,-0.08034728959166748,44.64006938148084,0.07359186329440226,0.3888888888888889,0.5555555555555556,0.3333333333333333,-0.04953031816688035,-0.015634118480325254,-0.12439210598926942,-3.1599998474121094,-0.14599990844726562,XLE
2018-11-30,0.026255940741802153,-0.04378196194012052,0.000993443046235054,-0.003166997295640961,-0.02867017560568319,0.18756043117539561,0.18867045552146355,-0.15298363705360918,0.0030198703817061467,-0.0198721720356827,54.21975416665329,0.059391793653624965,0.5555555555555556,0.3333333333333333,0.7777777777777778,-0.04953031816688035,0.026255940741802153,-0.11128974027810756,-3.1599998474121094,-0.14599990844726562,XLF
2018-11-30,-0.019624631390778413,-0.09827514033238649,-0.021289929536823182,0.07897458387529377,0.10057292178397637,0.3116007628599695,0.2773409672991293,-0.15606490923871852,-0.029960694038055125,-0.027563783221794536,50.24713170934247,0.12655511685173226,0.7222222222222222,0.6666666666666666,0.2777777777777778,-0.04953031816688035,-0.019624631390778413,-0.0837648270887098,-3.1599998474121094,-0.14599990844726562,XLK
2018-11-30,0.08083436769293217,0.03733281644825848,0.17219105552477942,0.16601416665412683,0.0788092991001137,0.18920582581855938,0.1790719370282171,-0.12792808556032798,0.04332844036760575,0.10327293291547868,67.48113894111208,0.46886659500939265,0.8888888888888888,0.3888888888888889,1.0,-0.04953031816688035,0.08083436769293217,-0.09353617150330862,-3.1599998474121094,-0.14599990844726562,XLV
2018-11-30,0.007855379709811094,0.0016954181555146608,-0.0013016661570454113,-0.005947295373691874,-0.013695094912801076,0.2301591421172695,0.20087152891615248,-0.17419427503651053,-0.015382580511124955,0.013457045500934184,52.264938079906585,0.13504562609355686,0.5,0.5,0.5,-0.04953031816688035,0.007855379709811094,-0.14226414288807365,-3.1599998474121094,-0.14599990844726562,XOM
2018-12-31,-0.11669807088218742,-0.2987931952314373,-0.14188539982639303,-0.05390194501275247,0.07109248129023316,0.4231115097539496,0.40224996082246495,-0.3650953576718966,-0.15194593091821385,-0.17957983175779046,37.87230851389305,0.12265018975293573,0.4444444444444444,0.7777777777777778,0.3333333333333333,-0.060423488888232346,-0.11669807088218742,0.05515390231588735,7.350000381469727,-0.3269999027252197,AAPL
2018-12-31,-0.11134970006404432,-0.25013977065804227,-0.11638422166843254,0.2843168959316702,0.4452444296977449,0.5806954526512592,0.5580976457455261,-0.34103783046300673,-0.06841651163369233,-0.1167182383319445,45.36359601696027,-0.24992995183594724,1.0,0.8888888888888888,0.3888888888888889,-0.060423488888232346,-0.11134970006404432,0.14431709005232074,7.350000381469727,-0.3269999027252197,AMZN
2018-12-31,-0.0683469654808112,-0.4366906569459149,-0.39811515092408545,-0.744633643811023,-0.7258997215408981,0.7378928399276828,0.7257675423261029,-0.6972191254663458,-0.09507161385469554,-0.3803125383065916,46.04023253472027,44.75739200724347,0.1111111111111111,0.9444444444444444,0.6666666666666666,-0.060423488888232346,-0.0683469654808112,-0.07612356891843053,7.350000381469727,-0.3269999027252197,BTC-USD
2018-12-31,0.1784623615407288,-0.4003279649726109,-0.694115821476694,-0.8230232550793721,-0.8498240158563507,1.2076581186206063,1.002694277624867,-0.8966962006714376,0.08389097213739927,-0.5041003518824926,56.702106715729265,4.23210808001477,0.05555555555555555,1.0,1.0,-0.060423488888232346,0.1784623615407288,-0.19725266125594398,7.350000381469727,-0.3269999027252197,ETH-USD
2018-12-31,0.04942010593064916,0.0752926365992117,0.021913176912635723,-0.019409636039321887,-0.06558835835237908,0.09016233433034193,0.09808325638004002,-0.13762324850530083,0.038803710559624394,0.021842568378735105,71.48431150216031,0.3043888166741049,0.6111111111111112,0.16666666666666666,0.8888888888888888,-0.060423488888232346,0.04942010593064916,0.028865979381443196,7.350000381469727,-0.3269999027252197,GLD
2018-12-31,-0.05829757008775316,-0.13430748394057535,-0.07459316299662044,-0.008011899661020117,0.05339868394671021,0.36428678803884307,0.3604308436621229,-0.23401789833960573,-0.017005688725603818,-0.06948456999558905,48.65267277063693,0.08524422827987055,0.7777777777777778,0.5555555555555556,0.7222222222222222,-0.060423488888232346,-0.05829757008775316,0.07744775955484773,7.350000381469727,-0.3269999027252197,GOOGL
2018-12-31,0.028042549313450182,0.03855947354577194,0.030978545872168306,0.009877738438937023,-0.017669318148985313,0.039977573310762286,0.04135792132906952,-0.06492904147031964,0.029479812743860245,0.03498378307947725,76.75676722111186,0.055092441033515405,0.8333333333333334,0.1111111111111111,0.8333333333333334,-0.060423488888232346,0.028042549313450182,0.0065260599598540026,7.350000381469727,-0.3269999027252197,IEF
2018-12-31,-0.12151129707048458,-0.060058038911639855,0.07744611463105322,-0.05131491108048358,0.07990584939329959,0.4193620234499737,0.28430424422109657,-0.18282850760420133,-0.07464038516604499,-0.012907816615524204,37.90899340864949,-0.7496811448705776,0.5,0.7222222222222222,0.2777777777777778,-0.060423488888232346,-0.12151129707048458,0.031228181121227383,7.350000381469727,-0.3269999027252197,JNJ
2018-12-31,-0.12204302928132083,-0.12882275764110407,-0.051460278145517235,-0.06623779582771328,0.063562606499868,0.27761055041401816,0.24756683634848478,-0.2178600788313939,-0.07183776884465976,-0.10591476306263714,40.19510019520505,-0.01790431245784907,0.3888888888888889,0.3333333333333333,0.2222222222222222,-0.060423488888232346,-0.12204302928132083,0.06884347521649947,7.350000381469727,-0.3269999027252197,JPM
2018-12-31,0.018594495351738072,-0.005855631743058476,0.006286190880164133,-0.03787164902135898,-0.05543535197841254,0.036384589158691215,0.03839843869250598,-0.05636759454406448,0.010851023797731507,0.0025425916415808825,64.1804610158324,0.01845578473860171,0.5555555555555556,0.05555555555555555,0.7777777777777778,-0.060423488888232346,0.018594495351738072,0.03368191759070838,7.350000381469727,-0.3269999027252197,LQD
2018-12-31,-0.08404723070571596,-0.10808083886940067,0.0384479246394569,0.2079529729107259,0.3187939524888601,0.4120183239426998,0.38794923277115473,-0.18227958079533002,-0.04085481277752667,-0.01213590981913193,45.3797313345406,-0.3830428172074911,0.9444444444444444,0.6666666666666666,0.5555555555555556,-0.060423488888232346,-0.08404723070571596,0.028157759200499344,7.350000381469727,-0.3269999027252197,MSFT
2018-12-31,-0.18313644321450795,-0.5244695400249708,-0.4355987331135883,-0.3081523100490502,-0.15304375595662822,0.5478688060860489,0.743127233101851,-0.5603846133092465,-0.2287874369376961,-0.42353285922338124,35.46828334913228,0.026614026488728737,0.16666666666666666,0.8333333333333334,0.05555555555555555,-0.060423488888232346,-0.18313644321450795,0.07677882443358564,7.350000381469727,-0.3269999027252197,NVDA
2018-12-31,0.05853498240954602,0.04587839994522103,0.014461885946427167,-0.016118724796554074,-0.07052549839795152,0.09453428937438149,0.09549031110868957,-0.10595508287384314,0.05070906935357766,0.03743789468932546,71.91237361719134,0.0615968745930362,0.7222222222222222,0.2222222222222222,0.9444444444444444,-0.060423488888232346,0.05853498240954602,0.0037852051528095565,7.350000381469727,-0.3269999027252197,TLT
2018-12-31,-0.12439210598926942,-0.23572181032052775,-0.23249325478969185,-0.18217621437385434,-0.06599313320475475,0.34259422407206835,0.28876648090651597,-0.30190232150280216,-0.10647866124364225,-0.18888402742713717,36.33643053369063,-0.046103018213731306,0.2222222222222222,0.5,0.16666666666666666,-0.060423488888232346,-0.12439210598926942,0.11211887570640222,7.350000381469727,-0.3269999027252197,XLE
2018-12-31,-0.11128974027810756,-0.13094577423449627,-0.09458995470139842,-0.13052107000921753,-0.02163959459309961,0.2720979260523108,0.23793966062737115,-0.2466419802399321,-0.06473768930781176,-0.11564064333483981,41.8960581744793,0.02483138855730993,0.3333333333333333,0.2777777777777778,0.4444444444444444,-0.060423488888232346,-0.11128974027810756,0.08900108317748279,7.350000381469727,-0.3269999027252197,XLF
2018-12-31,-0.0837648270887098,-0.1736491638755968,-0.1009054204267753,-0.01677194540601301,0.07311756158610483,0.36441501645864793,0.33931446761857853,-0.23784945572800853,-0.06252744087206441,-0.10392664694129261,43.759243332325426,-0.024495259955695126,0.6666666666666666,0.6111111111111112,0.6111111111111112,-0.060423488888232346,-0.0837648270887098,0.06937701433322307,7.350000381469727,-0.3269999027252197,XLK
2018-12-31,-0.09353617150330862,-0.08667707096266475,0.04530835336312977,0.06280014662350375,0.17246834701180025,0.28424356213182594,0.2347417351459632,-0.15441425129938113,-0.03241715343634888,-0.004505440619920642,45.98931559349955,-0.1700647219758391,0.8888888888888888,0.3888888888888889,0.5,-0.060423488888232346,-0.09353617150330862,0.04808674772529553,7.350000381469727,-0.3269999027252197,XLV
2018-12-31,-0.14226414288807365,-0.18982294580300407,-0.1588090982450483,-0.15093304153515497,-0.010106722920818934,0.30803514294670703,0.25510796406993436,-0.23586490516338243,-0.11139121189606516,-0.13060964916416729,32.88333379440549,-0.34350742258490596,0.2777777777777778,0.4444444444444444,0.1111111111111111,-0.060423488888232346,-0.14226414288807365,0.07464431910799374,7.350000381469727,-0.3269999027252197,XOM
2019-01-31,0.05515390231588735,-0.23686048833149298,-0.11920463424886074,0.00901194171781472,-0.043730076244611005,0.4991919876843193,0.4604498671811675,-0.38515883922975747,0.020863852773788105,-0.1270425013102905,59.72038781661812,0.5446180066858965,0.7222222222222222,0.8888888888888888,0.5555555555555556,0.03747988688087253,0.05515390231588735,0.04477637048398808,-8.850000381469727,-0.051000118255615234,AAPL
2019-01-31,0.14431709005232074,0.07554399917958254,-0.03303066257313847,0.18460390345407962,0.03520598770391237,0.3848149847784382,0.5000825868910471,-0.34103783046300673,0.07562757028704392,0.0002782873340043679,59.69056828466705,0.15448837947075844,1.0,0.8333333333333334,1.0,0.03747988688087253,0.14431709005232074,-0.04590598487961817,-8.850000381469727,-0.051000118255615234,AMZN
2019-01-31,-0.07612356891843053,-0.4526739068351616,-0.5555787653847749,-0.6617005159173073,-0.6338260478334206,0.2776683426192341,0.5826065583360766,-0.6972191254663458,-0.06840823018940245,-0.384229303957214,37.83755309619606,-9.436650666942597,0.1111111111111111,0.6111111111111112,0.1111111111111111,0.03747988688087253,-0.07612356891843053,0.11481101020191953,-8.850000381469727,-0.051000118255615234,BTC-USD
2019-01-31,-0.19725266125594398,-0.4575920982476137,-0.7532400224408126,-0.9042653587479189,-0.8807412536529073,0.5875787610005471,0.9456010309304774,-0.8966962006714376,-0.12988710332009623,-0.5044112856807883,36.67320781713178,-1.356402785866016,0.05555555555555555,0.9444444444444444,0.05555555555555555,0.03747988688087253,-0.19725266125594398,0.2772739902318164,-8.850000381469727,-0.051000118255615234,ETH-USD
2019-01-31,0.028865979381443196,0.08336950366399765,0.07552377185590697,-0.02271838222650535,-0.050137104969649515,0.0879748042841578,0.08853602564608583,-0.13762324850530083,0.04424414681296529,0.055343123712384035,72.16584120650187,0.15814849821752808,0.5,0.16666666666666666,0.3333333333333333,0.03747988688087253,0.028865979381443196,-0.006092201492829408,-8.850000381469727,-0.051000118255615234,GLD
2019-01-31,0.07744775955484773,0.03237723811989324,-0.08256873196112557,-0.04764775967811241,-0.11610355873276301,0.3098736774703428,0.3324765728830501,-0.23401789833960573,0.05780178041043471,-0.0009267199711803231,61.01293860669435,0.12677824723955494,0.4444444444444444,0.7222222222222222,0.8333333333333334,0.03747988688087253,0.07744775955484773,0.0005862222124688454,-8.850000381469727,-0.051000118255615234,GOOGL
2019-01-31,0.0065260599598540026,0.04851528149612827,0.04321246168815196,0.0388047673387506,0.03206942041836869,0.054056383102048036,0.0437410268475334,-0.06492904147031964,0.01856490426691626,0.03811601438865253,67.28912547166603,-0.005099518249716717,0.8333333333333334,0.1111111111111111,0.2222222222222222,0.03747988688087253,0.0065260599598540026,-0.005255619216477103,-8.850000381469727,-0.051000118255615234,IEF
2019-01-31,0.031228181121227383,-0.04330668972152496,0.017355774107289834,-0.010857529115495979,-0.04081124915628731,0.18245161908850543,0.28711471557110935,-0.18282850760420133,-0.011688703379771681,0.015956842934786053,56.70190362745344,0.6793971449419802,0.6111111111111112,0.3888888888888889,0.3888888888888889,0.03747988688087253,0.031228181121227383,0.033560811939641555,-8.850000381469727,-0.051000118255615234,JNJ
2019-01-31,0.06884347521649947,-0.04292308251666066,-0.08594014451833931,-0.08206181591167205,-0.1411855848187732,0.18039941539510357,0.23806476821468428,-0.2178600788313939,0.01342049634834841,-0.03831262280345138,56.46017518884099,0.27766991525643037,0.3888888888888889,0.3333333333333333,0.6111111111111112,0.03747988688087253,0.06884347521649947,0.0083092812194272,-8.850000381469727,-0.051000118255615234,JPM
2019-01-31,0.03368191759070838,0.049128369528109506,0.0263869949086164,0.006876164565130738,-0.025932303322143913,0.03499928337579653,0.036804079640908906,-0.05636759454406448,0.03429521375784672,0.03549910857716454,86.85921663164797,0.14061174939414822,0.6666666666666666,0.05555555555555555,0.4444444444444444,0.03747988688087253,0.03368191759070838,-0.002038207144382742,-8.850000381469727,-0.051000118255615234,LQD
2019-01-31,0.028157759200499344,-0.018058611147782955,-0.007496813579318862,0.11817531067932752,0.08755227558543788,0.3141574426836716,0.3534107727818836,-0.18227958079533002,-0.0029464170798604306,0.0016900856927191121,49.59219367277475,0.06645352029259627,0.9444444444444444,0.7777777777777778,0.2777777777777778,0.03747988688087253,0.028157759200499344,0.0773575633489636,-8.850000381469727,-0.051000118255615234,MSFT
2019-01-31,0.07677882443358564,-0.31748888505491435,-0.4120210609178211,-0.4135432186881688,-0.45536003494466637,0.7594263718915601,0.780986285593324,-0.5603846133092465,-0.016590568491611446,-0.3540661063594459,48.00270052467352,-0.010696874267196503,0.16666666666666666,1.0,0.7777777777777778,0.03747988688087253,0.07677882443358564,0.07421897579844261,-8.850000381469727,-0.051000118255615234,NVDA
2019-01-31,0.0037852051528095565,0.08153178208441503,0.03314638797597902,0.020839504088328464,0.016989988344092488,0.08938377074641765,0.08705796633941289,-0.10595508287384314,0.02489435331201406,0.03859364141118582,62.148418365981215,-0.039862704929957415,0.7777777777777778,0.2222222222222222,0.16666666666666666,0.03747988688087253,0.0037852051528095565,-0.013763891822156316,-8.850000381469727,-0.051000118255615234,TLT
2019-01-31,0.11211887570640222,-0.04144412628887173,-0.15950124990301662,-0.12195433754114138,-0.21047499360071886,0.20384765029336632,0.2832158754712164,-0.30190232150280216,0.03067646907290844,-0.09151292224497576,59.64919605205688,0.09058271679964376,0.2777777777777778,0.5555555555555556,0.9444444444444444,0.03747988688087253,0.11211887570640222,0.02304747819366626,-8.850000381469727,-0.051000118255615234,XLE
2019-01-31,0.08900108317748279,-0.006782896112732306,-0.061984420148974984,-0.11140012634782481,-0.18402296620364966,0.17840240123852572,0.22655174618674975,-0.2466419802399321,0.037391884559553334,-0.028716239605095062,63.621900842879846,0.09339275125465774,0.3333333333333333,0.2777777777777778,0.8888888888888888,0.03747988688087253,0.08900108317748279,0.02235927337208654,-8.850000381469727,-0.051000118255615234,XLF
2019-01-31,0.06937701433322307,-0.039427396561503736,-0.05818686975252674,-0.017681571968834686,-0.08141056440823202,0.29759175748564454,0.32727962833101126,-0.23784945572800853,0.03443365189401337,-0.03972739463963759,58.879309814084415,0.15779949160570075,0.5555555555555556,0.6666666666666666,0.6666666666666666,0.03747988688087253,0.06937701433322307,0.06910072640068687,-8.850000381469727,-0.051000118255615234,XLK
2019-01-31,0.04808674772529553,0.026849637316000985,0.0281861504779346,0.04537811646980883,-0.0025843578896167507,0.1883305831421136,0.22434971260827694,-0.15441425129938113,0.023537552845793952,0.034406061624526085,60.37666968747043,0.2370764218867791,0.8888888888888888,0.4444444444444444,0.5,0.03747988688087253,0.04808674772529553,0.010808484431169552,-8.850000381469727,-0.051000118255615234,XLV
2019-01-31,0.07464431910799374,-0.07099825146872596,-0.08248858280700211,-0.12580885840990697,-0.18652978846460244,0.18948596823545008,0.257027749854175,-0.23586490516338243,-0.0028955326432227313,-0.06418639142815219,56.27536297954437,0.22012236865972779,0.2222222222222222,0.5,0.7222222222222222,0.03747988688087253,0.07464431910799374,0.09043954472587123,-8.850000381469727,-0.051000118255615234,XOM
2019-02-28,0.04477637048398808,-0.026248073148409046,-0.2334080998537751,-0.013100099297556289,-0.055396036335252585,0.27499023517440696,0.3952228039648311,-0.38515883922975747,0.07563968208298655,-0.08762919334748898,60.89712579018958,0.012537946189042248,0.3333333333333333,0.7777777777777778,0.6666666666666666,0.042977434889149145,0.04477637048398808,0.09702565277548492,-1.7899999618530273,0.07599997520446777,AAPL
2019-02-28,-0.04590598487961817,-0.029783966304759768,-0.18526263151893607,0.08422101228491718,0.1363880237191475,0.32128851982674267,0.44474569101948824,-0.34103783046300673,0.024705089842914862,-0.04946699684348854,52.32073430442281,0.03791297417730731,0.8333333333333334,0.8333333333333334,0.05555555555555555,0.042977434889149145,-0.04590598487961817,0.08593570731353273,-1.7899999618530273,0.07599997520446777,AMZN
2019-02-28,0.11481101020191953,-0.04044617682013907,-0.452256975039971,-0.629272713184847,-0.667452793861441,0.4836386459734427,0.4386545818738198,-0.6972191254663458,0.05214491634310958,-0.24490323777926482,54.38124800932403,-2.025468103224725,0.1111111111111111,0.9444444444444444,0.9444444444444444,0.042977434889149145,0.11481101020191953,0.06319135464802805,-1.7899999618530273,0.07599997520446777,BTC-USD
2019-02-28,0.2772739902318164,0.20831080565451265,-0.5168045419866878,-0.8401000815040132,-0.8748115754968391,0.8880978970108313,0.8344151324778952,-0.8966962006714376,0.10819584916383262,-0.21292435568273993,53.7125469873398,-0.5904197628681356,0.05555555555555555,1.0,1.0,0.042977434889149145,0.2772739902318164,0.04205727821257366,-1.7899999618530273,0.07599997520446777,ETH-USD
2019-02-28,-0.006092201492829408,0.07313481808278754,0.09232662787691037,-0.008080017089843738,-0.0020000000000000018,0.09396691092704426,0.09140959925814783,-0.13762324850530083,0.011634720843924917,0.04957169610162393,49.95745571195313,-0.18573815281398487,0.3888888888888889,0.2222222222222222,0.16666666666666666,0.042977434889149145,-0.006092201492829408,-0.01596899557748621,-1.7899999618530273,0.07599997520446777,GLD
2019-02-28,0.0005862222124688454,0.015229974952433167,-0.08544414196281414,0.020499539573174852,0.01990165057107629,0.2142876687758363,0.30106603210759403,-0.23401789833960573,0.03726108476598866,-0.005690728168354031,56.156541649715294,-0.07281294125275367,0.5,0.6666666666666666,0.3333333333333333,0.042977434889149145,0.0005862222124688454,0.0446851607125216,-1.7899999618530273,0.07599997520446777,GOOGL
2019-02-28,-0.005255619216477103,0.02931335615090158,0.02731268683625032,0.04307479906488454,0.048585766569793076,0.04493655241663333,0.046254931480046876,-0.06492904147031964,0.002039311476452532,0.028090198718885073,48.91768637491943,-0.05168674491788994,0.6666666666666666,0.1111111111111111,0.2222222222222222,0.042977434889149145,-0.005255619216477103,0.02655136783716916,-1.7899999618530273,0.07599997520446777,IEF
2019-02-28,0.033560811939641555,-0.06367420455665274,0.02770929317734505,0.08082921103472152,0.0457335442182385,0.11485338864739238,0.2775953777158077,-0.18282850760420133,0.050447284489371746,0.04148812444676864,64.3441224483148,0.23002336094608977,0.7777777777777778,0.2777777777777778,0.6111111111111112,0.042977434889149145,0.033560811939641555,0.02305307205402296,-1.7899999618530273,0.07599997520446777,JNJ
2019-02-28,0.0083092812194272,-0.053804002632078296,-0.07536877402284514,-0.07307206942881839,-0.08071070272191172,0.15864277450926587,0.21805727891645657,-0.2178600788313939,0.028755953700129844,-0.026798877277475652,52.74282538771067,0.021168534167960495,0.2222222222222222,0.5,0.3888888888888889,0.042977434889149145,0.0083092812194272,-0.029992381605923102,-1.7899999618530273,0.07599997520446777,JPM
2019-02-28,-0.002038207144382742,0.050756677374211634,0.024091011723532008,0.02781813839465208,0.02991732324100549,0.04455806653399716,0.036633204839130434,-0.05636759454406448,0.0145113852366614,0.029605156460796866,57.651893612683516,-0.0974904286472611,0.5555555555555556,0.05555555555555555,0.2777777777777778,0.042977434889149145,-0.002038207144382742,0.029289586161285852,-1.7899999618530273,0.07599997520446777,LQD
2019-02-28,0.0773575633489636,0.014594963835045771,0.005915438025464015,0.21489784632435782,0.12766447060328856,0.21574745529894568,0.32296523282049416,-0.18227958079533002,0.07173300587617848,0.06558088972311005,66.15203388703873,0.5237594062643047,1.0,0.7222222222222222,0.8333333333333334,0.042977434889149145,0.0773575633489636,0.052753880429088795,-1.7899999618530273,0.07599997520446777,MSFT
2019-02-28,0.07421897579844261,-0.05513699041735176,-0.4492893072167834,-0.3605220619313062,-0.40470429914591255,0.32817428813961314,0.5660482355792749,-0.5603846133092465,0.05655561206222237,-0.28117998714090897,52.46490251600591,0.00436546331849464,0.16666666666666666,0.8888888888888888,0.7777777777777778,0.042977434889149145,0.07421897579844261,0.16400863139985655,-1.7899999618530273,0.07599997520446777,NVDA
2019-02-28,-0.013763891822156316,0.04791704471421343,0.00573065241475601,0.0383699213133839,0.05286139161124592,0.08597810907773253,0.09109280606021751,-0.10595508287384314,-0.007000199020942843,0.02004767790794082,43.36601110102709,-0.18091764315193354,0.6111111111111112,0.16666666666666666,0.1111111111111111,0.042977434889149145,-0.013763891822156316,0.05571704813123923,-1.7899999618530273,0.07599997520446777,TLT
2019-02-28,0.02304747819366626,-0.003776758501665145,-0.10917260797406003,0.007438436743356647,-0.015257396927334854,0.16016201435936625,0.2556123056870018,-0.30190232150280216,0.049734256579139435,-0.06123788949771569,55.53893253453855,-0.02051708469057656,0.4444444444444444,0.5555555555555556,0.5555555555555556,0.042977434889149145,0.02304747819366626,0.021281493236322113,-1.7899999618530273,0.07599997520446777,XLE
2019-02-28,0.02235927337208654,-0.01055411587002153,-0.05387399791080916,-0.06415478891297188,-0.08462197638185043,0.11917465917687867,0.21064209432607803,-0.2466419802399321,0.05289749790210063,-0.0034582514965020295,61.29487161763698,-0.009110837657723247,0.2777777777777778,0.3888888888888889,0.5,0.042977434889149145,0.02235927337208654,-0.025593836517352697,-1.7899999618530273,0.07599997520446777,XLF
2019-02-28,0.06910072640068687,0.047505782967133925,-0.055437994852947536,0.05451055711127739,-0.013647141872711654,0.14002087245264322,0.28699136710426476,-0.23784945572800853,0.08436927479106471,0.02253082082698543,71.16322549458191,0.03444716953621996,0.7222222222222222,0.4444444444444444,0.7222222222222222,0.042977434889149145,0.06910072640068687,0.047686728335181616,-1.7899999618530273,0.07599997520446777,XLK
2019-02-28,0.010808484431169552,-0.039678643963173,-0.003827143046907455,0.10640905789726318,0.09457832511159858,0.11629851927552162,0.21198684475030988,-0.15441425129938113,0.034681305122049366,0.03393459033402335,55.53754040220422,-0.05622866737553367,0.9444444444444444,0.3333333333333333,0.4444444444444444,0.042977434889149145,0.010808484431169552,0.004818987948176812,-1.7899999618530273,0.07599997520446777,XLV
2019-02-28,0.09043954472587123,0.005124608264388986,0.006828714773794875,0.08762315726534098,-0.0025828001874587114,0.17870053000914357,0.24400651337342152,-0.23586490516338243,0.08937613974149383,0.019214838849928695,70.00894302191413,0.1586198478712204,0.8888888888888888,0.6111111111111112,0.8888888888888888,0.042977434889149145,0.09043954472587123,0.02239674499830291,-1.7899999618530273,0.07599997520446777,XOM
2019-03-29,0.09702565277548492,0.20936093082309437,-0.1519878858856032,0.14937614107676644,0.04772038663711675,0.2225178069074456,0.3229965003889884,-0.38515883922975747,0.09485646057626185,0.0030755986305548433,65.15859010265117,-0.030710016223638226,0.8888888888888888,0.8333333333333334,0.9444444444444444,0.039383193360668055,0.09702565277548492,0.05643587499157521,-1.0699996948242188,-0.2969999313354492,AAPL
2019-03-29,0.08593570731353273,0.18560949664193283,-0.11095859093807725,0.23036055735582917,0.1329957649146516,0.23824880619187172,0.3013569975637319,-0.34103783046300673,0.0638687940949787,0.026440861485720335,62.22165410164035,0.1470147005576945,0.9444444444444444,0.8888888888888888,0.8888888888888888,0.039383193360668055,0.08593570731353273,0.08185874546916994,-1.0699996948242188,-0.2969999313354492,AMZN
2019-03-29,0.06319135464802805,0.09503140259806497,-0.3831585799788906,-0.4280566588035968,-0.462050421407211,0.16729207694798826,0.32014565110751336,-0.6827930987193906,0.0521185730083602,-0.1305240916661613,62.19222531743125,-0.8011805557875675,0.1111111111111111,0.5555555555555556,0.8333333333333334,0.039383193360668055,0.06319135464802805,0.30557286729173194,-1.0699996948242188,-0.2969999313354492,BTC-USD
2019-03-29,0.04205727821257366,0.06845081393095209,-0.3592799260833558,-0.6308050769964639,-0.6457057296919311,0.2935005952553835,0.6013462575495482,-0.8966962006714376,0.050019487577308785,-0.0763658636379676,58.2568030535209,0.09070956313144918,0.05555555555555555,0.9444444444444444,0.5555555555555556,0.039383193360668055,0.04205727821257366,0.13802782846583428,-1.0699996948242188,-0.2969999313354492,ETH-USD
2019-03-29,-0.01596899557748621,0.006268058855509073,0.08203263413231099,-0.03005007354944922,-0.014309587714897765,0.11530560455142519,0.09885803835649733,-0.13762324850530083,-0.011951155781681266,0.032805845272556144,42.68302115587187,-0.11429676055520499,0.3333333333333333,0.2777777777777778,0.16666666666666666,0.039383193360668055,-0.01596899557748621,-0.006638842503124187,-1.0699996948242188,-0.2969999313354492,GLD
2019-03-29,0.0446851607125216,0.12625353387076244,-0.025010744542601326,0.13474557906329876,0.08620819146062342,0.19263238208823485,0.23185698862809548,-0.23401789833960573,0.030433135074802387,0.03126793599667321,51.74475090398041,-0.27853537956393304,0.7222222222222222,0.7777777777777778,0.6111111111111112,0.039383193360668055,0.0446851607125216,0.018752723975536734,-1.0699996948242188,-0.2969999313354492,GOOGL
2019-03-29,0.02655136783716916,0.027820331362184314,0.0674525422391512,0.058536193084422816,0.031157549684670993,0.04388547295709012,0.048370758841749475,-0.06492904147031964,0.02077787383830132,0.049161687030365275,71.78568770542728,0.1289387519762657,0.5,0.1111111111111111,0.4444444444444444,0.039383193360668055,0.02655136783716916,-0.0051853615586746615,-1.0699996948242188,-0.2969999313354492,IEF
2019-03-29,0.02305307205402296,0.0904078541674771,0.024920096832329097,0.1206733049907378,0.09542049733619296,0.10378033236929445,0.13631493117495336,-0.18282850760420133,0.03752808198091517,0.05013579393342438,62.71648667185887,-0.06585605631076497,0.6111111111111112,0.2222222222222222,0.3888888888888889,0.039383193360668055,0.02305307205402296,0.010086364014048499,-1.0699996948242188,-0.2969999313354492,JNJ
2019-03-29,-0.029992381605923102,0.045401262876878734,-0.08927021064841367,-0.05565916938542248,-0.026460398137895802,0.17537397133502566,0.17137575641586317,-0.2178600788313939,-0.022880185185663926,-0.05123403089771017,43.14418355290825,-0.4090472193155168,0.2222222222222222,0.6666666666666666,0.05555555555555555,0.039383193360668055,-0.029992381605923102,0.15517124624785317,-1.0699996948242188,-0.2969999313354492,JPM
2019-03-29,0.029289586161285852,0.061789466314795094,0.055572018211397234,0.05206455435709523,0.02212688100804372,0.03639260736813969,0.03739218240212881,-0.05636759454406448,0.02560068797020465,0.05398396831266283,80.69623740672692,0.12776575572985682,0.4444444444444444,0.05555555555555555,0.5,0.039383193360668055,0.029289586161285852,0.004364199689350867,-1.0699996948242188,-0.2969999313354492,LQD
2019-03-29,0.052753880429088795,0.1661286706563605,0.04009250570216194,0.3140215942044027,0.24817549346749912,0.17326475810830436,0.22810949748486462,-0.18227958079533002,0.06889030218263059,0.10285683435280557,64.13734534924453,-0.13431477809978176,1.0,0.6111111111111112,0.7222222222222222,0.039383193360668055,0.052753880429088795,0.10734258370156069,-1.0699996948242188,-0.2969999313354492,MSFT
2019-03-29,0.16400863139985655,0.346404414187206,-0.3597436896091484,-0.22218320463362284,-0.3317774676370213,0.4261328717843909,0.5180591411824891,-0.5603846133092465,0.13712710349151114,-0.12669748074029885,64.42709746192253,0.013424063422016103,0.16666666666666666,1.0,1.0,0.039383193360668055,0.16400863139985655,0.008020013661846237,-1.0699996948242188,-0.2969999313354492,NVDA
2019-03-29,0.05571704813123923,0.045127376531117314,0.0930761483053113,0.06574828657221898,0.00950182481066908,0.0940116267275133,0.09072910138257242,-0.10595508287384314,0.04086398445729689,0.07106170159338565,73.41425311077069,0.39592750538453503,0.5555555555555556,0.16666666666666666,0.7777777777777778,0.039383193360668055,0.05571704813123923,-0.019911012227482483,-1.0699996948242188,-0.2969999313354492,TLT
2019-03-29,0.021281493236322113,0.16196343892450105,-0.11193668642504839,0.011450464868886234,-0.009626169114533178,0.1808681139611482,0.18127121990031902,-0.30190232150280216,0.02404653265142853,-0.02820194314874802,54.81238682395173,-0.019122971016698298,0.3888888888888889,0.7222222222222222,0.2777777777777778,0.039383193360668055,0.021281493236322113,-0.00015156061945909016,-1.0699996948242188,-0.2969999313354492,XLE
2019-03-29,-0.025593836517352697,0.08485544909821874,-0.057201787616459554,-0.048571826639230986,-0.023581531996628713,0.16108359229640254,0.15686304002539891,-0.2466419802399321,-0.011494159243265467,-0.024119389553558412,45.626708741411,-0.08868712054795375,0.2777777777777778,0.4444444444444444,0.1111111111111111,0.039383193360668055,-0.025593836517352697,0.08984804693512327,-1.0699996948242188,-0.2969999313354492,XLF
2019-03-29,0.047686728335181616,0.19779063183298584,-0.01020470988283484,0.14764766986808708,0.09541109840319129,0.1657249103597074,0.2025997967775703,-0.23784945572800853,0.06416091925166989,0.06669320770761766,65.16885656844676,-0.04045026022450504,0.8333333333333334,0.5,0.6666666666666666,0.039383193360668055,0.047686728335181616,0.06364890620030472,-1.0699996948242188,-0.2969999313354492,XLK
2019-03-29,0.004818987948176812,0.06452028502697993,-0.027749215259499804,0.1451397437852644,0.13964779479697143,0.14697344726503708,0.15024146460112464,-0.15441425129938113,0.01209733948745817,0.02801335904766633,54.33144995424267,-0.08359369131642874,0.7777777777777778,0.3888888888888889,0.2222222222222222,0.039383193360668055,0.004818987948176812,-0.027138897893977165,-1.0699996948242188,-0.2969999313354492,XLV
2019-03-29,0.02239674499830291,0.1980799441769272,-0.02934312013423568,0.1288240931837341,0.1040959380065396,0.14065618069682645,0.17083502536340772,-0.23586490516338243,0.04807546900654569,0.04011833622443883,58.2222417635637,-0.16593636453219174,0.6666666666666666,0.3333333333333333,0.3333333333333333,0.039383193360668055,0.02239674499830291,-0.006436055946299035,-1.0699996948242188,-0.2969999313354492,XOM
2019-04-30,0.05643587499157521,0.21083025929257837,-0.07596758721001007,0.2327578111757893,0.16690263967571162,0.1444693207649263,0.21796109574057196,-0.38515883922975747,0.06246767025574562,0.05060034371865596,57.01476767559913,-0.16692018654641672,0.9444444444444444,0.5,0.6111111111111112,0.054092648327495496,0.05643587499157521,-0.12421272302039055,-0.5900001525878906,0.09500002861022949,AAPL
2019-04-30,0.08185874546916994,0.1208973577373813,0.2055744268106905,0.23011489907724147,0.13703836497044475,0.15198024961604814,0.24368463644402935,-0.34103783046300673,0.0894932246868243,0.1005576425073973,68.60860283317604,0.12251180493428349,0.8888888888888888,0.5555555555555556,0.7222222222222222,0.054092648327495496,0.08185874546916994,-0.07861319674779288,-0.5900001525878906,0.09500002861022949,AMZN
2019-04-30,0.30557286729173194,0.547439938900464,-0.15304574383437297,-0.42095149362371165,-0.5564793655849626,0.3398574955094536,0.42324144877945213,-0.6729456320749492,0.13436671763515595,0.19269177199413456,60.855496119174525,-45.23477288617329,0.1111111111111111,0.9444444444444444,1.0,0.054092648327495496,0.30557286729173194,0.6024930171574245,-0.5900001525878906,0.09500002861022949,BTC-USD
2019-04-30,0.13802782846583428,0.5147066840517731,-0.17841112573316298,-0.7579336937245553,-0.7872931573195603,0.4776103404146352,0.5135891383246717,-0.8966962006714376,0.048092293689166565,0.11564036976874714,50.709069114441526,-2.165080957334729,0.05555555555555555,1.0,0.8888888888888888,0.054092648327495496,0.13802782846583428,0.6533274844738468,-0.5900001525878906,0.09500002861022949,ETH-USD
2019-04-30,-0.006638842503124187,-0.028456938290643774,0.052540124552265866,-0.02720924222884391,-0.02070787605341251,0.07378320651241099,0.0944361148315622,-0.13762324850530083,-0.012065546819733486,0.024339878746590493,46.48473009185787,0.039033596087858835,0.2777777777777778,0.16666666666666666,0.16666666666666666,0.054092648327495496,-0.006638842503124187,0.017574298155486723,-0.5900001525878906,0.09500002861022949,GLD
2019-04-30,0.018752723975536734,0.06489975531802683,0.09937826826977458,0.17708955733108134,0.15542224293414186,0.2969213830233292,0.23520817191827498,-0.23401789833960573,0.0043577794711131546,0.04327093602078347,43.47208942289877,-0.061933428930708745,0.7777777777777778,0.8888888888888888,0.5555555555555556,0.054092648327495496,0.018752723975536734,-0.07711670703845519,-0.5900001525878906,0.09500002861022949,GOOGL
2019-04-30,-0.0051853615586746615,0.01586114061219379,0.06514592980997236,0.06666376468451185,0.07222363188760439,0.043990765847252485,0.044750774522414445,-0.06492904147031964,0.007546215392328914,0.03800005658454397,56.91441957432928,0.0012966019723661126,0.3888888888888889,0.1111111111111111,0.2777777777777778,0.054092648327495496,-0.0051853615586746615,0.030486220512099038,-0.5900001525878906,0.09500002861022949,IEF
2019-04-30,0.010086364014048499,0.0680527596820113,0.021798930212243883,0.1468319437989325,0.135380086947676,0.10922598058343894,0.10851836974382933,-0.18282850760420133,0.02583528837577931,0.046858250854105776,64.82695153246915,0.3070994395033977,0.7222222222222222,0.3333333333333333,0.5,0.054092648327495496,0.010086364014048499,-0.06482018342934759,-0.5900001525878906,0.09500002861022949,JNJ
2019-04-30,0.15517124624785317,0.12983566599586038,0.08133963647405373,0.09724481424377851,-0.050145320178481834,0.22412488380418222,0.19401465531126524,-0.2178600788313939,0.0958775057791843,0.08893294660586082,75.98546082715072,0.39862222628524746,0.6111111111111112,0.7777777777777778,0.9444444444444444,0.054092648327495496,0.15517124624785317,-0.08694519125354438,-0.5900001525878906,0.09500002861022949,JPM
2019-04-30,0.004364199689350867,0.031674550387267075,0.08235903893143903,0.07346517390599794,0.0688007141612772,0.03991549896334215,0.040574760020580365,-0.05636759454406448,0.015094111486354977,0.05123158233642999,61.806009251902005,-0.03127152506006331,0.5,0.05555555555555555,0.3888888888888889,0.054092648327495496,0.004364199689350867,0.01650559931218676,-0.5900001525878906,0.09500002861022949,LQD
2019-04-30,0.10734258370156069,0.2559394932711543,0.23325897033702692,0.42006434417443206,0.28240741851317885,0.13329857784875274,0.17520700325539387,-0.18227958079533002,0.11056499660035235,0.19362605335674887,84.44054148218501,0.6449165138829098,1.0,0.4444444444444444,0.8333333333333334,0.054092648327495496,0.10734258370156069,-0.0494808834538073,-0.5900001525878906,0.09500002861022949,MSFT
2019-04-30,0.008020013661846237,0.2604283862076153,-0.13974361682100545,-0.1926220579014486,-0.1990457221523012,0.2797768022461202,0.34858756334886554,-0.5603846133092465,0.04044094862554304,-0.09068827263555357,48.19997021680258,-0.05176420624633439,0.16666666666666666,0.8333333333333334,0.4444444444444444,0.054092648327495496,0.008020013661846237,-0.25074804309927123,-0.5900001525878906,0.09500002861022949,NVDA
2019-04-30,-0.019911012227482483,0.02045520027543546,0.10365473129120018,0.0668048432716144,0.08847753273524583,0.08930275882481617,0.09172525589341364,-0.10595508287384314,0.009725371587965492,0.04534566115147709,53.60048427866323,-0.030334489184509095,0.4444444444444444,0.2777777777777778,0.1111111111111111,0.054092648327495496,-0.019911012227482483,0.06839242894413244,-0.5900001525878906,0.09500002861022949,TLT
2019-04-30,-0.00015156061945909016,0.04466110269727941,0.0013660360280212114,-0.07639141141265571,-0.07625140750375237,0.1555709745478551,0.16376080967788276,-0.30190232150280216,-0.001978705752580301,-0.018705426280943294,44.75143967052808,-0.09270508670485289,0.2222222222222222,0.6111111111111112,0.3333333333333333,0.054092648327495496,-0.00015156061945909016,-0.1110270399108666,-0.5900001525878906,0.09500002861022949,XLE
2019-04-30,0.08984804693512327,0.08569918861497294,0.07833500380891989,0.04144470041479531,-0.04441293137740443,0.1247671568872542,0.1385023574852319,-0.2466419802399321,0.05623905628046777,0.06160904059715433,73.82577189276205,0.07255399066576113,0.3333333333333333,0.3888888888888889,0.7777777777777778,0.054092648327495496,0.08984804693512327,-0.0717344248613605,-0.5900001525878906,0.09500002861022949,XLF
2019-04-30,0.06364890620030472,0.19137467734006663,0.14440187548324634,0.2199483160554574,0.14694643029672672,0.0764283771334248,0.131609455650534,-0.23784945572800853,0.064311897611808,0.12256301540664838,76.24166434132368,-0.02129367792429937,0.8333333333333334,0.2222222222222222,0.6666666666666666,0.054092648327495496,0.06364890620030472,-0.08664718952152184,-0.5900001525878906,0.09500002861022949,XLK
2019-04-30,-0.027138897893977165,-0.011884865491110341,0.01464566749690488,0.10241479166219758,0.13316771456451537,0.15951506297715676,0.14118604103834473,-0.15441425129938113,-0.014620999039577365,-0.006495304236534105,49.30576535121562,0.06517274806210638,0.6666666666666666,0.6666666666666666,0.05555555555555555,0.054092648327495496,-0.027138897893977165,-0.02218251212956379,-0.5900001525878906,0.09500002861022949,XLV
2019-04-30,-0.006436055946299035,0.10768652796315803,0.029042721302309893,0.076263888723203,0.08323565399534272,0.17090337881306905,0.16604627208773634,-0.23586490516338243,-0.0040469214900547,0.029981719221078285,45.81177906307674,-0.21544614781921617,0.5555555555555556,0.7222222222222222,0.2222222222222222,0.054092648327495496,-0.006436055946299035,-0.10835554905407685,-0.5900001525878906,0.09500002861022949,XOM
2019-05-31,-0.12421272302039055,0.014982503077785259,-0.011658831907355727,-0.04888482834821606,0.08601163393462752,0.2811558337946919,0.2567369764442365,-0.38515883922975747,-0.09951471912145138,-0.07768120674404932,29.594214868751635,-0.3763290984003007,0.2777777777777778,0.8333333333333334,0.1111111111111111,0.014271966946398755,-0.12421272302039055,0.1305190009828252,5.589999198913574,-0.36700010299682617,AAPL
2019-05-31,-0.07861319674779288,0.08247197535264017,0.05023166651289035,0.08925392218899875,0.1821896280088593,0.24916490981312023,0.21869884927587718,-0.34103783046300673,-0.04338390971285333,0.011819547783900486,35.687009135094726,-0.5920241757719836,0.7777777777777778,0.7777777777777778,0.3888888888888889,0.014271966946398755,-0.07861319674779288,0.06679174655008091,5.589999198913574,-0.36700010299682617,AMZN
2019-05-31,0.6024930171574245,1.2243785483508636,1.13441094026934,0.14415632985536941,-0.2860147797180882,0.8894914148499987,0.6556896018245694,-0.6716664292494333,0.31172151003308923,0.8553133347850115,65.6939035013225,-24.86481565492886,0.9444444444444444,0.9444444444444444,0.9444444444444444,0.014271966946398755,0.6024930171574245,0.4470032311005674,5.589999198913574,-0.36700010299682617,BTC-USD
2019-05-31,0.6533274844738468,0.9606648305776004,1.3690925010536885,-0.5358506576828566,-0.7192635175572286,0.9730117672073082,0.7378911643332557,-0.8966962006714376,0.34549615193287697,0.8159653917277263,65.20343465148409,-0.8450897317937454,0.05555555555555555,1.0,1.0,0.014271966946398755,0.6533274844738468,0.1607995861383671,5.589999198913574,-0.36700010299682617,ETH-USD
2019-05-31,0.017574298155486723,-0.005322978015049218,0.06742254503894896,0.0018684269681932264,-0.015434618598133776,0.0846786128019181,0.0867013098298864,-0.13762324850530083,0.014035182707722527,0.03691809799150336,64.1524089418863,0.18724637446149278,0.3888888888888889,0.2222222222222222,0.7777777777777778,0.014271966946398755,0.017574298155486723,0.08002914919848991,5.589999198913574,-0.36700010299682617,GLD
2019-05-31,-0.07711670703845519,-0.01779759600451869,-0.0028386779934478357,0.005909162122669009,0.0899635628842006,0.23474841756730117,0.24402555591952813,-0.23401789833960573,-0.07232644191927262,-0.029679030698297804,33.56174185222726,-0.19845818902595802,0.4444444444444444,0.7222222222222222,0.4444444444444444,0.014271966946398755,-0.07711670703845519,-0.021419072228128,5.589999198913574,-0.36700010299682617,GOOGL
2019-05-31,0.030486220512099038,0.05236171983200366,0.08320997372501426,0.08844837272679817,0.056247382120155676,0.04510271774811346,0.04457060955038812,-0.05318734710770001,0.02698603118962306,0.06192576919449255,79.5876015263678,0.15459168016383878,0.7222222222222222,0.1111111111111111,0.8333333333333334,0.014271966946398755,0.030486220512099038,0.01217132493327,5.589999198913574,-0.36700010299682617,IEF
2019-05-31,-0.06482018342934759,-0.033611402107288746,-0.09514542737072618,0.12574053617032566,0.20376906796221106,0.1764023186608286,0.13345934649552404,-0.18132289293935355,-0.04355745995916582,-0.029813405085368005,30.606320886883424,-0.6424790855567954,0.8888888888888888,0.5,0.5555555555555556,0.014271966946398755,-0.06482018342934759,0.06199015427981269,5.589999198913574,-0.36700010299682617,JNJ
2019-05-31,-0.08694519125354438,0.023100656857167667,-0.031946253577256445,0.0184156392897854,0.11539376336890528,0.16019459996056493,0.20056716456884657,-0.2178600788313939,-0.028050129831573622,-0.005255978321249577,33.89479618879125,-0.6154214130144293,0.5,0.3888888888888889,0.2777777777777778,0.014271966946398755,-0.08694519125354438,0.055115179624512844,5.589999198913574,-0.36700010299682617,JPM
2019-05-31,0.01650559931218676,0.050844796508420664,0.10418218681516778,0.08552448786169564,0.06789818826006466,0.03598770494667606,0.03736073047414562,-0.05636759454406448,0.017546819710981598,0.06106652736648743,76.94381936975407,0.09135276144105187,0.6666666666666666,0.05555555555555555,0.7222222222222222,0.014271966946398755,0.01650559931218676,0.03246698058195219,5.589999198913574,-0.36700010299682617,LQD
2019-05-31,-0.0494808834538073,0.10807640674899344,0.12424874183196244,0.27163475763659317,0.33783185998110854,0.21903844158479696,0.18609786602821796,-0.18227958079533002,0.0029871174381157495,0.11161270747942709,45.29463998092269,-0.5093146378104004,1.0,0.6666666666666666,0.6111111111111112,0.014271966946398755,-0.0494808834538073,0.08311781077703184,5.589999198913574,-0.36700010299682617,MSFT
2019-05-31,-0.25074804309927123,-0.12086971448503003,-0.16934231261307264,-0.46086476245161,-0.28043532942040483,0.32023301813241467,0.36767359494259855,-0.5603846133092465,-0.2201335442639829,-0.28258266562524514,19.708547392025707,-0.04919256020902274,0.1111111111111111,0.8888888888888888,0.05555555555555555,0.014271966946398755,-0.25074804309927123,0.2123876393975055,5.589999198913574,-0.36700010299682617,NVDA
2019-05-31,0.06839242894413244,0.10546207040144595,0.158432545858739,0.11736914455611358,0.045841503819325835,0.0818504818456364,0.08901879144211694,-0.10595508287384314,0.057261893067009684,0.10788830479364542,81.96030520236238,0.422588852974798,0.8333333333333334,0.16666666666666666,0.8888888888888888,0.014271966946398755,0.06839242894413244,0.009501540009879683,5.589999198913574,-0.36700010299682617,TLT
2019-05-31,-0.1110270399108666,-0.09224596849162336,-0.0956743362475434,-0.20280619256992394,-0.10324178212333368,0.18736350469750515,0.1760977238875437,-0.30190232150280216,-0.09843994051509819,-0.11190635586370878,23.440817087647872,-0.15014111569362892,0.16666666666666666,0.5555555555555556,0.16666666666666666,0.014271966946398755,-0.1110270399108666,0.09395174907601556,5.589999198913574,-0.36700010299682617,XLE
2019-05-31,-0.0717344248613605,-0.014224052154278244,-0.024628045729722325,-0.023659069244259867,0.05179051868849105,0.16275586332637215,0.1562719474473879,-0.2466419802399321,-0.031155136759338564,-0.012807863929325314,34.21892025092659,-0.10784744719019242,0.3333333333333333,0.4444444444444444,0.5,0.014271966946398755,-0.0717344248613605,0.06653719765594834,5.589999198913574,-0.36700010299682617,XLF
2019-05-31,-0.08664718952152184,0.01781374103530009,0.06616577971788984,0.043467185393123886,0.142457956467537,0.20805163286402237,0.16479127724655593,-0.23784945572800853,-0.05115744515714715,0.020024574690874708,33.359894152121385,-0.16618262912248477,0.5555555555555556,0.6111111111111112,0.3333333333333333,0.014271966946398755,-0.08664718952152184,0.08938250516134505,5.589999198913574,-0.36700010299682617,XLK
2019-05-31,-0.02218251212956379,-0.04413519135035193,-0.0820626107696878,0.07599799718753997,0.1004078067072911,0.13412606761103518,0.14207724055129867,-0.15441425129938113,-0.023761817855684764,-0.03007800375194647,40.4991506793881,-0.08196178579125327,0.6111111111111112,0.2777777777777778,0.6666666666666666,0.014271966946398755,-0.02218251212956379,0.06594032303193065,5.589999198913574,-0.36700010299682617,XLV
2019-05-31,-0.10835554905407685,-0.09425281683617104,-0.08961121733588273,-0.09079623960403038,0.019693174147406234,0.14356437712747505,0.15657904660233954,-0.23586490516338243,-0.09434573757583542,-0.0777905317960873,21.32225926756503,-0.2896956140807706,0.2222222222222222,0.3333333333333333,0.2222222222222222,0.014271966946398755,-0.10835554905407685,0.08280315275259942,5.589999198913574,-0.36700010299682617,XOM
2019-06-28,0.1305190009828252,0.0459709875438814,0.26495644711001964,0.08547759584884074,-0.03984135171087555,0.23076070815240424,0.2579341713359989,-0.38515883922975747,0.02089454808696467,0.05586057180818815,57.869583513189184,0.1700245035384531,0.3888888888888889,0.6666666666666666,0.8333333333333334,0.09606051105688923,0.1305190009828252,0.07639475024197662,-3.6299991607666016,-0.1419999599456787,AAPL
2019-06-28,0.06679174655008091,0.06338907672049876,0.26076418798512013,0.11403112925903836,0.04428172870827507,0.26865481955107273,0.22631325803438915,-0.34103783046300673,0.012949164887202214,0.08476957492669901,55.518994754169505,0.20110386990760387,0.5555555555555556,0.7777777777777778,0.5,0.09606051105688923,0.06679174655008091,-0.014179183493694736,-3.6299991607666016,-0.1419999599456787,AMZN
2019-06-28,0.4470032311005674,2.0273787804830685,2.315074832187994,0.9952933150468337,0.3789142084563597,0.8375471750049084,0.7425624593895428,-0.6716664292494333,0.42854532673949564,1.3380430053545562,69.37263426057545,264.20074549772244,1.0,1.0,1.0,0.09606051105688923,0.4470032311005674,-0.18712355691899663,-3.6299991607666016,-0.1419999599456787,BTC-USD
2019-06-28,0.1607995861383671,1.1840823642577654,1.3335845797834476,-0.28619339779828623,-0.38507334881438504,0.7496182475490525,0.7535745415803689,-0.8966962006714376,0.20111694701150196,0.8538126442730871,60.80769841434216,2.3937267709439816,0.1111111111111111,0.9444444444444444,0.8888888888888888,0.09606051105688923,0.1607995861383671,-0.2974427885078793,-3.6299991607666016,-0.1419999599456787,ETH-USD
2019-06-28,0.08002914919848991,0.09171374982452263,0.09855667586179129,0.12262954264850778,0.03944374416341678,0.12626448304762436,0.09935823599721126,-0.13762324850530083,0.07395274796140527,0.10560565139567513,77.49407569739982,0.49568644011995344,0.6666666666666666,0.2777777777777778,0.5555555555555556,0.09606051105688923,0.08002914919848991,7.514839229982861e-05,-3.6299991607666016,-0.1419999599456787,GLD
2019-06-28,-0.021419072228128,-0.0799481260879552,0.03621167433785755,-0.04108263198502726,-0.020093953600415215,0.27691419477358714,0.2695280928453594,-0.23401789833960573,-0.05260502875669715,-0.03875007718784196,42.34778856975775,0.11581392305769422,0.2222222222222222,0.8333333333333334,0.05555555555555555,0.09606051105688923,-0.021419072228128,0.12504608951563134,-3.6299991607666016,-0.1419999599456787,GOOGL
2019-06-28,0.01217132493327,0.03762012271788251,0.06648705835996438,0.09952527661944233,0.08630352345926373,0.04872402076696506,0.0450854221879071,-0.050311223907068436,0.02407435547110892,0.0655349380415764,67.14352099471463,-0.04396613487348988,0.4444444444444444,0.05555555555555555,0.16666666666666666,0.09606051105688923,0.01217132493327,0.00038267256006618844,-3.6299991607666016,-0.1419999599456787,IEF
2019-06-28,0.06199015427981269,0.0031690478283790124,0.09386340880977406,0.1785788797591703,0.1097832451737013,0.15017538560546156,0.15038258893654802,-0.1695513430565685,0.006405193145132548,0.02455912848595787,49.26866682433327,-0.00209579044070074,0.8888888888888888,0.3888888888888889,0.3333333333333333,0.09606051105688923,0.06199015427981269,-0.0650488806695032,-3.6299991607666016,-0.1419999599456787,JNJ
2019-06-28,0.055115179624512844,0.11286655162666226,0.16339209848394987,0.10352361750366867,0.04587976631743951,0.18295461259317972,0.20034181282345326,-0.2178600788313939,0.006933327543861223,0.052278360152579806,58.56385758311038,0.09725174920649815,0.5,0.5,0.2777777777777778,0.09606051105688923,0.055115179624512844,0.04491256914091535,-3.6299991607666016,-0.1419999599456787,JPM
2019-06-28,0.03246698058195219,0.05408873139157122,0.11922031155269575,0.12625594406807283,0.09083967356830769,0.04931052486018857,0.04243763031732003,-0.05636759454406448,0.034701154646844534,0.0857431193396303,76.36890562090493,0.07261116641519982,0.7222222222222222,0.1111111111111111,0.2222222222222222,0.09606051105688923,0.03246698058195219,0.0025401025265046062,-3.6299991607666016,-0.1419999599456787,LQD
2019-06-28,0.08311781077703184,0.140035970575072,0.32942863086714236,0.38054240268025863,0.2746004072168784,0.24893093011394757,0.20908814931772046,-0.18227958079533002,0.04199038037191438,0.17834293905391152,57.92988009553297,-0.14899568676396058,0.9444444444444444,0.7222222222222222,0.6666666666666666,0.09606051105688923,0.08311781077703184,0.017244168475303523,-3.6299991607666016,-0.1419999599456787,MSFT
2019-06-28,0.2123876393975055,-0.08433093808201053,0.23286086690103902,-0.30417176482637387,-0.42606785770315414,0.4157722112053641,0.3632903904693026,-0.5603846133092465,0.027852076178209284,-0.07235284449401225,63.77488248096837,0.06652882135677536,0.05555555555555555,0.8888888888888888,0.9444444444444444,0.09606051105688923,0.2123876393975055,0.02733945978162544,-3.6299991607666016,-0.1419999599456787,NVDA
2019-06-28,0.009501540009879683,0.05706890351745164,0.10477164994581889,0.12074873154418131,0.11020012067858076,0.10329911593679665,0.0912549329992416,-0.10595508287384314,0.03999512339660383,0.10581527938630741,63.288139990932095,-0.11162764921754853,0.6111111111111112,0.16666666666666666,0.1111111111111111,0.09606051105688923,0.009501540009879683,0.002564606404264369,-3.6299991607666016,-0.1419999599456787,TLT
2019-06-28,0.09395174907601556,-0.02765386715021345,0.12983065635107782,-0.13284735030515815,-0.20732093492490422,0.18663839600284043,0.18310467280794002,-0.30190232150280216,0.01591735584093601,-0.01356598607177728,59.40298434873145,0.14098947504284967,0.16666666666666666,0.5555555555555556,0.7777777777777778,0.09606051105688923,0.09395174907601556,-0.015853210997125777,-3.6299991607666016,-0.1419999599456787,XLE
2019-06-28,0.06653719765594834,0.07898200599870875,0.17053950868662615,0.05981822958376082,-0.0062997972194073215,0.14783632394836438,0.14940041986064215,-0.2466419802399321,0.0200552139869854,0.055587983666110174,62.053432426239105,0.032708717249834665,0.3333333333333333,0.3333333333333333,0.4444444444444444,0.09606051105688923,0.06653719765594834,0.023550754175666988,-3.6299991607666016,-0.1419999599456787,XLF
2019-06-28,0.08938250516134505,0.058320634411955785,0.2676465413741831,0.1397341341642735,0.046220339287962986,0.2063170953796236,0.17715002875240007,-0.23784945572800853,0.026613989686228967,0.10602607334703751,59.723111042123435,0.07874746047431036,0.8333333333333334,0.6111111111111112,0.7222222222222222,0.09606051105688923,0.08938250516134505,0.034982303497586464,-3.6299991607666016,-0.1419999599456787,XLK
2019-06-28,0.06594032303193065,0.014008348894188671,0.07943245658457898,0.12833976375914435,0.05853933787749632,0.1057746526036178,0.1351040617460816,-0.15441425129938113,0.036555027245384286,0.03276129118483495,61.207519112294584,0.0267590447717706,0.7777777777777778,0.2222222222222222,0.3888888888888889,0.09606051105688923,0.06594032303193065,-0.016191619186997186,-3.6299991607666016,-0.1419999599456787,XLV
2019-06-28,0.08280315275259942,-0.040738431216144066,0.1492720467796338,-0.03324281060768086,-0.10717180040091234,0.18253599974770388,0.1723973456937926,-0.23586490516338243,0.007705952793903181,0.0014759967342830027,55.55305333982494,0.19457619954559116,0.2777777777777778,0.4444444444444444,0.6111111111111112,0.09606051105688923,0.08280315275259942,-0.029622682808386425,-3.6299991607666016,-0.1419999599456787,XOM
2019-07-31,0.07639475024197662,0.06573215331846649,0.2904207395390366,0.13659660725514122,0.05592916260473313,0.1697631938780551,0.2466458546483169,-0.38515883922975747,0.08570579694383484,0.14657342994071665,67.67165441366377,0.061533606734095025,0.7222222222222222,0.7222222222222222,0.9444444444444444,-0.015023849881707919,0.07639475024197662,-0.016461138748090076,1.0400009155273438,0.020999908447265625,AAPL
2019-07-31,-0.014179183493694736,-0.03100927707353629,0.08613914100030806,0.05026324552644845,0.06536931249689348,0.16112819508346296,0.22808027254225366,-0.34103783046300673,-0.016497943606027188,0.06685841312880747,34.83169702789057,-0.884598047498614,0.5555555555555556,0.6111111111111112,0.3888888888888889,-0.015023849881707919,-0.014179183493694736,-0.048473822697145064,1.0400009155273438,0.020999908447265625,AMZN
2019-07-31,-0.18712355691899663,0.8849081170343396,1.916782101456607,0.2962799026329359,0.5946825789657695,0.833369895907806,0.8260967026771734,-0.6716664292494333,-0.03899216185839949,0.5629380203030767,48.450033765034256,-67.3027695465272,0.9444444444444444,0.9444444444444444,0.1111111111111111,-0.015023849881707919,-0.18712355691899663,-0.04833155703946379,1.0400009155273438,0.020999908447265625,BTC-USD
2019-07-31,-0.2974427885078793,0.34833505571706724,1.0423321212359618,-0.4960341715954064,-0.28266933971932384,0.8981885663861214,0.7796345145204044,-0.8966962006714376,-0.1711732918771003,0.1575625534728642,42.1674359753359,1.0546885172583167,0.05555555555555555,1.0,0.05555555555555555,-0.015023849881707919,-0.2974427885078793,-0.2278450978588692,1.0400009155273438,0.020999908447265625,ETH-USD
2019-07-31,7.514839229982861e-05,0.09909249231048922,0.06781568508109981,0.14846115326532372,0.14837485474123246,0.1616245804073007,0.13336772910360215,-0.13762324850530083,0.028510510002394795,0.08581187436537108,52.28005602023154,-0.32284199266751323,0.8333333333333334,0.6666666666666666,0.4444444444444444,-0.015023849881707919,7.514839229982861e-05,0.0791231345612986,1.0400009155273438,0.020999908447265625,GLD
2019-07-31,0.12504608951563134,0.016047111861396735,0.08198832081278917,-0.007350082833470384,-0.11768066533709964,0.35644348285136485,0.2944274550378208,-0.23401789833960573,0.08559518820631529,0.0837103420100771,66.48681847781864,0.4728332750718368,0.2777777777777778,0.8888888888888888,1.0,-0.015023849881707919,0.12504608951563134,-0.022713619287934028,1.0400009155273438,0.020999908447265625,GOOGL
2019-07-31,0.00038267256006618844,0.04342774156699547,0.05997769569465339,0.10578194126015417,0.10535895072068979,0.04198089680412578,0.04412194528960562,-0.050311223907068436,0.007743194750891247,0.05392724706045904,59.18773069508964,-0.026421290595147584,0.6111111111111112,0.05555555555555555,0.5,-0.015023849881707919,0.00038267256006618844,0.03951629086247599,1.0400009155273438,0.020999908447265625,IEF
2019-07-31,-0.0650488806695032,-0.07145165249274976,-0.008261374946710198,0.008951016603188977,0.07914841294129071,0.20504947804498536,0.18076246104648427,-0.1691017055751387,-0.04808948485885034,-0.04067564160246384,37.19056387131505,-0.09541026608773784,0.3333333333333333,0.7777777777777778,0.16666666666666666,-0.015023849881707919,-0.0650488806695032,-0.006897294358373163,1.0400009155273438,0.020999908447265625,JNJ
2019-07-31,0.04491256914091535,0.0066457690565702165,0.13734429290394523,0.03960076000467172,-0.005083496259032372,0.12712522762012238,0.16379868716992316,-0.2178600788313939,0.043439178890041896,0.0959841870564746,60.36874479087467,-0.021794411970162297,0.4444444444444444,0.5,0.8888888888888888,-0.015023849881707919,0.04491256914091535,-0.05293106831094663,1.0400009155273438,0.020999908447265625,JPM
2019-07-31,0.0025401025265046062,0.05217432597477689,0.08550147467905367,0.11414459656470544,0.11132172544215035,0.05192376063051146,0.046658320974445895,-0.05636759454406448,0.015861651233564977,0.07506029929040947,60.98789318213344,-0.04936600220104692,0.6666666666666666,0.1111111111111111,0.5555555555555556,-0.015023849881707919,0.0025401025265046062,0.03886045726829557,1.0400009155273438,0.020999908447265625,LQD
2019-07-31,0.017244168475303523,0.047277473104135215,0.3153171388847025,0.3054564514968008,0.2833265522214634,0.14735830515027715,0.20668173935245585,-0.18227958079533002,0.019124705488231974,0.16845912177953415,46.87867552230166,-0.2562906323593319,1.0,0.5555555555555556,0.6666666666666666,-0.015023849881707919,0.017244168475303523,0.015036567166853976,1.0400009155273438,0.020999908447265625,MSFT
2019-07-31,0.02733945978162544,-0.06678146598273138,0.17625513081042232,-0.3083867560961182,-0.32679190182094897,0.2986092096338621,0.3691143421357587,-0.5603846133092465,0.07520533116765615,0.01680389571107943,52.592896600706794,-0.004118778881918028,0.1111111111111111,0.8333333333333334,0.7777777777777778,-0.015023849881707919,0.02733945978162544,-0.006189138167293495,1.0400009155273438,0.020999908447265625,NVDA
2019-07-31,0.002564606404264369,0.0813098426967942,0.10342825208895667,0.1400029130363536,0.13708673311839403,0.10116664996728851,0.09370608380130244,-0.10595508287384314,0.014067637685213574,0.09067779081615868,59.272909970485486,-0.008371842452450345,0.7777777777777778,0.2222222222222222,0.6111111111111112,-0.015023849881707919,0.002564606404264369,0.11049070377694137,1.0400009155273438,0.020999908447265625,TLT
2019-07-31,-0.015853210997125777,-0.0429236204675687,-0.00017953399213055388,-0.15965214799900218,-0.14611533422526513,0.12035956381083963,0.1698194562712402,-0.30190232150280216,0.009471934354736034,-0.011616466006455273,48.654599713622346,-0.04283213850457086,0.16666666666666666,0.4444444444444444,0.3333333333333333,-0.015023849881707919,-0.015853210997125777,-0.08325367670822492,1.0400009155273438,0.020999908447265625,XLE
2019-07-31,0.023550754175666988,0.013345712815407529,0.10018861819014924,0.03199406463713084,0.008249039363235067,0.10358398701294366,0.14141716155768175,-0.2466419802399321,0.028990769138669048,0.07757607336314631,55.399614696117226,-0.013731275432819046,0.3888888888888889,0.2777777777777778,0.7222222222222222,-0.015023849881707919,0.023550754175666988,-0.0470798197330472,1.0400009155273438,0.020999908447265625,XLF
2019-07-31,0.034982303497586464,0.029797634969259246,0.2268748250870649,0.15548681943706977,0.1164314747530022,0.1097520658329415,0.18401680736106016,-0.23784945572800853,0.037664427758189456,0.13113102088400308,52.8332454393104,-0.06981834846314061,0.8888888888888888,0.3333333333333333,0.8333333333333334,-0.015023849881707919,0.034982303497586464,-0.015352255460760356,1.0400009155273438,0.020999908447265625,XLK
2019-07-31,-0.016191619186997186,0.02541864372714997,0.013231681074376,0.041790781706148916,0.058936681191138485,0.0941006712573346,0.11358730213465894,-0.15441425129938113,-0.0026377103593541174,0.016185424812127813,42.48117510197092,-0.17448326622709426,0.5,0.16666666666666666,0.2777777777777778,-0.015023849881707919,-0.016191619186997186,-0.0059250188706143625,1.0400009155273438,0.020999908447265625,XLV
2019-07-31,-0.029622682808386425,-0.06312454958491787,0.03776431480420217,-0.04783939281167604,-0.018772811029848624,0.11609158989355119,0.15213973453545857,-0.23586490516338243,-0.011028082263203287,-0.01930535811200318,39.70046844038067,-0.11370431681215368,0.2222222222222222,0.3888888888888889,0.2222222222222222,-0.015023849881707919,-0.029622682808386425,-0.06762413338677786,1.0400009155273438,0.020999908447265625,XOM
2019-08-30,-0.016461138748090076,0.19685340952811625,0.21478526942002896,-0.06875545204565614,-0.05316954454753586,0.3704845599944601,0.26937679875768006,-0.38515883922975747,0.024434296826364443,0.13182281839675336,54.26929594988509,-0.0002613991536448701,0.3333333333333333,0.8333333333333334,0.5,-0.020336138166204148,-0.016461138748090076,0.07296140641093318,2.8599987030029297,-0.5149998664855957,AAPL
2019-08-30,-0.048473822697145064,0.0006872631273919794,0.08321591842773524,-0.11746351312338821,-0.07250424851347514,0.26942257782204393,0.21440736626387774,-0.34103783046300673,-0.05624801074722885,0.009525977050393042,42.617675270037324,0.12801529556511282,0.2222222222222222,0.5,0.2777777777777778,-0.020336138166204148,-0.048473822697145064,-0.022732743159706414,2.8599987030029297,-0.5149998664855957,AMZN
2019-08-30,-0.04833155703946379,0.11938557838066854,1.489937267883283,0.3638457710710996,0.43311021938304983,0.507304758130286,0.7085035416084425,-0.6292576851364067,-0.08499085962794939,0.27652754707573246,39.2434187311398,-102.47806690414373,1.0,0.8888888888888888,0.3333333333333333,-0.020336138166204148,-0.04833155703946379,-0.1358910233778602,2.8599987030029297,-0.5149998664855957,BTC-USD
2019-08-30,-0.2278450978588692,-0.3702859640466243,0.23465816361486236,-0.40341878314224167,-0.22738142929160854,0.5948833254707246,0.7066667698594482,-0.8571583674299676,-0.19478937337862723,-0.16293513003091897,31.09068297577322,-1.1745322041987034,0.05555555555555555,1.0,0.05555555555555555,-0.020336138166204148,-0.2278450978588692,0.06537357061995541,2.8599987030029297,-0.5149998664855957,ETH-USD
2019-08-30,0.0791231345612986,0.16557202518263092,0.15936771091762747,0.26640822213602466,0.17355302798773198,0.13401486808046748,0.15030355001093698,-0.13024915424049954,0.04837169274107689,0.14509943326217223,61.56981026084484,-0.1279729659694131,0.9444444444444444,0.16666666666666666,0.9444444444444444,-0.020336138166204148,0.0791231345612986,-0.0339478600543478,2.8599987030029297,-0.5149998664855957,GLD
2019-08-30,-0.022713619287934028,0.07594211766205139,0.0567929345276561,-0.03350383099542398,-0.011040992610198863,0.2729711111658047,0.27572579726652835,-0.23401789833960573,0.027295474893744176,0.049452325790587004,53.78546953176463,-0.06415942979346534,0.3888888888888889,0.5555555555555556,0.4444444444444444,-0.020336138166204148,-0.022713619287934028,0.02571117002943546,2.8599987030029297,-0.5149998664855957,GOOGL
2019-08-30,0.03951629086247599,0.052571217456661046,0.1076856566483575,0.13793952810140042,0.0946817650710059,0.06295386351704253,0.05425711355353582,-0.04681452864560398,0.027388798117780278,0.07901253431844979,67.41412202055825,-0.0272495152781167,0.7222222222222222,0.1111111111111111,0.8888888888888888,-0.020336138166204148,0.03951629086247599,-0.011860921119254741,2.8599987030029297,-0.5149998664855957,IEF
2019-08-30,-0.006897294358373163,-0.013939501378402275,-0.04708237729968645,-0.020677703518424795,-0.013876116822326479,0.17073475956032294,0.17723347143462376,-0.1691017055751387,-0.03373434425547994,-0.042228129105681744,43.525517634399264,0.013152754245018938,0.5,0.2777777777777778,0.6111111111111112,-0.020336138166204148,-0.006897294358373163,0.00794648145180199,2.8599987030029297,-0.5149998664855957,JNJ
2019-08-30,-0.05293106831094663,0.04414644548950508,0.06826691423538955,-0.012247053419699672,0.042957818095340716,0.28350669409433943,0.21429717390728362,-0.2178600788313939,-0.011043078780375803,0.03470630369473637,52.00048481934129,0.2551344477933153,0.5555555555555556,0.6666666666666666,0.2222222222222222,-0.020336138166204148,-0.05293106831094663,0.07127273080639984,2.8599987030029297,-0.5149998664855957,JPM
2019-08-30,0.03886045726829557,0.0753136058942836,0.12998770736871457,0.15721025447438142,0.11392270865452803,0.04980128782835837,0.05259770376268235,-0.05636759454406448,0.029191885591052236,0.09804728234851945,72.2717720041284,0.005463568654372253,0.7777777777777778,0.05555555555555555,0.8333333333333334,-0.020336138166204148,0.03886045726829557,-0.0075588909439723295,2.8599987030029297,-0.5149998664855957,LQD
2019-08-30,0.015036567166853976,0.11836249546816813,0.23923109542120535,0.2465616901653973,0.22809535191896635,0.28432050390726327,0.22102514457424535,-0.18227958079533002,0.008941589687353035,0.15330007336704377,53.32897876341721,0.07812037769250213,0.8333333333333334,0.7222222222222222,0.7777777777777778,-0.020336138166204148,0.015036567166853976,0.008486849144693887,2.8599987030029297,-0.5149998664855957,MSFT
2019-08-30,-0.006189138167293495,0.23782488257529755,0.08820934243595557,-0.40071147913392635,-0.3969793007082719,0.5601591465179896,0.43243374045399735,-0.5603846133092465,0.02654683259946511,0.04920130329313377,54.55346800332127,0.016550229121264134,0.1111111111111111,0.9444444444444444,0.6666666666666666,-0.020336138166204148,-0.006189138167293495,0.039162292865164705,2.8599987030029297,-0.5149998664855957,NVDA
2019-08-30,0.11049070377694137,0.1239171073160863,0.24244773241324502,0.249567768511207,0.12523928769619075,0.16585768217160568,0.13098181731810135,-0.10595508287384314,0.07652613201182068,0.1770944440667397,68.55771786414583,-0.041842770301050436,0.8888888888888888,0.2222222222222222,1.0,-0.020336138166204148,0.11049070377694137,-0.026798827524235902,2.8599987030029297,-0.5149998664855957,TLT
2019-08-30,-0.08325367670822492,-0.013022564873303666,-0.1040672542559441,-0.2018785686781831,-0.12939772863665266,0.27762249872545,0.2067262143643312,-0.30190232150280216,-0.05558086541105778,-0.0789305491643626,43.82481752553084,0.04382675047558382,0.16666666666666666,0.6111111111111112,0.1111111111111111,-0.020336138166204148,-0.08325367670822492,0.039343080787638485,2.8599987030029297,-0.5149998664855957,XLE
2019-08-30,-0.0470798197330472,0.040260034618412766,0.025463321631989277,-0.02978248721522392,0.01815192172021951,0.2650057424564862,0.18774159369353446,-0.2466419802399321,-0.018098839580705572,0.02352627421416731,50.21488690714104,0.0520123844812842,0.4444444444444444,0.4444444444444444,0.3888888888888889,-0.020336138166204148,-0.0470798197330472,0.04542157797712898,2.8599987030029297,-0.5149998664855957,XLF
2019-08-30,-0.015352255460760356,0.11018207528493451,0.12995857127609245,0.06731593381764456,0.08395712043913628,0.3002006706153086,0.21313416105248986,-0.23784945572800853,0.0006164655007967479,0.09739170019790833,52.62384302543306,0.05397701749438172,0.6666666666666666,0.7777777777777778,0.5555555555555556,-0.020336138166204148,-0.015352255460760356,0.015728674881278604,2.8599987030029297,-0.5149998664855957,XLK
2019-08-30,-0.0059250188706143625,0.04246756839334909,-0.003541937214227464,-0.007355524760752852,-0.0014390321829780284,0.19887161742926737,0.14039412336322996,-0.15441425129938113,-0.011327161761927496,0.008958854715327425,49.84121380738371,0.03897407264593139,0.6111111111111112,0.3333333333333333,0.7222222222222222,-0.020336138166204148,-0.0059250188706143625,-0.0010556449796127465,2.8599987030029297,-0.5149998664855957,XLV
2019-08-30,-0.06762413338677786,-0.020326926206158058,-0.11266387298977765,-0.10660450766994112,-0.041807575334136704,0.2615694304519259,0.197271590434127,-0.23586490516338243,-0.055301962786056924,-0.07494104865092222,42.691767830673015,0.08300087802047718,0.2777777777777778,0.3888888888888889,0.16666666666666666,-0.020336138166204148,-0.06762413338677786,0.031104029259720445,2.8599987030029297,-0.5149998664855957,XOM
2019-09-30,0.07296140641093318,0.13591856168591487,0.1881378597360417,0.007555298294115387,-0.06095849088887717,0.20966980736746002,0.2652747734783692,-0.38515883922975747,0.06357893469934073,0.1877906474668365,62.30767685602987,-0.04393851657098069,0.4444444444444444,0.8333333333333334,1.0,0.010148108504175603,0.07296140641093318,0.1106844581109716,-2.739999771118164,0.16899991035461426,AAPL
2019-09-30,-0.022732743159706414,-0.08328978007741117,-0.025180365616273015,-0.13334497866626305,-0.11318524664807528,0.18076921318153627,0.20583970727308668,-0.34103783046300673,-0.04638393770984972,-0.02339105918406026,37.994137182160095,-0.4014670705524209,0.2222222222222222,0.7222222222222222,0.2222222222222222,0.010148108504175603,-0.022732743159706414,0.023474701269111886,-2.739999771118164,0.16899991035461426,AMZN
2019-09-30,-0.1358910233778602,-0.3315349228042769,1.0236969901963087,0.24830012512513622,0.44460960237310054,0.45958263513411673,0.4912945650796097,-0.5964668904434871,-0.17014886891948655,-0.017486403843475884,27.2012308308161,-177.3064227077531,0.9444444444444444,0.9444444444444444,0.05555555555555555,0.010148108504175603,-0.1358910233778602,0.10920318227380199,-2.739999771118164,0.16899991035461426,BTC-USD
2019-09-30,0.06537357061995541,-0.42205295473530424,0.2622839490375064,-0.19122933486889526,-0.2408572096823559,0.7661705844799116,0.6082452454365498,-0.8378121810365228,-0.038360043942279876,-0.14089678946905537,45.61302913530957,-2.86095414012019,0.1111111111111111,1.0,0.8888888888888888,0.010148108504175603,0.06537357061995541,0.02276455800147681,-2.739999771118164,0.16899991035461426,ETH-USD
2019-09-30,-0.0339478600543478,0.04256755479618013,0.1381853346919213,0.23155367582746544,0.27483147638050864,0.15725510759946662,0.15852781653268302,-0.1264457089497658,-0.012808569373829903,0.08375849035239669,40.72589186357219,-0.3913932128596527,0.8333333333333334,0.4444444444444444,0.1111111111111111,0.010148108504175603,-0.0339478600543478,0.02563546974700759,-2.739999771118164,0.16899991035461426,GLD
2019-09-30,0.02571117002943546,0.1277614523960613,0.037599037602765506,0.011647913135633736,-0.013710737783423133,0.17447258353679715,0.2764936723208414,-0.23401789833960573,0.018742532644173693,0.06165866606345083,52.16456716541255,-0.08727110686286776,0.5,0.6666666666666666,0.6111111111111112,0.010148108504175603,0.02571117002943546,0.03083999688119432,-2.739999771118164,0.16899991035461426,GOOGL
2019-09-30,-0.011860921119254741,0.027579746287102136,0.06623742244483344,0.13815784721925728,0.15181948730176398,0.06950251635574568,0.06362193223450043,-0.04681452864560398,0.004242843507500815,0.053781584598185495,53.349676904887964,0.028993995859998484,0.7222222222222222,0.05555555555555555,0.2777777777777778,0.010148108504175603,-0.011860921119254741,0.001879359966917571,-2.739999771118164,0.16899991035461426,IEF
2019-09-30,0.00794648145180199,-0.0641191859652801,-0.0611533349039417,-0.03775718509903869,-0.04534334648900329,0.12933647770037793,0.17021012762127138,-0.1691017055751387,-0.0025730336311743374,-0.025856448801739873,47.1893243079086,-0.048781413725262415,0.3333333333333333,0.2777777777777778,0.4444444444444444,0.010148108504175603,0.00794648145180199,0.020559538544706157,-2.739999771118164,0.16899991035461426,JNJ
2019-09-30,0.07127273080639984,0.060136026494667094,0.1797899240603118,0.07446982901857191,0.0029843924149599577,0.17066574507124135,0.21086682282578884,-0.2178600788313939,0.04236424634132718,0.09660315605716119,58.356452303456635,-0.19205338430361696,0.6111111111111112,0.6111111111111112,0.9444444444444444,0.010148108504175603,0.07127273080639984,0.0699352059064613,-2.739999771118164,0.16899991035461426,JPM
2019-09-30,-0.0075588909439723295,0.033626689945317034,0.08953424633692797,0.1500818633163048,0.15884141922558892,0.07339604153068101,0.061631066568512576,-0.05636759454406448,0.009073927932998105,0.07307301227273877,56.98237878674122,0.03941314283455161,0.7777777777777778,0.1111111111111111,0.3333333333333333,0.010148108504175603,-0.0075588909439723295,0.004451147733961047,-2.739999771118164,0.16899991035461426,LQD
2019-09-30,0.008486849144693887,0.04130304019944453,0.1871229220965469,0.23471765461986993,0.22432697626850007,0.17013297758403406,0.2075016344743174,-0.18227958079533002,0.011506053465167865,0.13271023645895252,53.132046952159115,0.02156880355089802,0.8888888888888888,0.5555555555555556,0.5,0.010148108504175603,0.008486849144693887,0.03121630426130073,-2.739999771118164,0.16899991035461426,MSFT
2019-09-30,0.039162292865164705,0.06096507531347406,-0.0285071047599621,-0.37799554332268714,-0.4014366562875079,0.34620778546854497,0.4135369807710193,-0.5603846133092465,0.02851958911863206,0.07877975395735648,50.444523163819056,-0.028965801011940726,0.05555555555555555,0.8888888888888888,0.7222222222222222,0.010148108504175603,0.039162292865164705,0.1548227391938497,-2.739999771118164,0.16899991035461426,NVDA
2019-09-30,-0.026798827524235902,0.08350250421101868,0.14533680408475447,0.25194034232127827,0.2864147493127438,0.169579387834148,0.1554367544290134,-0.10595508287384314,0.016420930974325065,0.12008114912836088,54.49427843240441,0.08087058303391463,1.0,0.5,0.16666666666666666,0.010148108504175603,-0.026798827524235902,-0.011131886002568092,-2.739999771118164,0.16899991035461426,TLT
2019-09-30,0.039343080787638485,-0.062291212607054613,-0.08822248683920686,-0.19028384041929702,-0.22093467061224759,0.18762097133342093,0.20933909571743456,-0.30190232150280216,-0.0006745093054496554,-0.03805534133995048,46.15250219010059,-0.06240940944884099,0.16666666666666666,0.7777777777777778,0.7777777777777778,0.010148108504175603,0.039343080787638485,-0.02094589366263533,-2.739999771118164,0.16899991035461426,XLE
2019-09-30,0.04542157797712898,0.01966465800486894,0.10019981814008072,0.03726642180716433,-0.007800830154801819,0.12182566075107201,0.183065158463044,-0.2466419802399321,0.023312946140008783,0.060934238906440896,56.15125146471964,-0.022777586126765947,0.5555555555555556,0.2222222222222222,0.8333333333333334,0.010148108504175603,0.04542157797712898,0.02500005793666671,-2.739999771118164,0.16899991035461426,XLF
2019-09-30,0.015728674881278604,0.03512197310264553,0.09549094326774732,0.08431177601242679,0.06752108395400414,0.15221412927942554,0.20156751799617523,-0.23784945572800853,0.0101598759923891,0.09189026178026971,52.33674652773091,-0.05378784044466822,0.6666666666666666,0.3888888888888889,0.5555555555555556,0.010148108504175603,0.015728674881278604,0.03899122489777129,-2.739999771118164,0.16899991035461426,XLK
2019-09-30,-0.0010556449796127465,-0.023053101344050586,-0.009367688336582414,-0.03685695759594643,-0.03583914603091487,0.09121487326877678,0.13545019888486348,-0.15441425129938113,-0.004146889253423436,0.0074938757600571115,47.014457921586974,-0.13427404454692077,0.3888888888888889,0.16666666666666666,0.3888888888888889,0.010148108504175603,-0.0010556449796127465,0.05125901871202987,-2.739999771118164,0.16899991035461426,XLV
2019-09-30,0.031104029259720445,-0.06710203865015396,-0.10510683808028565,-0.13136579563780182,-0.15756880032189113,0.13089230615700506,0.1871330315463902,-0.23586490516338243,-0.004211981855604008,-0.04134635804735609,45.696822693492194,-0.10580612811295143,0.2777777777777778,0.3333333333333333,0.6666666666666666,0.010148108504175603,0.031104029259720445,-0.04305337157247302,-2.739999771118164,0.16899991035461426,XOM
2019-10-31,0.1106844581109716,0.17210446433401216,0.24914941468887442,0.15425454759016421,0.039228143655935854,0.19673522509155705,0.2703012586477703,-0.38515883922975747,0.10850481279483004,0.2566022569135342,70.83672976876055,0.08506491376151404,0.6111111111111112,0.7777777777777778,0.9444444444444444,0.03586587845553067,0.1106844581109716,0.07755413191296356,-3.0199995040893555,0.016000032424926758,AAPL
2019-10-31,0.023474701269111886,-0.048275606706452034,-0.077787892115735,0.11179533336045133,0.08629488543470765,0.1582274793640628,0.2051152925611123,-0.34103783046300673,0.0015223648400013445,-0.013119985798104916,52.37088197318924,0.202620987012905,0.3888888888888889,0.3888888888888889,0.4444444444444444,0.03586587845553067,0.023474701269111886,0.013587301227403925,-3.0199995040893555,0.016000032424926758,AMZN
2019-10-31,0.10920318227380199,-0.08785203806119923,0.7193150973947755,0.45618123942832467,0.31281740144599834,0.7066528846019459,0.5264718809333647,-0.5534856624716628,0.0422040582480947,0.016614843559404457,58.53308888600618,172.4857296356817,1.0,1.0,0.8888888888888888,0.03586587845553067,0.10920318227380199,-0.15634849992701993,-3.0199995040893555,0.016000032424926758,BTC-USD
2019-10-31,0.02276455800147681,-0.15863968851306076,0.13443560246687136,-0.06796033044102223,-0.08870554589785473,0.5836518241748334,0.5958794129372409,-0.7474655620159414,0.0011637590267721265,-0.13907259170099118,53.0984846419239,1.6934754687793716,0.16666666666666666,0.9444444444444444,0.3888888888888889,0.03586587845553067,0.02276455800147681,-0.15580391119911197,-3.0199995040893555,0.016000032424926758,ETH-USD
2019-10-31,0.02563546974700759,0.0692139140996999,0.17516498566089256,0.23690830037697763,0.2059921257228794,0.09250906023221091,0.1333367624189989,-0.11775206049316811,0.0044867493488722765,0.09147987980181971,56.74813196003786,0.1610019334368149,0.8333333333333334,0.16666666666666666,0.5555555555555556,0.03586587845553067,0.02563546974700759,-0.03208588289288572,-3.0199995040893555,0.016000032424926758,GLD
2019-10-31,0.03083999688119432,0.03332798798598424,0.04990991779870746,0.1542481472688042,0.1197161060503873,0.1658370811274508,0.21373338377838585,-0.23401789833960573,0.03147923384385409,0.07499556785946382,57.42017249787308,0.08365680907665318,0.5555555555555556,0.4444444444444444,0.6111111111111112,0.03586587845553067,0.03083999688119432,0.03597867842298608,-3.0199995040893555,0.016000032424926758,GOOGL
2019-10-31,0.001879359966917571,0.029117123640777898,0.07380935612841921,0.14376366507205285,0.14161815361663943,0.05900763599642659,0.0646739848179733,-0.04145674470685623,0.0013210167108004267,0.04405415544237745,55.41958879364551,-0.002583163131745725,0.5,0.1111111111111111,0.2222222222222222,0.03586587845553067,0.001879359966917571,-0.0068723408605378955,-3.0199995040893555,0.016000032424926758,IEF
2019-10-31,0.020559538544706157,0.02157436036663074,-0.05141881582578889,-0.030740760791327593,-0.050266836376040014,0.2999451472922469,0.21150724413311475,-0.1691017055751387,0.014793946419314974,-0.009617496838889905,53.903663597763995,0.08475289337582952,0.2777777777777778,0.8333333333333334,0.3333333333333333,0.03586587845553067,0.020559538544706157,0.04848964399301203,-3.0199995040893555,0.016000032424926758,JNJ
2019-10-31,0.0699352059064613,0.08552322107579324,0.09273735770860725,0.18162021714624355,0.10438483622488293,0.1873372991175218,0.22820542167263405,-0.2178600788313939,0.0750056024797654,0.1443711915760313,67.30571385512967,0.3037696903409839,0.7222222222222222,0.6666666666666666,0.8333333333333334,0.03586587845553067,0.0699352059064613,0.054755157387493814,-3.0199995040893555,0.016000032424926758,JPM
2019-10-31,0.004451147733961047,0.0355969925069215,0.08962856757247617,0.17936932918998583,0.17414304503572886,0.05031204015621923,0.059168621253055866,-0.05636759454406448,0.005674222030482401,0.060187172030964575,58.06656377185628,-0.002983653107684281,0.6666666666666666,0.05555555555555555,0.2777777777777778,0.03586587845553067,0.004451147733961047,0.004750634504910423,-3.0199995040893555,0.016000032424926758,LQD
2019-10-31,0.03121630426130073,0.05560563137953989,0.1055119982256596,0.3633825886270061,0.32211116425631836,0.19245992451132887,0.22305424331396959,-0.18227958079533002,0.036137899965806186,0.12779491109123975,58.88388441810322,0.5277899674230851,0.9444444444444444,0.7222222222222222,0.6666666666666666,0.03586587845553067,0.03121630426130073,0.05946265745609791,-3.0199995040893555,0.016000032424926758,MSFT
2019-10-31,0.1548227391938497,0.1926209811146098,0.11297600363401261,-0.04255528854879276,-0.17091629827139254,0.3537004462916535,0.4238479429205174,-0.5603846133092465,0.10611170573502537,0.201906878348592,63.23671846668884,0.01387531912085252,0.2222222222222222,0.8888888888888888,1.0,0.03586587845553067,0.1548227391938497,0.07899675138927065,-3.0199995040893555,0.016000032424926758,NVDA
2019-10-31,-0.011131886002568092,0.0687002822625149,0.15559613410329964,0.2753791408649269,0.28973633876138827,0.13346737433074657,0.15850990236117335,-0.10595508287384314,-0.005509278290260267,0.08548278282467758,53.27644509015339,-0.011432625385839223,0.8888888888888888,0.2777777777777778,0.16666666666666666,0.03586587845553067,-0.011131886002568092,-0.004071225271024659,-3.0199995040893555,0.016000032424926758,TLT
2019-10-31,-0.02094589366263533,-0.06714359168323947,-0.10718516610456741,-0.10596554887511445,-0.08683856659417644,0.16927316771120782,0.22447228219130042,-0.30190232150280216,-0.009019015641454353,-0.057934266157771974,46.50519849725771,0.0375284672440858,0.1111111111111111,0.5555555555555556,0.1111111111111111,0.03586587845553067,-0.02094589366263533,0.01604539598870014,-3.0199995040893555,0.016000032424926758,XLE
2019-10-31,0.02500005793666671,0.021108459221150788,0.034735879471299524,0.11579191853090975,0.08857741996328072,0.13449315301469503,0.19496032064580462,-0.2466419802399321,0.036574091254943264,0.06724599691258915,62.64646766330523,0.060927312272098355,0.4444444444444444,0.3333333333333333,0.5,0.03586587845553067,0.02500005793666671,0.05052257928373316,-3.0199995040893555,0.016000032424926758,XLF
2019-10-31,0.03899122489777129,0.03913143550190523,0.07009509470207331,0.22461883332247456,0.17866138228738904,0.16721396250893555,0.2166672724615533,-0.23784945572800853,0.038168292237584334,0.10067870254724265,61.13876339540404,0.11441044512029896,0.7777777777777778,0.5,0.7222222222222222,0.03586587845553067,0.03899122489777129,0.05366351648493839,-3.0199995040893555,0.016000032424926758,XLK
2019-10-31,0.05125901871202987,0.04392710820993284,0.07046231945063508,0.08613995464927449,0.03318015381212103,0.1324161165911328,0.15258575986336426,-0.15441425129938113,0.044567766196555336,0.05096095947075896,69.96108079734442,0.36611247578494943,0.3333333333333333,0.2222222222222222,0.7777777777777778,0.03586587845553067,0.05125901871202987,0.05002634045799392,-3.0199995040893555,0.016000032424926758,XLV
2019-10-31,-0.04305337157247302,-0.08001398737933729,-0.1380876900504412,-0.11305541104554606,-0.07315145630232456,0.1731672619768673,0.205715895171104,-0.23586490516338243,-0.029437103478148985,-0.08257677449755885,40.94948667053454,-0.013240714776781903,0.05555555555555555,0.6111111111111112,0.05555555555555555,0.03586587845553067,-0.04305337157247302,0.0204474956295706,-3.0199995040893555,0.016000032424926758,XOM
2019-11-29,0.07755413191296356,0.2841444891858287,0.5369327102088002,0.5190138700875591,0.40968683159413954,0.1638734974199407,0.194219453316766,-0.38515883922975747,0.0974492683097572,0.2884357449633581,68.71041862358656,-0.1952659078233714,0.9444444444444444,0.7222222222222222,0.9444444444444444,0.011616579110471913,0.07755413191296356,0.09878356797045762,-0.6000003814697266,0.08500003814697266,AAPL
2019-11-29,0.013587301227403925,0.013798445403842674,0.01449519169397595,0.0654549758420786,0.05117238007211178,0.12897623926171223,0.15793515008976333,-0.34103783046300673,0.02225123128598616,-0.006950754779947443,57.776274749485694,0.27078614338080936,0.2777777777777778,0.6111111111111112,0.3888888888888889,0.011616579110471913,0.013587301227403925,0.026121694264473083,-0.6000003814697266,0.08500003814697266,AMZN
2019-11-29,-0.15634849992701993,-0.1913832994354191,-0.09484612695024874,0.9319703292645545,1.2900099497214539,0.4238487983005785,0.5052345919574732,-0.5295650807539415,-0.07913132352233154,-0.17791694935474822,43.727610856555316,-30.10715665363915,1.0,0.9444444444444444,0.05555555555555555,0.011616579110471913,-0.15634849992701993,-0.073138346981103,-0.6000003814697266,0.08500003814697266,BTC-USD
2019-11-29,-0.15580391119911197,-0.08014171475174969,-0.4207523266911728,0.37229131908873936,0.6255599111315093,0.5164996754286846,0.5046900233482272,-0.7304780873096481,-0.11819391845373783,-0.2759668563915628,38.922269253346435,-1.7516335935218956,0.8333333333333334,1.0,0.1111111111111111,0.011616579110471913,-0.15580391119911197,-0.16543857823722563,-0.6000003814697266,0.08500003814697266,ETH-USD
2019-11-29,-0.03208588289288572,-0.04097390879755436,0.11781398332581716,0.19317984696176893,0.23273317939397886,0.10384661224785864,0.12131654941577373,-0.1031592076894915,-0.01616974430703566,0.04422069932483419,44.24907394019732,-0.026576566539116553,0.5555555555555556,0.3888888888888889,0.16666666666666666,0.011616579110471913,-0.03208588289288572,0.03655877893383952,-0.6000003814697266,0.08500003814697266,GLD
2019-11-29,0.03597867842298608,0.09538594264581501,0.17857187078758052,0.17522628475427937,0.1344116527024113,0.12812211576680171,0.16556430184646442,-0.23401789833960573,0.03463231664795474,0.09543898948757557,56.27003717499013,-0.13773018380938484,0.4444444444444444,0.5,0.5555555555555556,0.011616579110471913,0.03597867842298608,0.027068833999144948,-0.6000003814697266,0.08500003814697266,GOOGL
2019-11-29,-0.0068723408605378955,-0.016807443071698236,0.034880186640350086,0.12099253977923152,0.1287496924117122,0.055577484753715725,0.06004103325270803,-0.03282270831587053,-0.0017710539685191762,0.02834023936579322,50.84428190352886,0.07888444954448554,0.3333333333333333,0.05555555555555555,0.2222222222222222,0.011616579110471913,-0.0068723408605378955,-0.009280512062994517,-0.6000003814697266,0.08500003814697266,IEF
2019-11-29,0.04848964399301203,0.07854920878618632,0.06351477060363653,-0.03767379676052618,-0.08217862832235323,0.13658902675028797,0.20319745524713687,-0.1691017055751387,0.04814063890130371,0.0342713219723354,68.65968322164922,0.4404471015205069,0.16666666666666666,0.6666666666666666,0.6111111111111112,0.011616579110471913,0.04848964399301203,0.06094992780111874,-0.6000003814697266,0.08500003814697266,JNJ
2019-11-29,0.054755157387493814,0.20895235561322067,0.2623233048797087,0.22199680448554115,0.15855968650799057,0.10766181707911752,0.16876596955666381,-0.2178600788313939,0.06832188108568826,0.175677366384418,70.77866098409989,-0.17443245761903237,0.6111111111111112,0.4444444444444444,0.8333333333333334,0.011616579110471913,0.054755157387493814,0.05798401955736776,-0.6000003814697266,0.08500003814697266,JPM
2019-11-29,0.004750634504910423,0.0015943219638618888,0.07702800199420046,0.18923513450312712,0.18361222542459155,0.0570929049928002,0.05914968157636482,-0.05543535197841254,0.009018045479939119,0.05249584092684145,61.04525612546533,0.12882016936460658,0.5,0.1111111111111111,0.3333333333333333,0.011616579110471913,0.004750634504910423,0.005273251078723229,-0.6000003814697266,0.08500003814697266,LQD
2019-11-29,0.05946265745609791,0.10180734726490726,0.23222001441234408,0.38532180086324064,0.30757020185078665,0.0858379893307799,0.16143795429661373,-0.18227958079533002,0.06378211283663404,0.1552234654123792,71.217439117159,0.15261895130504222,0.8888888888888888,0.2777777777777778,0.8888888888888888,0.011616579110471913,0.05946265745609791,0.04174879124760378,-0.6000003814697266,0.08500003814697266,MSFT
2019-11-29,0.07899675138927065,0.29484815841947243,0.6027952696484238,0.33137421204086626,0.23390011167934,0.30717196741841607,0.3322720797363805,-0.5603846133092465,0.10442114413243564,0.2501634825558714,62.09181107222674,0.0017103754359253376,0.7777777777777778,0.8888888888888888,1.0,0.011616579110471913,0.07899675138927065,0.08563245368836325,-0.6000003814697266,0.08500003814697266,NVDA
2019-11-29,-0.004071225271024659,-0.041550407359369324,0.07721789366893894,0.24788426700749744,0.25298545304817344,0.12881620514534212,0.14067723949542735,-0.08280553874656771,0.002900624919226047,0.06498057064785301,55.87472795134255,0.38932952183908404,0.6666666666666666,0.5555555555555556,0.2777777777777778,0.011616579110471913,-0.004071225271024659,-0.03197519697310702,-0.6000003814697266,0.08500003814697266,TLT
2019-11-29,0.01604539598870014,0.03390047465413515,0.020436438650412336,-0.07719314030027302,-0.09176611267279455,0.20498131162311567,0.1977611287661093,-0.30190232150280216,-0.0016580894016963166,-0.03965901062714339,46.16758149831005,-0.04590412061008134,0.1111111111111111,0.7777777777777778,0.4444444444444444,0.011616579110471913,0.01604539598870014,0.06026229231232216,-0.6000003814697266,0.08500003814697266,XLE
2019-11-29,0.05052257928373316,0.12569501047709442,0.1710155305686769,0.14217570653161649,0.0872452711205638,0.08081090710309874,0.12989265555184415,-0.2466419802399321,0.051145327119649586,0.1037108923818788,70.9519862555961,-0.016904720588935718,0.3888888888888889,0.16666666666666666,0.7222222222222222,0.011616579110471913,0.05052257928373316,0.026092650827086228,-0.6000003814697266,0.08500003814697266,XLF
2019-11-29,0.05366351648493839,0.11196606958494493,0.2344847987782459,0.31616544803929103,0.24913260015879568,0.083117596778828,0.1456376580645337,-0.23784945572800853,0.0584856146487418,0.12911018563673582,69.67077055463392,-0.00891843315363361,0.7222222222222222,0.2222222222222222,0.7777777777777778,0.011616579110471913,0.05366351648493839,0.04320617652888603,-0.6000003814697266,0.08500003814697266,XLK
2019-11-29,0.05002634045799392,0.10268438693952042,0.1495127115581527,0.05518069733474751,0.004908788168595413,0.09939883121639591,0.11692761193875326,-0.15441425129938113,0.06714554530454331,0.09407233974346907,76.1450505734405,0.17780399403630653,0.2222222222222222,0.3333333333333333,0.6666666666666666,0.011616579110471913,0.05002634045799392,0.03475315804102275,-0.6000003814697266,0.08500003814697266,XLV
2019-11-29,0.0204474956295706,0.006887303940087408,-0.01357961998502022,-0.1019739510430866,-0.11996839347146282,0.24588601315362354,0.19994700057128748,-0.23586490516338243,-0.009107678855574508,-0.06257600366695504,45.49600206997558,-0.08948207354661808,0.05555555555555555,0.8333333333333334,0.5,0.011616579110471913,0.0204474956295706,0.024218453339321933,-0.6000003814697266,0.08500003814697266,XOM
2019-12-31,0.09878356797045762,0.3150490364206149,0.4937886099973532,0.8895775328356668,0.7196994821517668,0.16780929909355805,0.18080078656012474,-0.38515883922975747,0.10845056853718105,0.3460631890460204,81.03415146644122,0.24754816333140361,0.9444444444444444,0.7777777777777778,1.0,0.019378967518627825,0.09878356797045762,0.054010053057503615,1.1599998474121094,0.14300000667572021,AAPL
2019-12-31,0.026121694264473083,0.06447910861550965,-0.024181122238074892,0.23027749504206452,0.19895866340096346,0.1875479221911419,0.16004997386233585,-0.26439195240687785,0.03882177425718214,0.011484444462500631,64.69244212391881,0.47301033117804536,0.5555555555555556,0.8333333333333334,0.4444444444444444,0.019378967518627825,0.026121694264473083,0.0870638027865227,1.1599998474121094,0.14300000667572021,AMZN
2019-12-31,-0.073138346981103,-0.13266054164403507,-0.4202138620151832,0.9220344340849418,1.0737015366043576,0.44609475852933006,0.3845382683643481,-0.48982813000684766,-0.04435757850071331,-0.22724907778749737,44.94723834995806,32.215939128510456,1.0,0.9444444444444444,0.1111111111111111,0.019378967518627825,-0.073138346981103,0.29984019674608997,1.1599998474121094,0.14300000667572021,BTC-USD
2019-12-31,-0.16543857823722563,-0.2794281184295525,-0.5835476101455377,-0.0281731248216619,0.16447615458384046,0.5646108226460865,0.45377082658301277,-0.6359235814421524,-0.12885320356881824,-0.33921201556189096,40.78719330353934,1.3091869896818533,0.05555555555555555,1.0,0.05555555555555555,0.019378967518627825,-0.16543857823722563,0.390008355135524,1.1599998474121094,0.14300000667572021,ETH-USD
2019-12-31,0.03655877893383952,0.02901993894286603,0.07282280158017818,0.17855665069265458,0.13698969575547681,0.07052744017489196,0.09119390937094313,-0.06579850616604466,0.02488994165947256,0.06883311040226392,73.05271045377332,0.4896523334364768,0.4444444444444444,0.16666666666666666,0.6111111111111112,0.019378967518627825,0.03655877893383952,0.04499655849690343,1.1599998474121094,0.14300000667572021,GLD
2019-12-31,0.027068833999144948,0.09683583036343979,0.23696916909071275,0.2817618938077959,0.24798051637585083,0.11910601136864124,0.14645549079628187,-0.2022793672364177,0.02159231434233888,0.1064987971469209,52.918650309349424,-0.16100831110701574,0.6111111111111112,0.5,0.5,0.019378967518627825,0.027068833999144948,0.0697256167221949,1.1599998474121094,0.14300000667572021,GOOGL
2019-12-31,-0.009280512062994517,-0.014239951276090679,0.012947060767676044,0.08029493111249097,0.0904145363709461,0.05997613947511278,0.05627180419763481,-0.03282270831587053,-0.006140184574114915,0.010899774849825405,42.92309780884558,-0.0021525658050388363,0.16666666666666666,0.1111111111111111,0.2222222222222222,0.019378967518627825,-0.009280512062994517,0.03465785806909216,1.1599998474121094,0.14300000667572021,IEF
2019-12-31,0.06094992780111874,0.13526534022270442,0.062473050753028,0.16220039306522716,0.09543378307584804,0.09185041341173608,0.19640888130422862,-0.14962124536685995,0.07036739952990634,0.09026452315664679,75.72437850135918,-0.04474280399677122,0.3333333333333333,0.2777777777777778,0.8888888888888888,0.019378967518627825,0.06094992780111874,0.020566295446829086,1.1599998474121094,0.14300000667572021,JNJ
2019-12-31,0.05798401955736776,0.19395578349335718,0.26575554012297453,0.4725699939913526,0.3918641177656319,0.15150067308003376,0.15706101664352404,-0.16897743767439877,0.05822822308085085,0.20586634756961275,71.51033155456915,-0.06671457365812294,0.7222222222222222,0.7222222222222222,0.7777777777777778,0.019378967518627825,0.05798401955736776,-0.044406471498240174,1.1599998474121094,0.14300000667572021,JPM
2019-12-31,0.005273251078723229,0.014544813908709653,0.04866059780164722,0.17368224098459573,0.16752558543178053,0.049324646571478455,0.05023358354614861,-0.03161310799571193,0.008957755327047234,0.04464621279186698,56.52888215383794,0.004897729662045824,0.3888888888888889,0.05555555555555555,0.2777777777777778,0.019378967518627825,0.005273251078723229,0.024460873094682256,1.1599998474121094,0.14300000667572021,LQD
2019-12-31,0.04174879124760378,0.13814718870594134,0.18515612779394752,0.5755804883369118,0.5124380287976991,0.10289348635511955,0.1376140838682374,-0.15387264465406836,0.05744852805387923,0.1629479626726844,69.90068103973886,0.05083998558211,0.8333333333333334,0.3333333333333333,0.6666666666666666,0.019378967518627825,0.04174879124760378,0.07945492234631946,1.1599998474121094,0.14300000667572021,MSFT
2019-12-31,0.08563245368836325,0.35275230157065485,0.43522294751638513,0.7694302072713153,0.6298611940531025,0.23490794254449784,0.2982728936984217,-0.5572365707733669,0.09667150039837935,0.3046441053608018,65.88945688141192,0.004446142611536835,0.8888888888888888,0.8888888888888888,0.9444444444444444,0.019378967518627825,0.08563245368836325,0.004802361259457877,1.1599998474121094,0.14300000667572021,NVDA
2019-12-31,-0.03197519697310702,-0.04664831448273088,0.032958938651756586,0.1411837509805831,0.17887862729575077,0.13635646048361424,0.12841945418596978,-0.08239905018414961,-0.017531789274678133,0.015483391527337798,39.17204528267558,-0.12121280413246954,0.2777777777777778,0.5555555555555556,0.16666666666666666,0.019378967518627825,-0.03197519697310702,0.07691220781017494,1.1599998474121094,0.14300000667572021,TLT
2019-12-31,0.06026229231232216,0.0547101409948878,-0.010989032636641416,0.11741491039455765,0.05390422586621613,0.13868817678730905,0.17840545190954465,-0.2629752310100304,0.03963600121200117,0.024135405414603683,65.2413084602228,0.04861950462034009,0.2222222222222222,0.6111111111111112,0.8333333333333334,0.019378967518627825,0.06026229231232216,-0.10992661295717099,1.1599998474121094,0.14300000667572021,XLE
2019-12-31,0.026092650827086228,0.10488189803610148,0.126609022696752,0.318740371909376,0.28520594202326643,0.11292610452901701,0.11867292147894878,-0.20713371036608175,0.034848750263594575,0.11334992290325929,64.96410098194977,-0.023745943589250695,0.6666666666666666,0.4444444444444444,0.3888888888888889,0.019378967518627825,0.026092650827086228,-0.026640641146219224,1.1599998474121094,0.14300000667572021,XLF
2019-12-31,0.04320617652888603,0.14204698613746336,0.18215792966654054,0.4985584108998551,0.4364930390712276,0.10400219345816109,0.12882251032319322,-0.22105114798023062,0.05620287997365714,0.1483250696542069,72.9742517070851,0.04713482116890544,0.7777777777777778,0.3888888888888889,0.7222222222222222,0.019378967518627825,0.04320617652888603,0.03992620888251652,1.1599998474121094,0.14300000667572021,XLK
2019-12-31,0.03475315804102275,0.14221192198929966,0.11588039479529755,0.204517515808458,0.16406266214140408,0.07800992306346137,0.10996466868896163,-0.12539003699222484,0.05064994583464033,0.11815381147698911,71.37287820153655,-0.08646177517524944,0.5,0.2222222222222222,0.5555555555555556,0.019378967518627825,0.03475315804102275,-0.026703592051026126,1.1599998474121094,0.14300000667572021,XLV
2019-12-31,0.024218453339321933,0.0001634440987652308,-0.06694956198362101,0.07232878664771758,0.04697272652288054,0.13976171313138092,0.19591859777550977,-0.1995886507628135,0.00868594787522814,-0.02983855378119382,52.301036066261084,-0.0022722032820725047,0.1111111111111111,0.6666666666666666,0.3333333333333333,0.019378967518627825,0.024218453339321933,-0.109773826060093,1.1599998474121094,0.14300000667572021,XOM
2020-01-31,0.054010053057503615,0.24794661033460197,0.46272379322368473,0.8875291189930521,0.7908075103436174,0.2831948436162242,0.20936956938183687,-0.2799541989821269,0.06902310087699348,0.34129458273645397,52.96168911068861,-0.3320245052623765,0.9444444444444444,0.7777777777777778,0.6666666666666666,0.05049856478561452,0.054010053057503615,-0.1147014451313827,5.060000419616699,-0.39900004863739014,AAPL
2020-01-31,0.0870638027865227,0.1306158387339773,0.07603467316717039,0.16872337560033768,0.07511939281254065,0.30914136581201684,0.21943584240445785,-0.22127372217529184,0.1008004387672885,0.09500810976906426,72.34151991607189,0.17677872388855342,0.3888888888888889,0.8888888888888888,0.8888888888888888,0.05049856478561452,0.0870638027865227,-0.06221372013363058,5.060000419616699,-0.39900004863739014,AMZN
2020-01-31,0.29984019674608997,0.016407733237795652,-0.07288575762830829,1.704190228155253,1.0804020639803986,0.4304920887506721,0.4242262544577486,-0.48982813000684766,0.17676562473818347,0.04942616985597792,67.0412871651624,49.15843538091735,1.0,0.9444444444444444,0.9444444444444444,0.05049856478561452,0.29984019674608997,-0.0725172016707778,5.060000419616699,-0.39900004863739014,BTC-USD
2020-01-31,0.390008355135524,-0.020692565045648537,-0.1760495914853314,0.6827803856150003,0.21062609400713384,0.6485820011017324,0.542263766316412,-0.6359235814421524,0.2225326385243771,0.025243450439483617,66.42775093735145,0.8741102562561114,0.8888888888888888,1.0,1.0,0.05049856478561452,0.390008355135524,0.2586605360542331,5.060000419616699,-0.39900004863739014,ETH-USD
2020-01-31,0.04499655849690343,0.048444916872109944,0.1210118932867632,0.19703408281406554,0.1454909330379508,0.09469082614925664,0.09212097451928862,-0.06579850616604466,0.04834917573412678,0.09598312313673962,70.7178483858925,-0.009744822912616247,0.5,0.2222222222222222,0.6111111111111112,0.05049856478561452,0.04499655849690343,-0.006361728631845698,5.060000419616699,-0.39900004863739014,GLD
2020-01-31,0.0697256167221949,0.13821096254354726,0.17614524382871433,0.27257541740217905,0.18962787981234608,0.19201360992990063,0.14817834226262458,-0.1986265147066928,0.04182048924255244,0.1605541913429629,53.479541694623954,-0.2691745535944823,0.6111111111111112,0.5555555555555556,0.7222222222222222,0.05049856478561452,0.0697256167221949,-0.06527872207471608,5.060000419616699,-0.39900004863739014,GOOGL
2020-01-31,0.03465785806909216,0.018011171141844917,0.04765272827967526,0.11048852481010685,0.07329057248212667,0.04782392149435659,0.05566146187925644,-0.03282270831587053,0.024508440889501992,0.0382528956326178,75.1920002581984,0.20624331938790624,0.16666666666666666,0.1111111111111111,0.5,0.05049856478561452,0.03465785806909216,0.029617020016451168,5.060000419616699,-0.39900004863739014,IEF
2020-01-31,0.020566295446829086,0.13527285656692345,0.1597656422889524,0.15018438346769125,0.12700604419246675,0.08491472181749729,0.10589052760019982,-0.12434455274475753,0.03699698124497486,0.10148118392531957,62.57746067906483,-0.06596941550477409,0.2777777777777778,0.16666666666666666,0.3888888888888889,0.05049856478561452,0.020566295446829086,-0.09090131153710235,5.060000419616699,-0.39900004863739014,JNJ
2020-01-31,-0.044406471498240174,0.06636029333840465,0.15755886045203282,0.3165429636355137,0.37772277057973946,0.19866125956558486,0.15835602598323673,-0.1534026508690587,-0.01885062568823881,0.11709169144251175,41.29083177501242,-0.48346528987579757,0.6666666666666666,0.6111111111111112,0.16666666666666666,0.05049856478561452,-0.044406471498240174,-0.12277118833538248,5.060000419616699,-0.39900004863739014,JPM
2020-01-31,0.024460873094682256,0.03475561573640995,0.07158980363627387,0.16321231209821274,0.1354384951612564,0.03589961221065909,0.047837732340309636,-0.03161310799571193,0.02234894987645286,0.057695627951587,78.15808237323009,0.11876156647270691,0.3333333333333333,0.05555555555555555,0.4444444444444444,0.05049856478561452,0.024460873094682256,0.010913671808239434,5.060000419616699,-0.39900004863739014,LQD
2020-01-31,0.07945492234631946,0.1913878592943028,0.25763573342828083,0.6541898346520507,0.5324306744152678,0.20776321845738185,0.14093337793770394,-0.10713576932223412,0.07914267978326217,0.21198847792615227,65.28465078201796,0.2743069040336197,0.8333333333333334,0.7222222222222222,0.8333333333333334,0.05049856478561452,0.07945492234631946,-0.045688126910777505,5.060000419616699,-0.39900004863739014,MSFT
2020-01-31,0.004802361259457877,0.17701934737292646,0.4037379688547771,0.6511539881788324,0.6432624482581952,0.2995313372459472,0.2789479904796952,-0.5362011235186344,0.0216271207117964,0.26544733378287044,45.20517427280969,-0.04785020302687873,0.7777777777777778,0.8333333333333334,0.3333333333333333,0.05049856478561452,0.004802361259457877,0.1429663813873956,5.060000419616699,-0.39900004863739014,NVDA
2020-01-31,0.07691220781017494,0.03823356617262741,0.10956050522310457,0.22432040886526994,0.13688042533647105,0.12150942054572776,0.1312599774023183,-0.08239905018414961,0.049059888149471265,0.07807698111452077,71.25081540080193,0.5700021553430564,0.5555555555555556,0.3333333333333333,0.7777777777777778,0.05049856478561452,0.07691220781017494,0.06626484642116703,5.060000419616699,-0.39900004863739014,TLT
2020-01-31,-0.10992661295717099,-0.041146529627795525,-0.10552739552652401,-0.10568798376405653,0.004762112040218369,0.17686240562471897,0.1816701103414158,-0.2629752310100304,-0.08070173554613735,-0.08057455043781536,22.222982751243848,-0.2321928240310085,0.1111111111111111,0.4444444444444444,0.05555555555555555,0.05049856478561452,-0.10992661295717099,-0.15288178323540236,5.060000419616699,-0.39900004863739014,XLE
2020-01-31,-0.026640641146219224,0.04921665862775826,0.07136400568055445,0.1787024849883525,0.21096332435369192,0.1481447573013438,0.11756970429301407,-0.11946509278323958,-0.01472069426121092,0.06438073464376282,41.38353350287409,-0.09131733516991489,0.4444444444444444,0.3888888888888889,0.2777777777777778,0.05049856478561452,-0.026640641146219224,-0.11248343071744937,5.060000419616699,-0.39900004863739014,XLF
2020-01-31,0.03992620888251652,0.14307470958331847,0.18780486385523698,0.45728788457995884,0.40133777967374296,0.19067503098430233,0.13213608255759424,-0.11814350408488627,0.04169374794217129,0.16174615029756212,53.33175685124011,-0.11764160651471733,0.7222222222222222,0.5,0.5555555555555556,0.05049856478561452,0.03992620888251652,-0.07300997326783432,5.060000419616699,-0.39900004863739014,XLK
2020-01-31,-0.026703592051026126,0.0575041364693476,0.10395723510448818,0.11856444515914077,0.14925364567643884,0.12045607807763417,0.10218038089504511,-0.09783804107252092,-0.017269581193754324,0.07203138094808748,32.816619093873044,-0.5477632686486504,0.2222222222222222,0.2777777777777778,0.2222222222222222,0.05049856478561452,-0.026703592051026126,-0.06586626524014527,5.060000419616699,-0.39900004863739014,XLV
2020-01-31,-0.109773826060093,-0.06957018322152442,-0.14401758283859634,-0.1116919933700512,-0.0021546965997066847,0.19953089664245288,0.20265225206229062,-0.22786700311730412,-0.09504651071726766,-0.12275081169549096,22.012127246461603,-0.4408473386560279,0.05555555555555555,0.6666666666666666,0.1111111111111111,0.05049856478561452,-0.109773826060093,-0.16003687920487908,5.060000419616699,-0.39900004863739014,XOM
2020-02-28,-0.1147014451313827,0.02528986522567611,0.3166203302476327,0.5994109826037581,0.8066345797222256,0.3883732473242801,0.2892506045591245,-0.2508970908379664,-0.1061912289106568,0.13565183945816672,28.677685180367575,-1.5428644347494664,0.8333333333333334,0.6666666666666666,0.2222222222222222,-0.03534940668910218,-0.1147014451313827,-0.06976143818643732,21.270000457763672,-0.3930000066757202,AAPL
2020-02-28,-0.06221372013363058,0.04606285031431434,0.06049689144336434,0.14874711425458198,0.2249561962223139,0.39465313343062214,0.2693695246561397,-0.20529931880821473,-0.028947788145024633,0.0183253713100906,34.746506853193395,-1.80152211387332,0.3888888888888889,0.7222222222222222,0.6111111111111112,-0.03534940668910218,-0.06221372013363058,0.035020571318223226,21.270000457763672,-0.3930000066757202,AMZN
2020-02-28,-0.0725172016707778,0.1174053369019128,-0.09644738328112135,1.2497893338617958,1.4256938650663828,0.43822117857754334,0.4269879450326478,-0.48982813000684766,-0.06246662240200429,-0.012742383228579124,35.891042447184944,-186.94673634290294,1.0,0.8888888888888888,0.4444444444444444,-0.03534940668910218,-0.0725172016707778,-0.257575337865913,21.270000457763672,-0.3930000066757202,BTC-USD
2020-02-28,0.2586605360542331,0.4601058182967539,0.3430904342994454,0.658257569180841,0.31747800274989335,0.8322421348632338,0.6643723196028203,-0.6359235814421524,0.09668809416582858,0.2683424451433747,45.89308288229057,-8.054172822601462,0.8888888888888888,1.0,1.0,-0.03534940668910218,0.2586605360542331,-0.41086049799151814,21.270000457763672,-0.3930000066757202,ETH-USD
2020-02-28,-0.006361728631845698,0.07630932994258965,0.032208729619565224,0.19670947204822764,0.2043713557857043,0.17901625285700754,0.12339952627552848,-0.06579850616604466,0.009562228174016862,0.06724979113287266,45.77652242637114,-0.07777327461192218,0.6111111111111112,0.2222222222222222,0.7222222222222222,-0.03534940668910218,-0.006361728631845698,-0.002224031676743232,21.270000457763672,-0.3930000066757202,GLD
2020-02-28,-0.06527872207471608,0.02696129526218094,0.12491896647153111,0.18880641568326717,0.2718298424980259,0.33436245547506055,0.23244376382553508,-0.1986265147066928,-0.06292822172994206,0.06402913056560489,31.993803324529523,-1.17245205089978,0.5555555555555556,0.5555555555555556,0.5555555555555556,-0.03534940668910218,-0.06527872207471608,-0.132387484029741,21.270000457763672,-0.3930000066757202,GOOGL
2020-02-28,0.029617020016451168,0.055414798619895844,0.0376759744750641,0.14941879317463558,0.11635566509600848,0.06264076763565289,0.058346076904775085,-0.03282270831587053,0.04426686253242762,0.05998589865452697,83.32544346535033,0.24676755762587943,0.4444444444444444,0.1111111111111111,0.8333333333333334,-0.03534940668910218,0.029617020016451168,0.03722718010752235,21.270000457763672,-0.3930000066757202,IEF
2020-02-28,-0.09090131153710235,-0.015655451758190164,0.06166403367920004,0.011678367080008911,0.11283668090045618,0.19541093261250242,0.14117114404309855,-0.12434455274475753,-0.08209447198023001,-0.007011554759183802,19.609775575137988,-1.4139508079572052,0.16666666666666666,0.2777777777777778,0.3333333333333333,-0.03534940668910218,-0.09090131153710235,-0.024910705735964545,21.270000457763672,-0.3930000066757202,JNJ
2020-02-28,-0.12277118833538248,-0.11311931837473732,0.07219648919872013,0.14539203497033504,0.3056935884229046,0.303788651152245,0.22498604694255986,-0.1717668130303971,-0.14315978979589594,-0.03726474941490687,18.418542289669162,-1.8037685260044798,0.3333333333333333,0.4444444444444444,0.16666666666666666,-0.03534940668910218,-0.12277118833538248,-0.22461448117384275,21.270000457763672,-0.3930000066757202,JPM
2020-02-28,0.010913671808239434,0.04110270051606291,0.04276255341813173,0.1783088670669013,0.16558802193192146,0.05315958272464218,0.04650376511803788,-0.03161310799571193,0.021109216078257553,0.05690724766497812,66.49505223343826,-0.02791648495563115,0.5,0.05555555555555555,0.7777777777777778,-0.03534940668910218,0.010913671808239434,-0.06311868351770933,21.270000457763672,-0.3930000066757202,LQD
2020-02-28,-0.045688126910777505,0.07314360876944703,0.18239751281255367,0.46526376502600963,0.5354139525507255,0.41361839236461906,0.26433131822215283,-0.1594485130237533,-0.0345502843635338,0.11598629786317072,37.83480813945945,-3.2537779976842782,0.7777777777777778,0.8333333333333334,0.6666666666666666,-0.03534940668910218,-0.045688126910777505,-0.026541688008310693,21.270000457763672,-0.3930000066757202,MSFT
2020-02-28,0.1429663813873956,0.24680036576351538,0.6144171575256125,0.7568238334082713,0.537073934996882,0.6353569176695391,0.41407723356709153,-0.5362011235186344,0.06871270206304336,0.3814629021449307,51.9910367548041,-0.0823578775761934,0.9444444444444444,0.9444444444444444,0.9444444444444444,-0.03534940668910218,0.1429663813873956,-0.02395673908218121,21.270000457763672,-0.3930000066757202,NVDA
2020-02-28,0.06626484642116703,0.1115573543756847,0.06537169349807215,0.3236686447639383,0.24140700052780195,0.13717848663879822,0.13492738600593776,-0.08239905018414961,0.09585278753739934,0.12981442438326019,80.03561753296619,0.6311374706491524,0.7222222222222222,0.16666666666666666,0.8888888888888888,-0.03534940668910218,0.06626484642116703,0.0637667126267576,21.270000457763672,-0.3930000066757202,TLT
2020-02-28,-0.15288178323540236,-0.20056500903697683,-0.17346378338820612,-0.2594791379940917,-0.12583527617410606,0.35118393340057247,0.2425849081105263,-0.30122498286349997,-0.196885752428833,-0.20919683680510415,16.654621869877587,-0.33135435202196084,0.1111111111111111,0.6111111111111112,0.1111111111111111,-0.03534940668910218,-0.15288178323540236,-0.3437094632263873,21.270000457763672,-0.3930000066757202,XLE
2020-02-28,-0.11248343071744937,-0.1135867161138816,-0.0021689891087802726,0.023239102855915794,0.1529239433615086,0.2627941612460978,0.18321678974439237,-0.14693614546370404,-0.12808312187737048,-0.06519275770066113,16.66720888813913,-0.4196237281659836,0.2222222222222222,0.3888888888888889,0.2777777777777778,-0.03534940668910218,-0.11248343071744937,-0.2103594656110388,21.270000457763672,-0.3930000066757202,XLF
2020-02-28,-0.07300997326783432,0.00565203123709912,0.11825093654483321,0.2635772305863522,0.3630968987236325,0.32384713101817103,0.2193031678580048,-0.14680433097970347,-0.07561410210578046,0.05088734455376209,29.414082903361717,-0.8328848446965247,0.6666666666666666,0.5,0.3888888888888889,-0.03534940668910218,-0.07300997326783432,-0.08577925619281201,21.270000457763672,-0.3930000066757202,XLK
2020-02-28,-0.06586626524014527,-0.05921380210973326,0.037390251861791235,0.0337158807230451,0.10660373590810379,0.23172629182965296,0.1553358202949329,-0.11572613142113497,-0.09220208342046765,-0.013606318912842141,20.10944823967607,-1.1220375299359577,0.2777777777777778,0.3333333333333333,0.5,-0.03534940668910218,-0.06586626524014527,-0.03887347870883584,21.270000457763672,-0.3930000066757202,XLV
2020-02-28,-0.16003687920487908,-0.234133322949738,-0.22885856636730806,-0.31573834690325675,-0.18536702843690156,0.3983776119182249,0.26260142525970936,-0.3718619669658165,-0.19687851124800282,-0.2457522097967575,23.485140807638658,-0.6118798540721702,0.05555555555555555,0.7777777777777778,0.05555555555555555,-0.03534940668910218,-0.16003687920487908,-0.26185849186925947,21.270000457763672,-0.3930000066757202,XOM
2020-03-31,-0.06976143818643732,-0.13198176831927488,0.14148653916726373,0.35624337356369407,0.4579522170308723,1.000655817626632,0.6580737471067385,-0.3142727448409445,-0.12520738602759884,0.01954593748762501,46.01624708080384,0.5035936570264337,0.8888888888888888,0.5,0.5,-0.11336204326801064,-0.06976143818643732,0.15537390487039815,13.430000305175781,-0.42899996042251587,AAPL
2020-03-31,0.035020571318223226,0.05513466386964039,0.12316880646528006,0.0948870052696913,0.05784081554555098,0.6578160704323578,0.45295948507661615,-0.22744701905130327,0.000956647674347888,0.05102638793878378,53.07453528695913,0.9500051945998692,0.5555555555555556,0.2777777777777778,0.8888888888888888,-0.11336204326801064,0.035020571318223226,0.2689001176660717,13.430000305175781,-0.42899996042251587,AMZN
2020-03-31,-0.257575337865913,-0.10494810415971068,-0.22368617346140396,0.5710239542139361,1.1160718849210296,1.687736366821691,1.0215702108920137,-0.6046713686928686,-0.1872515262492399,-0.21953606243907053,45.924799056041905,147.14787437405573,1.0,0.9444444444444444,0.2222222222222222,-0.11336204326801064,-0.257575337865913,0.34477896223547644,13.430000305175781,-0.42899996042251587,BTC-USD
2020-03-31,-0.41086049799151814,0.030728227113703932,-0.2572862220009069,-0.0624843193027389,0.5913305380153642,1.9155491334734103,1.2711960887954785,-0.6419143008985011,-0.3204558263013043,-0.2382650564916855,41.00361209440308,3.7413075677084358,0.2777777777777778,1.0,0.05555555555555555,-0.11336204326801064,-0.41086049799151814,0.553982393067973,13.430000305175781,-0.42899996042251587,ETH-USD
2020-03-31,-0.002224031676743232,0.03603925385052187,0.06610504973967646,0.213425132854701,0.2161298441511259,0.38014104053015774,0.24515595445876642,-0.12527726112612403,-0.009767858479858282,0.04317646750267867,48.222216118062505,0.5256727686603486,0.7222222222222222,0.1111111111111111,0.8333333333333334,-0.11336204326801064,-0.002224031676743232,0.07261060302877431,13.430000305175781,-0.42899996042251587,GLD
2020-03-31,-0.132387484029741,-0.13247832697137552,-0.04847114540536812,-0.012694576221348175,0.13795664032640098,0.854627715668009,0.5415422009417326,-0.3087083266619919,-0.13300659682505056,-0.0828413280812621,45.79107016843896,0.5951272979772533,0.3888888888888889,0.4444444444444444,0.3888888888888889,-0.11336204326801064,-0.132387484029741,0.15899987082713696,13.430000305175781,-0.42899996042251587,GOOGL
2020-03-31,0.03722718010752235,0.10495950543557853,0.08922493591612257,0.16137238813384536,0.1196895052571354,0.202199590224919,0.12361338147060702,-0.04675695350470477,0.048018085085662854,0.085809131644633,63.53892390719215,0.10452031361903358,0.6666666666666666,0.05555555555555555,0.9444444444444444,-0.11336204326801064,0.03722718010752235,0.002752573753069143,13.430000305175781,-0.42899996042251587,IEF
2020-03-31,-0.024910705735964545,-0.0953165595222305,0.027055753847841757,-0.03575213063223559,-0.011118391884769707,0.8418115374540174,0.5019913388078091,-0.2736627022854228,-0.0664215952883973,-0.029412434182958247,49.31035440996242,0.7291142093073022,0.3333333333333333,0.3888888888888889,0.7222222222222222,-0.11336204326801064,-0.024910705735964545,0.1442078286841062,13.430000305175781,-0.42899996042251587,JNJ
2020-03-31,-0.22461448117384275,-0.3500143435563374,-0.22394586630136282,-0.08441915253699372,0.18080725681992127,1.3223153861463026,0.7865528197325454,-0.4362648659359222,-0.23449726324829323,-0.24634811729169215,42.02472859316659,1.3210463895532776,0.2222222222222222,0.7777777777777778,0.2777777777777778,-0.11336204326801064,-0.22461448117384275,0.07469817408090895,13.430000305175781,-0.42899996042251587,JPM
2020-03-31,-0.06311868351770933,-0.02972682541179661,-0.015614382646798264,0.07252184170783238,0.1447787706289536,0.5241084789577288,0.30107811741988977,-0.21762131229775905,-0.02684969771207668,-0.014406481563646434,51.31930282633106,0.8600006529130049,0.5,0.16666666666666666,0.5555555555555556,-0.11336204326801064,-0.06311868351770933,0.048458009900124166,13.430000305175781,-0.42899996042251587,LQD
2020-03-31,-0.026541688008310693,0.0027950833197365466,0.14132840492849819,0.3548971111305097,0.3918388640170929,1.1039225133674933,0.6910347041041777,-0.2803930073630386,-0.04360515044899527,0.0652037356236237,51.378926204952606,2.132721334677771,0.8333333333333334,0.6666666666666666,0.6666666666666666,-0.11336204326801064,-0.026541688008310693,0.13632606711223816,13.430000305175781,-0.42899996042251587,MSFT
2020-03-31,-0.02395673908218121,0.12094207443680327,0.5163569711217699,0.47313002409250293,0.5092876341436448,1.3233922265004348,0.8489003892773208,-0.5362011235186344,0.036234441741962,0.27852940517485214,54.998379112119714,0.1349329161750725,0.9444444444444444,0.8333333333333334,0.7777777777777778,-0.11336204326801064,-0.02395673908218121,0.10880115395879542,13.430000305175781,-0.42899996042251587,NVDA
2020-03-31,0.0637667126267576,0.22149526444258716,0.1645145692077028,0.33376139500648505,0.2538100498680109,0.6122401972647253,0.3643921887764487,-0.15727677938073692,0.08890491606438,0.171098117601721,57.282093515038554,0.37028301994940493,0.7777777777777778,0.2222222222222222,1.0,-0.11336204326801064,0.0637667126267576,0.012189475077498901,13.430000305175781,-0.42899996042251587,TLT
2020-03-31,-0.3437094632263873,-0.5051586544773765,-0.4780858146937338,-0.5241303820381112,-0.2749101330924113,1.3934673512603373,0.8316231472896406,-0.6298514446961763,-0.33246890801226914,-0.4544875197335049,38.56676674864469,0.3487583228555935,0.05555555555555555,0.8888888888888888,0.1111111111111111,-0.11336204326801064,-0.3437094632263873,0.30763936117132573,13.430000305175781,-0.42899996042251587,XLE
2020-03-31,-0.2103594656110388,-0.31785121098653946,-0.24630615125177957,-0.1707861646739104,0.05011558957994855,1.1586660047158566,0.6910625374881639,-0.4286252905598329,-0.2155582175471279,-0.24969515836609024,42.368006377559986,0.3330809263771948,0.16666666666666666,0.7222222222222222,0.3333333333333333,-0.11336204326801064,-0.2103594656110388,0.09462087315428014,13.430000305175781,-0.42899996042251587,XLF
2020-03-31,-0.08577925619281201,-0.11869008380690627,0.006497333641382941,0.10260871342727129,0.20606398497977518,1.0396802522776187,0.6388340325605758,-0.311532175100533,-0.10813906398929174,-0.04880660621086208,47.472290358848824,0.5063941552155282,0.6111111111111112,0.5555555555555556,0.4444444444444444,-0.11336204326801064,-0.08577925619281201,0.13736468831653603,13.430000305175781,-0.42899996042251587,XLK
2020-03-31,-0.03887347870883584,-0.1261543309818386,-0.001883058868740406,-0.011233107296721001,0.028758306840792613,0.8142700196634738,0.4947755250363981,-0.2840431418503879,-0.07145391639592158,-0.0526687846228846,49.58082472541547,0.9041880937830791,0.4444444444444444,0.3333333333333333,0.6111111111111112,-0.11336204326801064,-0.03887347870883584,0.12587487725261504,13.430000305175781,-0.42899996042251587,XLV
2020-03-31,-0.26185849186925947,-0.44804940568897333,-0.4479591926215233,-0.505982456376363,-0.33072786426185363,1.0418342241100538,0.6523945413762371,-0.6034737162903665,-0.26263883236439356,-0.4138138997660652,40.79115780740487,0.7408642528764915,0.1111111111111111,0.6111111111111112,0.16666666666666666,-0.11336204326801064,-0.26185849186925947,0.22386077331118703,13.430000305175781,-0.42899996042251587,XOM
2020-04-30,0.15537390487039815,-0.04850469791397438,0.18741533698755397,0.4832591731905953,0.28379147818556394,0.48530472626162435,0.7037582739184635,-0.3142727448409445,0.08389127604445346,0.14253992110980107,60.589785184404995,0.5155977559140965,0.8888888888888888,0.5,0.6666666666666666,0.16507998374825084,0.15537390487039815,0.08509390315827003,-19.389999389648438,-0.07600003480911255,AAPL
2020-04-30,0.2689001176660717,0.2316300990850515,0.39250049748705695,0.2841808190174264,0.012042477684895303,0.41482781517363954,0.5063460268640926,-0.22744701905130327,0.21307355225483127,0.3122496486986148,69.09398852009329,0.29848225934022654,0.6666666666666666,0.3888888888888889,0.8333333333333334,0.16507998374825084,0.2689001176660717,-0.012784941240091774,-19.389999389648438,-0.07600003480911255,AMZN
2020-04-30,0.34477896223547644,-0.0740038947494408,-0.05881039767525176,0.6182014927879245,0.20332154073702013,0.6272525354989771,1.0645129631102517,-0.6046713686928686,0.2892561755622207,0.08306538933450325,72.54977682554734,159.86581285473306,0.9444444444444444,0.7222222222222222,0.9444444444444444,0.16507998374825084,0.34477896223547644,0.09015019581318562,-19.389999389648438,-0.07600003480911255,BTC-USD
2020-04-30,0.553982393067973,0.15231934473997866,0.1284749017455875,0.2801821050304991,-0.17619265781829074,0.7725230796817977,1.2977430867749589,-0.6419143008985011,0.34412410103788393,0.1995768440373682,66.40312674441617,3.0265456934198056,0.6111111111111112,1.0,1.0,0.16507998374825084,0.553982393067973,0.06297179768515582,-19.389999389648438,-0.07600003480911255,ETH-USD
2020-04-30,0.07261060302877431,0.06341660151733652,0.11493373037826538,0.31023108127281973,0.22153470940252395,0.20935345664708718,0.2680377442483584,-0.12527726112612403,0.0312532309909328,0.09708931866556192,52.452567245454986,-0.31631505335260357,0.7222222222222222,0.16666666666666666,0.2222222222222222,0.16507998374825084,0.07261060302877431,0.02588161543682088,-19.389999389648438,-0.07600003480911255,GLD
2020-04-30,0.15899987082713696,-0.060079060216586155,0.06982831758571506,0.12322336097514763,-0.03086843299340225,0.5487667478076965,0.619747019462858,-0.3087083266619919,0.09032529917169518,0.05300259573693222,62.11726403255651,0.6703403475299596,0.3888888888888889,0.6111111111111112,0.7222222222222222,0.16507998374825084,0.15899987082713696,0.06446887116833722,-19.389999389648438,-0.07600003480911255,GOOGL
2020-04-30,0.002752573753069143,0.07088636047884234,0.09017427799089428,0.1706393395171666,0.16742591358876924,0.05445417696563069,0.1248112333365437,-0.04675695350470477,0.017768276901788838,0.0751206833907887,55.903401502677276,-0.15259955614260368,0.5,0.05555555555555555,0.05555555555555555,0.16507998374825084,0.002752573753069143,0.0032746201238404993,-19.389999389648438,-0.07600003480911255,IEF
2020-04-30,0.1442078286841062,0.014285774176309607,0.15149110822433265,0.09228279900551195,-0.0453807677039848,0.32923747992472685,0.537424934150272,-0.2736627022854228,0.07944760310016896,0.10307688133986548,57.14670619883952,0.05960490625793957,0.2777777777777778,0.2777777777777778,0.6111111111111112,0.16507998374825084,0.1442078286841062,-0.0017249209932937992,-19.389999389648438,-0.07600003480911255,JNJ
2020-04-30,0.07469817408090895,-0.2690004930715699,-0.22049115136157016,-0.14820156042836352,-0.20740682350176887,0.7100799430224078,0.8811547370015362,-0.4362648659359222,-0.028010836093296687,-0.1779509554387554,51.634463550066044,1.0669253390749356,0.2222222222222222,0.8888888888888888,0.2777777777777778,0.16507998374825084,0.07469817408090895,0.016186344453706036,-19.389999389648438,-0.07600003480911255,JPM
2020-04-30,0.048458009900124166,-0.006998990000271155,0.027513371529146236,0.1196079231808691,0.06786148096433808,0.20945711675209092,0.3236135685553145,-0.21762131229775905,0.026293811573126824,0.02694066527240757,55.52916216464029,-0.052897252453578236,0.3333333333333333,0.2222222222222222,0.16666666666666666,0.16507998374825084,0.048458009900124166,0.024601782357171587,-19.389999389648438,-0.07600003480911255,LQD
2020-04-30,0.13632606711223816,0.05562740005054234,0.25766166835862636,0.39036006407896195,0.22355730834574983,0.4577668485481607,0.7307785744491615,-0.2803930073630386,0.10645975139014441,0.18189840784109457,59.67148441021468,0.43850838754035415,0.8333333333333334,0.4444444444444444,0.5,0.16507998374825084,0.13632606711223816,0.02539152779357745,-19.389999389648438,-0.07600003480911255,MSFT
2020-04-30,0.10880115395879542,0.23696152952764993,0.45592765221005127,0.6204125399369935,0.4614094999374527,0.6998415903665265,0.9250971822608629,-0.5362011235186344,0.11534517079365969,0.3371268299436765,56.84169355583927,0.02241472438941025,1.0,0.8333333333333334,0.3888888888888889,0.16507998374825084,0.10880115395879542,0.2146570650189108,-19.389999389648438,-0.07600003480911255,NVDA
2020-04-30,0.012189475077498901,0.14808304851506326,0.19197835772213567,0.3774455821184999,0.3608574442181738,0.17761438773930757,0.3716364188233612,-0.15727677938073692,0.031004736430260804,0.15276814018596951,51.3150152880606,-0.49073023295787,0.7777777777777778,0.1111111111111111,0.1111111111111111,0.16507998374825084,0.012189475077498901,-0.01761898730425393,-19.389999389648438,-0.07600003480911255,TLT
2020-04-30,0.30763936117132573,-0.2730104838993165,-0.3029235795626499,-0.3776398314748046,-0.5240582480113534,0.7158658359384544,0.9403851885819957,-0.6298514446961763,0.0869779717854049,-0.24889397518776857,61.235463948578705,0.3608612200662256,0.1111111111111111,0.9444444444444444,0.8888888888888888,0.16507998374825084,0.30763936117132573,0.01999995639218155,-19.389999389648438,-0.07600003480911255,XLE
2020-04-30,0.09462087315428014,-0.23286883075707054,-0.19511319787772818,-0.16715474693116916,-0.23914729428748405,0.5615188164444099,0.7612261509366315,-0.4286252905598329,-0.004274283771613541,-0.1616616483332851,53.27371810193481,0.25037741811936454,0.16666666666666666,0.6666666666666666,0.3333333333333333,0.16507998374825084,0.09462087315428014,0.027204794959345024,-19.389999389648438,-0.07600003480911255,XLF
2020-04-30,0.13736468831653603,-0.03611355346226186,0.10179421994742177,0.17902459013683325,0.03662844666116705,0.48589484904934205,0.6923012499663251,-0.311532175100533,0.07783894186418494,0.07148274443676206,59.01329540139594,0.3005121065212787,0.5555555555555556,0.5555555555555556,0.5555555555555556,0.16507998374825084,0.13736468831653603,0.07176451875665757,-19.389999389648438,-0.07600003480911255,XLK
2020-04-30,0.12587487725261504,0.010833778187672838,0.06896090171640301,0.1442823662533832,0.016349497952815373,0.3600421886293801,0.5357417458592997,-0.2840431418503879,0.07660594129844212,0.0608943451224786,58.250194666220686,0.2619026411318095,0.4444444444444444,0.3333333333333333,0.4444444444444444,0.16507998374825084,0.12587487725261504,0.03288838201147337,-19.389999389648438,-0.07600003480911255,XLV
2020-04-30,0.22386077331118703,-0.2411920689846384,-0.2939824757753229,-0.3914748048306399,-0.5027823356712551,0.64031535066089,0.757023544579451,-0.6034737162903665,0.07722043616106067,-0.24424946808850712,59.618314144735976,0.6360586211437307,0.05555555555555555,0.7777777777777778,0.7777777777777778,0.16507998374825084,0.22386077331118703,-0.0025471069727122098,-19.389999389648438,-0.07600003480911255,XOM
2020-05-29,0.08509390315827003,0.16623001980445484,0.1957238198274469,0.8377470510686174,0.6936295059069799,0.19819923498852485,0.6721370412873611,-0.3142727448409445,0.12740779220625797,0.1900310525890414,64.32819185589588,-0.13563720233831011,0.9444444444444444,0.3888888888888889,0.8888888888888888,0.04054774547879343,0.08509390315827003,0.1473864207107487,-6.64000129699707,0.026000022888183594,AAPL
2020-05-29,-0.012784941240091774,0.29654677909339755,0.356269419304283,0.37592880452577604,0.3937477881001443,0.35722326206447236,0.490996516143916,-0.22744701905130327,0.0912056032240145,0.26168049527291903,58.89797116818529,-0.5380479080939833,0.7777777777777778,0.6111111111111112,0.1111111111111111,0.04054774547879343,-0.012784941240091774,0.12956672853391127,-6.64000129699707,0.026000022888183594,AMZN
2020-05-29,0.09015019581318562,0.08840275774345718,0.2161870502012988,0.10083641884265782,0.009802523606851299,0.5637606469317864,0.576349962765904,-0.6046713686928686,0.11876742061240808,0.1700435477616864,56.871681605212295,-60.39700635786281,0.3333333333333333,0.9444444444444444,0.9444444444444444,0.04054774547879343,0.09015019581318562,-0.03190241579910247,-6.64000129699707,0.026000022888183594,BTC-USD
2020-05-29,0.06297179768515582,-0.02683612435683902,0.42092223698279807,-0.17693410027494028,-0.22569356824192466,0.6047256333161356,0.6999469158873527,-0.6419143008985011,0.13157653440817696,0.2489454017511732,61.55503250811985,0.6201548410222353,0.16666666666666666,1.0,0.7222222222222222,0.04054774547879343,0.06297179768515582,0.025557376782798347,-6.64000129699707,0.026000022888183594,ETH-USD
2020-05-29,0.02588161543682088,0.09792423710170639,0.1817060999626665,0.32092760271968457,0.2876023732594457,0.14897228899914589,0.25894147222241914,-0.12527726112612403,0.030465526475934812,0.1064350587366818,55.45765505776189,-0.28953374807386334,0.7222222222222222,0.2222222222222222,0.5555555555555556,0.04054774547879343,0.02588161543682088,0.02737702630176453,-6.64000129699707,0.026000022888183594,GLD
2020-05-29,0.06446887116833722,0.07039029215156956,0.0992494008640401,0.29554442283845894,0.21708060980355248,0.20207949392787,0.6000521679613525,-0.3087083266619919,0.12863379283119913,0.10350401476758941,66.36967727559815,0.02026076020762324,0.6666666666666666,0.4444444444444444,0.7777777777777778,0.04054774547879343,0.06446887116833722,-0.010791714561115051,-6.64000129699707,0.026000022888183594,GOOGL
2020-05-29,0.0032746201238404993,0.04348809860198899,0.10131278144827616,0.1397267768145951,0.1360067861319081,0.04546848313891759,0.12230337159025172,-0.04675695350470477,0.005818733277815902,0.06694304770906645,55.86956815925627,-0.04451127451305251,0.4444444444444444,0.05555555555555555,0.2777777777777778,0.04054774547879343,0.0032746201238404993,0.00042656530554285865,-6.64000129699707,0.026000022888183594,IEF
2020-05-29,-0.0017249209932937992,0.11378030152395002,0.09634356774421926,0.1659775779522661,0.1679922723428351,0.14130141004871383,0.5287977140817858,-0.2736627022854228,0.04967756886064856,0.08545621793959124,56.700841631590066,-0.30587470462740396,0.5,0.16666666666666666,0.2222222222222222,0.04054774547879343,-0.0017249209932937992,-0.05458842541034459,-6.64000129699707,0.026000022888183594,JNJ
2020-05-29,0.016186344453706036,-0.15320643044831672,-0.24899514184011384,-0.051989065466895634,-0.06708947654404096,0.5118268470677808,0.9108476956543222,-0.4362648659359222,0.06815828448838523,-0.15101933223984154,55.95808161584358,1.1675817582455021,0.2777777777777778,0.7777777777777778,0.3333333333333333,0.04054774547879343,0.016186344453706036,-0.03339864647163271,-6.64000129699707,0.026000022888183594,JPM
2020-05-29,0.024601782357171587,0.006446577093271788,0.04781424933695311,0.1285252874244318,0.1014281907925012,0.0923984645131888,0.32616953393583614,-0.21762131229775905,0.045917970462897584,0.04631672596040137,67.0648863152802,0.2004523953337345,0.3888888888888889,0.1111111111111111,0.4444444444444444,0.04054774547879343,0.024601782357171587,0.021275977668724133,-6.64000129699707,0.026000022888183594,LQD
2020-05-29,0.02539152779357745,0.13425330129722357,0.21721668101276137,0.4998787562204905,0.46273761345376796,0.20640881144983453,0.7028503371932667,-0.2803930073630386,0.07647332067470947,0.1761775244508459,56.99092316000332,-0.7422359861575027,0.8888888888888888,0.5,0.5,0.04054774547879343,0.02539152779357745,0.1105591286523746,-6.64000129699707,0.026000022888183594,MSFT
2020-05-29,0.2146570650189108,0.31454790400183086,0.6389788075231453,1.6269474797521117,1.1627071174292416,0.43612165634605427,0.8861822862286062,-0.5362011235186344,0.22173378564080837,0.5117573139139626,64.45127276458656,-0.003744335378193464,1.0,0.7222222222222222,1.0,0.04054774547879343,0.2146570650189108,0.07059703897490754,-6.64000129699707,0.026000022888183594,NVDA
2020-05-29,-0.01761898730425393,0.057762517112518896,0.17576370507935657,0.266553701837972,0.28926932164784946,0.16092817904102805,0.3746026013776724,-0.15727677938073692,-0.011384307660423976,0.10828225349390275,47.05542458383963,-0.25879922801361555,0.6111111111111112,0.2777777777777778,0.05555555555555555,0.04054774547879343,-0.01761898730425393,0.0033655849726585974,-6.64000129699707,0.026000022888183594,TLT
2020-05-29,0.01999995639218155,-0.12464487240943012,-0.3002104814851968,-0.28590927592186743,-0.29991102489462207,0.5292002197726844,0.9644948325905728,-0.6298514446961763,0.1386715084608261,-0.20362615386635452,55.60015294255012,0.012668209905621008,0.1111111111111111,0.8333333333333334,0.3888888888888889,0.04054774547879343,0.01999995639218155,-0.010955647527092105,-6.64000129699707,0.026000022888183594,XLE
2020-05-29,0.027204794959345024,-0.11212833350693507,-0.21297876043444186,-0.07838590558132019,-0.10279420526346383,0.4284746317802878,0.7837711505739282,-0.4286252905598329,0.08475438517130574,-0.12216430466677863,57.9409571854289,0.22878583441957617,0.2222222222222222,0.6666666666666666,0.6111111111111112,0.04054774547879343,0.027204794959345024,-0.005228055865834191,-6.64000129699707,0.026000022888183594,XLF
2020-05-29,0.07176451875665757,0.11442330954879232,0.12072206490571347,0.38351435278147017,0.2908753075596029,0.2211076086762489,0.6774666065504845,-0.311532175100533,0.11720808396967541,0.12839535478981268,64.3381054557564,0.00902567131400489,0.8333333333333334,0.5555555555555556,0.8333333333333334,0.04054774547879343,0.07176451875665757,0.06949030987199345,-6.64000129699707,0.026000022888183594,XLK
2020-05-29,0.03288838201147337,0.11769699217983964,0.05151390366625863,0.2087285986444991,0.17024125713428018,0.17664762835383607,0.5263553041806032,-0.2840431418503879,0.08273113890427308,0.08400635382473287,63.17377116876312,-0.0023280385249599966,0.5555555555555556,0.3333333333333333,0.6666666666666666,0.04054774547879343,0.03288838201147337,-0.02442528382567577,-6.64000129699707,0.026000022888183594,XLV
2020-05-29,-0.0025471069727122098,-0.09891857475021715,-0.30989176309223465,-0.3192631706979745,-0.317524833442533,0.5359229740759757,0.7806963209617129,-0.6034737162903665,0.09746753085648785,-0.2135342358955633,55.20446276365262,0.07376661101158355,0.05555555555555555,0.8888888888888888,0.16666666666666666,0.04054774547879343,-0.0025471069727122098,-0.01649442848444982,-6.64000129699707,0.026000022888183594,XOM
2020-06-30,0.1473864207107487,0.438465940973368,0.2486146624166532,0.8651663609936868,0.6255782074170873,0.3228277113256481,0.34892163590933456,-0.3142727448409445,0.1369350938317262,0.29252239695269844,65.57682694417242,-0.039045187040644525,0.9444444444444444,0.6666666666666666,1.0,0.02321208554612096,0.1473864207107487,0.1651318454278261,2.9200000762939453,0.004999995231628418,AAPL
2020-06-30,0.12956672853391127,0.41498260443891044,0.4929971947160381,0.45689484704950667,0.2897820113207845,0.24867383988946484,0.34019440951444757,-0.22744701905130327,0.10867441749952578,0.3622041809837586,66.95946232345916,0.06839504058452972,0.8333333333333334,0.3333333333333333,0.9444444444444444,0.02321208554612096,0.12956672853391127,0.1471136218500213,2.9200000762939453,0.004999995231628418,AMZN
2020-06-30,-0.03190241579910247,0.41924175495497473,0.2702950234281494,-0.26350055426526087,-0.23923015845280493,0.2902989277164544,0.5219939371898118,-0.6046713686928686,-0.03025182800225712,0.09378787626284901,43.980043401331265,-44.35146816686196,0.2222222222222222,0.4444444444444444,0.16666666666666666,0.02321208554612096,-0.03190241579910247,0.23916341296986676,2.9200000762939453,0.004999995231628418,BTC-USD
2020-06-30,0.025557376782798347,0.694056141341568,0.7461114831960765,-0.272827699870674,-0.2909491788645844,0.3971731365777367,0.5522961900306782,-0.6419143008985011,0.004433514208496359,0.19698875378832215,46.48141630862981,-1.8335102352210741,0.16666666666666666,0.7777777777777778,0.6666666666666666,0.02321208554612096,0.025557376782798347,0.5268747244093426,2.9200000762939453,0.004999995231628418,ETH-USD
2020-06-30,0.02737702630176453,0.13049639761692866,0.17123864426774582,0.2565315236622927,0.22304810356273252,0.14399466900182092,0.16380428363739685,-0.12527726112612403,0.031261298617761835,0.11970213405508012,64.77936784550954,0.3848816048603647,0.6111111111111112,0.16666666666666666,0.7222222222222222,0.02321208554612096,0.02737702630176453,0.10790463097013703,2.9200000762939453,0.004999995231628418,GLD
2020-06-30,-0.010791714561115051,0.22040533782015825,0.058728080438807284,0.30961399395339684,0.32390115735065494,0.3175858228317798,0.38157699797885003,-0.3087083266619919,0.02263378374329017,0.06983380040480114,50.641673606526595,-0.42280121337836907,0.7222222222222222,0.5555555555555556,0.3888888888888889,0.02321208554612096,-0.010791714561115051,0.049293231939989024,2.9200000762939453,0.004999995231628418,GOOGL
2020-06-30,0.00042656530554285865,0.006465347652557796,0.1121034527802176,0.1265019237633056,0.12602160201459434,0.04949440204486816,0.04889080287218569,-0.04675695350470477,0.003586311783019047,0.05776981609095877,57.12724798773883,0.07503849053096316,0.5555555555555556,0.05555555555555555,0.5,0.02321208554612096,0.00042656530554285865,0.008541444080572225,2.9200000762939453,0.004999995231628418,IEF
2020-06-30,-0.05458842541034459,0.07988139630376434,-0.023049183083972857,0.03798391488443431,0.0979175025807768,0.22705357788006747,0.249286948875329,-0.2736627022854228,-0.03842802622663355,0.012355761454319714,42.95419372261506,-0.37696201166364673,0.3888888888888889,0.2777777777777778,0.05555555555555555,0.02321208554612096,-0.05458842541034459,0.03647884315073813,2.9200000762939453,0.004999995231628418,JNJ
2020-06-30,-0.03339864647163271,0.055619160552424995,-0.313862686973824,-0.13151789475202613,-0.10150952915825184,0.5328955015453277,0.5821493037559529,-0.4362648659359222,-0.01725616983181577,-0.17385068434988005,44.593637135820615,-1.036057649913754,0.3333333333333333,0.8888888888888888,0.1111111111111111,0.02321208554612096,-0.03339864647163271,0.03744124226761425,2.9200000762939453,0.004999995231628418,JPM
2020-06-30,0.021275977668724133,0.09710770607698538,0.0644941768404983,0.11629309984192915,0.09303765510092732,0.08023211576754169,0.13723933698260732,-0.21762131229775905,0.029853204412348733,0.06067452761761305,66.13129953817236,-0.08042372991164837,0.5,0.1111111111111111,0.6111111111111112,0.02321208554612096,0.021275977668724133,0.03100118271764507,2.9200000762939453,0.004999995231628418,LQD
2020-06-30,0.1105591286523746,0.29400031048322695,0.29761714916679227,0.5378789158655368,0.38477896060491634,0.3182248693292152,0.33926742084324657,-0.2803930073630386,0.09843613413098895,0.25558307011722814,64.78721797136801,0.2925635230801955,0.8888888888888888,0.6111111111111112,0.8888888888888888,0.02321208554612096,0.1105591286523746,0.007370665805957355,2.9200000762939453,0.004999995231628418,MSFT
2020-06-30,0.07059703897490754,0.4418941761778401,0.6162798489631338,1.319721928840207,1.166755412532554,0.3865506529302577,0.5161099933882727,-0.4842326076745328,0.12580391661589108,0.48270927636717653,60.47893517700793,-0.03372205328969108,1.0,0.7222222222222222,0.8333333333333334,0.02321208554612096,0.07059703897490754,0.1176071595124435,2.9200000762939453,0.004999995231628418,NVDA
2020-06-30,0.0033655849726585974,-0.0022976897594094714,0.2186886472823102,0.25885533164368035,0.25463275848551614,0.15641450632221404,0.16207410557821844,-0.15727677938073692,0.0005086443270352348,0.09659599439264754,54.14919961585957,0.4342521466224569,0.6666666666666666,0.2222222222222222,0.5555555555555556,0.02321208554612096,0.0033655849726585974,0.04435207041948974,2.9200000762939453,0.004999995231628418,TLT
2020-06-30,-0.010955647527092105,0.3191795353439637,-0.34721542374448366,-0.3543888947576517,-0.34723745843335885,0.6176844138444276,0.622475587437187,-0.6298514446961763,-0.006812717440422444,-0.18721667316875068,46.79003786089869,-0.20081772866036704,0.1111111111111111,1.0,0.3333333333333333,0.02321208554612096,-0.010955647527092105,-0.04808453291717385,2.9200000762939453,0.004999995231628418,XLE
2020-06-30,-0.005228055865834191,0.1185213845467139,-0.23700199204579997,-0.1403995599391502,-0.13588190224943186,0.4759399077792456,0.4824500043203365,-0.4286252905598329,0.01070530364632205,-0.11869256409881102,47.54046501487881,-0.21059690969042855,0.2777777777777778,0.8333333333333334,0.4444444444444444,0.02321208554612096,-0.005228055865834191,0.03846139748734356,2.9200000762939453,0.004999995231628418,XLF
2020-06-30,0.06949030987199345,0.3036949103719728,0.14895925220128636,0.3582512908534894,0.26999868845567887,0.2964371842817799,0.34737342977853103,-0.311532175100533,0.08397958364349711,0.17237524337706778,61.314837957340295,-0.09493814224443864,0.7777777777777778,0.5,0.7777777777777778,0.02321208554612096,0.06949030987199345,0.056847583545352576,2.9200000762939453,0.004999995231628418,XLK
2020-06-30,-0.02442528382567577,0.13449884251442645,-0.008623099962651204,0.10625804660461502,0.13395522481636246,0.2678801158268331,0.27806348534091146,-0.2840431418503879,0.0043638634658593745,0.04333156305608976,52.24994444586373,-0.1535423614235975,0.4444444444444444,0.3888888888888889,0.2222222222222222,0.02321208554612096,-0.02442528382567577,0.05456155536175311,2.9200000762939453,0.004999995231628418,XLV
2020-06-30,-0.01649442848444982,0.20060800315454697,-0.33732369912427285,-0.38168958720482915,-0.3713198677233982,0.5877254844203861,0.5847861943462465,-0.6034737162903665,-0.01837274798452393,-0.19794224749411438,45.217612867674674,-0.4469407224480476,0.05555555555555555,0.9444444444444444,0.2777777777777778,0.02321208554612096,-0.01649442848444982,-0.05903385998491262,2.9200000762939453,0.004999995231628418,XOM
2020-07-31,0.1651318454278261,0.45061479173651353,0.380253159473791,1.0189291370344793,0.7327902803078445,0.44264933889096547,0.3275924452197831,-0.3142727448409445,0.18565049191280725,0.41756358129320814,73.80014470049059,0.13667266551125312,0.9444444444444444,0.8888888888888888,0.8888888888888888,0.08672367883411143,0.1651318454278261,0.21656901877600454,-5.970001220703125,-0.11699998378753662,AAPL
2020-07-31,0.1471136218500213,0.2791754036702261,0.5754709291695213,0.6952613463533039,0.47784954695181003,0.462572536351731,0.3238115989257998,-0.22744701905130327,0.13639469114135272,0.4595614485287931,62.50993073722237,-0.7706742771802073,0.8888888888888888,0.9444444444444444,0.8333333333333334,0.08672367883411143,0.1471136218500213,0.09046103369298208,-5.970001220703125,-0.11699998378753662,AMZN
2020-07-31,0.23916341296986676,0.30777808568319864,0.2109974138746742,0.12273294987849637,-0.09395892573387465,0.3961751268773309,0.3746845591832872,-0.6046713686928686,0.19201376202398301,0.30347282941821896,84.94478161084065,210.49727790248852,0.2777777777777778,0.7777777777777778,0.9444444444444444,0.08672367883411143,0.23916341296986676,0.03155866679660524,-5.970001220703125,-0.11699998378753662,BTC-USD
2020-07-31,0.5268747244093426,0.6645050262366259,0.91804134114939,0.5803709465880627,0.03503641872087093,0.46461317549924586,0.4878518478164558,-0.6419143008985011,0.38723012205693297,0.6577498075756509,86.33158923022026,8.228212525231854,0.8333333333333334,1.0,1.0,0.08672367883411143,0.5268747244093426,0.259076483677003,-5.970001220703125,-0.11699998378753662,ETH-USD
2020-07-31,0.10790463097013703,0.16769514554318943,0.24174640328182995,0.39201248652499276,0.2564371044338687,0.1103440172082325,0.1316911169923139,-0.12527726112612403,0.10530923876330012,0.21158657616282417,82.22459683975511,1.1642792789757825,0.7222222222222222,0.2222222222222222,0.7222222222222222,0.08672367883411143,0.10790463097013703,-0.0032356731296194763,-5.970001220703125,-0.11699998378753662,GLD
2020-07-31,0.049293231939989024,0.10488628465871686,0.038505755030225686,0.22143360446754778,0.16405363847558285,0.2584456622492725,0.2578054921556582,-0.3087083266619919,0.01434330663180905,0.09564046219695754,48.05512854855542,-0.3295478552319544,0.5555555555555556,0.5,0.5555555555555556,0.08672367883411143,0.049293231939989024,0.09515088474508171,-5.970001220703125,-0.11699998378753662,GOOGL
2020-07-31,0.008541444080572225,0.012275651748691274,0.08403218850250416,0.13568927982763546,0.12607100728813037,0.023051681671617627,0.04025580262072008,-0.04675695350470477,0.00976320557338517,0.055666089620355796,67.43209038941347,0.03625085858411051,0.3333333333333333,0.05555555555555555,0.2222222222222222,0.08672367883411143,0.008541444080572225,-0.009698334971554923,-5.970001220703125,-0.11699998378753662,IEF
2020-07-31,0.03647884315073813,-0.02179115338849902,-0.007816682708538747,0.1507001222469151,0.11020126445510603,0.12342503522561957,0.16891260050877696,-0.2736627022854228,0.004876912734972372,0.03455847193484307,48.1189332283919,-0.22750861604064387,0.4444444444444444,0.2777777777777778,0.3333333333333333,0.08672367883411143,0.03647884315073813,0.05948842574828661,-5.970001220703125,-0.11699998378753662,JNJ
2020-07-31,0.03744124226761425,0.019023647473467964,-0.2550942161484846,-0.13772770970071158,-0.16884710654595303,0.31581890414767955,0.45279999218065603,-0.4362648659359222,-0.011327879607814895,-0.12910425567225003,48.644155990147446,-0.05914675510968004,0.16666666666666666,0.6111111111111112,0.3888888888888889,0.08672367883411143,0.03744124226761425,0.03673415495792587,-5.970001220703125,-0.11699998378753662,JPM
2020-07-31,0.03100118271764507,0.07884086139202151,0.07129006499125468,0.14798351038146973,0.11346478512805147,0.0429956801973368,0.07151227432097707,-0.21762131229775905,0.030201535467858642,0.08138130555369183,70.88600989630501,-0.06731420684800549,0.3888888888888889,0.1111111111111111,0.2777777777777778,0.08672367883411143,0.03100118271764507,-0.01778268802329186,-5.970001220703125,-0.11699998378753662,LQD
2020-07-31,0.007370665805957355,0.1471513257082131,0.21096437142189406,0.5229520654086908,0.5118090263133055,0.3001075743664046,0.27062260058364523,-0.2803930073630386,0.03643727233823668,0.2074479157619591,52.3013115979914,-1.0832269576849645,0.7777777777777778,0.5555555555555556,0.16666666666666666,0.08672367883411143,0.007370665805957355,0.10275189224120118,-5.970001220703125,-0.11699998378753662,MSFT
2020-07-31,0.1176071595124435,0.4533455785125702,0.797732569729156,1.5235454659756846,1.2579897099769672,0.33788245020827784,0.3729934647170406,-0.4842326076745328,0.11055895609390154,0.508108932806719,62.259530617087286,-0.018477744020450604,1.0,0.6666666666666666,0.7777777777777778,0.08672367883411143,0.1176071595124435,0.2599918530928327,-5.970001220703125,-0.11699998378753662,NVDA
2020-07-31,0.04435207041948974,0.029404571987167838,0.18184193916237135,0.31132513911085424,0.2556351217689723,0.09605976239510368,0.138284382507291,-0.15727677938073692,0.04175180424792324,0.12285546517780555,68.43462749582028,0.20983236253242654,0.6111111111111112,0.16666666666666666,0.5,0.08672367883411143,0.04435207041948974,-0.050465223464922215,-5.970001220703125,-0.11699998378753662,TLT
2020-07-31,-0.04808453291717385,-0.039683691971300394,-0.30186011192262074,-0.37553299602460555,-0.34398901418306327,0.4036770018848767,0.5045656547370176,-0.6298514446961763,-0.06166627439105932,-0.19196741439519005,43.732110772464324,0.001721539450002904,0.1111111111111111,0.8333333333333334,0.1111111111111111,0.08672367883411143,-0.04808453291717385,-0.010546771309656755,-5.970001220703125,-0.11699998378753662,XLE
2020-07-31,0.03846139748734356,0.06113569419587228,-0.18596973418611296,-0.1278772736724274,-0.16017800137996785,0.2269795735587465,0.3777608184903205,-0.4286252905598329,0.009528172382369027,-0.07150376873986741,52.51684481131166,0.005382640252749288,0.2222222222222222,0.3888888888888889,0.4444444444444444,0.08672367883411143,0.03846139748734356,0.042863178433157456,-5.970001220703125,-0.11699998378753662,XLF
2020-07-31,0.056847583545352576,0.21140284190319614,0.16765478060778904,0.3869460277097516,0.31234252630548154,0.23109335177827647,0.23943916886150746,-0.311532175100533,0.06827857203188059,0.19813230041902496,62.06598367194494,-0.07121221932435173,0.6666666666666666,0.4444444444444444,0.6666666666666666,0.08672367883411143,0.056847583545352576,0.11880844103044308,-5.970001220703125,-0.11699998378753662,XLK
2020-07-31,0.05456155536175311,0.06263927554507775,0.07415167374984244,0.18581751183573436,0.1244649549441954,0.13545102795923536,0.19583310073769233,-0.2840431418503879,0.03628107626920496,0.08071452378948418,58.24557753340642,-0.004351217967204057,0.5,0.3333333333333333,0.6111111111111112,0.08672367883411143,0.05456155536175311,0.025869387617964534,-5.970001220703125,-0.11699998378753662,XLV
2020-07-31,-0.05903385998491262,-0.07691176722411153,-0.2995533279427015,-0.4004299645597327,-0.36281444151576603,0.38291533891728713,0.482050780043597,-0.6034737162903665,-0.07501432019101384,-0.20844465945236945,41.99534324325116,-0.03290949423356837,0.05555555555555555,0.7222222222222222,0.05555555555555555,0.08672367883411143,-0.05903385998491262,-0.03213110047168477,-5.970001220703125,-0.11699998378753662,XOM
2020-08-31,0.21656901877600454,0.6263781490876568,0.8967310210200308,1.4972746232863225,1.0527192331421045,0.3162204371844536,0.3604313160067994,-0.3142727448409445,0.24252265878924417,0.6000685366304885,78.43526706826268,0.4308915632107446,0.8888888888888888,0.8888888888888888,0.8888888888888888,0.0675257571910421,0.21656901877600454,-0.10252630320274969,1.9500007629394531,0.15700000524520874,AAPL
2020-08-31,0.09046103369298208,0.4129554858219717,0.8319628841448241,0.9427909438752062,0.7816234453565962,0.2638201913013617,0.34254879831867047,-0.22744701905130327,0.11668258431352929,0.4857618458273092,68.58925577315713,0.6093926243577386,0.8333333333333334,0.5555555555555556,0.6666666666666666,0.0675257571910421,0.09046103369298208,-0.08757859185260553,1.9500007629394531,0.15700000524520874,AMZN
2020-08-31,0.03155866679660524,0.23748986489597246,0.3468873816323548,0.21698361809955302,0.17975221116484352,0.29643515545760274,0.35581896540319113,-0.6046713686928686,0.06628208734044105,0.288964736747922,54.74825599552453,-69.04796944600128,0.4444444444444444,0.7777777777777778,0.4444444444444444,0.0675257571910421,0.03155866679660524,-0.07673511599209437,1.9500007629394531,0.15700000524520874,BTC-USD
2020-08-31,0.259076483677003,0.9715848906439666,0.9186751933385802,1.5769542987006862,1.0467019534627133,0.6238318775032257,0.5514402120807675,-0.6419143008985011,0.2309268145255008,0.8029271751789682,64.48371631863318,-1.6139963999704445,0.9444444444444444,1.0,0.9444444444444444,0.0675257571910421,0.259076483677003,-0.17270828515420789,1.9500007629394531,0.15700000524520874,ETH-USD
2020-08-31,-0.0032356731296194763,0.1345528063114494,0.24565302432109815,0.28577392578124994,0.28994777513586967,0.29134127679943694,0.1977739180664384,-0.12527726112612403,0.04156571937555276,0.1716116814689661,55.27614249017325,-0.6315563503998716,0.6111111111111112,0.7222222222222222,0.3333333333333333,0.0675257571910421,-0.0032356731296194763,-0.0417140433776253,1.9500007629394531,0.15700000524520874,GLD
2020-08-31,0.09515088474508171,0.1367332807568269,0.216748268487712,0.36874320464322197,0.24982157592085996,0.18413307826385023,0.25857405539960626,-0.3087083266619919,0.0756171926211866,0.17515390272735587,66.75602969744284,0.49184376740884406,0.6666666666666666,0.4444444444444444,0.7222222222222222,0.0675257571910421,0.09515088474508171,-0.1005994658315057,1.9500007629394531,0.15700000524520874,GOOGL
2020-08-31,-0.009698334971554923,-0.0008136921965159472,0.04263902047899948,0.081921461601272,0.09251705799181442,0.03382782779127642,0.03698174962564213,-0.04675695350470477,-0.003388913848483277,0.03438926648537621,43.98214177334488,-0.06092834728265123,0.2777777777777778,0.05555555555555555,0.2777777777777778,0.0675257571910421,-0.009698334971554923,0.0032779616067646344,1.9500007629394531,0.15700000524520874,IEF
2020-08-31,0.05948842574828661,0.038191749693577304,0.15631752001338972,0.22762072251134446,0.1586919617779785,0.1060218487411503,0.1617206854793387,-0.2736627022854228,0.04982853274155863,0.07834110776040148,70.8359258937437,0.3253454826028461,0.5555555555555556,0.2222222222222222,0.6111111111111112,0.0675257571910421,0.05948842574828661,-0.029528941690593502,1.9500007629394531,0.15700000524520874,JNJ
2020-08-31,0.03673415495792587,0.03962882970395776,-0.11964899228614667,-0.05609074026665095,-0.08953587067684088,0.2707172595282766,0.3854513911142352,-0.4362648659359222,0.02620585781988538,-0.07678774285174739,52.005869894616254,0.06975041587427155,0.16666666666666666,0.6111111111111112,0.5,0.0675257571910421,0.03673415495792587,-0.039125299987761264,1.9500007629394531,0.15700000524520874,JPM
2020-08-31,-0.01778268802329186,0.03421269528664195,0.04087982715764782,0.08539050636833223,0.10504110763837837,0.06442426542122849,0.0652727195741402,-0.21762131229775905,-0.004103770585889288,0.05092623120872264,45.11334426510286,-0.19303777815243636,0.3333333333333333,0.1111111111111111,0.16666666666666666,0.0675257571910421,-0.01778268802329186,-0.004397759345580954,1.9500007629394531,0.15700000524520874,LQD
2020-08-31,0.10275189224120118,0.23369782256129334,0.3993258280433434,0.6545593786928163,0.5003913303926759,0.3078450712032765,0.30560798464551336,-0.2803930073630386,0.08057310188551292,0.2737501577778261,65.66436043373665,1.4915346353477243,0.7777777777777778,0.8333333333333334,0.7777777777777778,0.0675257571910421,0.10275189224120118,-0.06739667428589236,1.9500007629394531,0.15700000524520874,MSFT
2020-08-31,0.2599918530928327,0.5075889659653181,0.9817979153059966,2.1994485572184916,1.5392613050354105,0.38692453359845946,0.36868335261681096,-0.43027924488281544,0.23377526610255162,0.7223903634115896,79.28656094645649,0.07611262836021815,1.0,0.9444444444444444,1.0,0.0675257571910421,0.2599918530928327,0.011966820621405638,1.9500007629394531,0.15700000524520874,NVDA
2020-08-31,-0.050465223464922215,-0.005013912530950626,0.052458988373198734,0.12126001478042259,0.1808519735022056,0.11991475727823168,0.12806506853600277,-0.15727677938073692,-0.02319973201440184,0.04481758238562006,38.73327903454317,-0.433571112827037,0.3888888888888889,0.2777777777777778,0.05555555555555555,0.0675257571910421,-0.050465223464922215,0.007733721134260962,1.9500007629394531,0.15700000524520874,TLT
2020-08-31,-0.010546771309656755,-0.06844302728808394,-0.1845568272938758,-0.32600668516956244,-0.31882246144919213,0.2593039474727734,0.4428787468731456,-0.6298514446961763,-0.03752193217002309,-0.16511306300905793,41.66942774294975,-0.06570687718954213,0.1111111111111111,0.5,0.2222222222222222,0.0675257571910421,-0.010546771309656755,-0.14606611823478632,1.9500007629394531,0.15700000524520874,XLE
2020-08-31,0.042863178433157456,0.07731130951523668,-0.04348581228888071,-0.04556048114442002,-0.08478931983237614,0.16977654032384268,0.31553589145460864,-0.4286252905598329,0.0391786034934003,-0.017269777207463366,56.998118402837854,0.009102915447323723,0.2222222222222222,0.3888888888888889,0.5555555555555556,0.0675257571910421,0.042863178433157456,-0.0342223471480968,1.9500007629394531,0.15700000524520874,XLF
2020-08-31,0.11880844103044308,0.26457603446498146,0.40927300950455225,0.5759208627258214,0.4085707659430684,0.16943735963836054,0.23467448273276695,-0.311532175100533,0.11809351756009678,0.2910138227601906,79.5113572045106,0.28285877351263977,0.7222222222222222,0.3333333333333333,0.8333333333333334,0.0675257571910421,0.11880844103044308,-0.05335095516422994,1.9500007629394531,0.15700000524520874,XLK
2020-08-31,0.025869387617964534,0.055418108914422115,0.17963764582578423,0.22374459450886053,0.19288538022404178,0.09329945604831669,0.17972402615070376,-0.2840431418503879,0.03567939895927519,0.09093691791789271,63.90672296609283,-0.020470871727484297,0.5,0.16666666666666666,0.3888888888888889,0.0675257571910421,0.025869387617964534,-0.021804604585244802,1.9500007629394531,0.15700000524520874,XLV
2020-08-31,-0.03213110047168477,-0.10429013914354901,-0.1928924819691844,-0.3776059514499931,-0.3569438496749646,0.27844753800387373,0.4280242701524222,-0.6034737162903665,-0.06219260833852003,-0.19623304891208393,39.06769782930982,-0.1844577298432627,0.05555555555555555,0.6666666666666666,0.1111111111111111,0.0675257571910421,-0.03213110047168477,-0.14046044083966425,1.9500007629394531,0.15700000524520874,XOM
2020-09-30,-0.10252630320274969,0.27213603325355695,0.8299243561202057,1.088834020205537,1.3274598772752988,0.5461618907070555,0.449194731670189,-0.3142727448409445,0.025406062752826086,0.34982379909897054,52.91597259916651,-0.02141064133547399,0.9444444444444444,0.8888888888888888,0.2222222222222222,-0.06084646907390042,-0.10252630320274969,-0.06001192578928827,-0.03999900817871094,-0.016000032424926758,AAPL
2020-09-30,-0.08757859185260553,0.14133215989511627,0.6149651521382786,0.8138784824101697,0.9879832566545306,0.43730645029758675,0.39670606129935576,-0.22744701905130327,-0.009902236636094353,0.2749580588906837,50.18273943327956,0.25578380632580133,0.8333333333333334,0.8333333333333334,0.3333333333333333,-0.06084646907390042,-0.08757859185260553,-0.03575408533520552,-0.03999900817871094,-0.016000032424926758,AMZN
2020-09-30,-0.07673511599209437,0.18018158005964313,0.674962976849383,0.3002969178684225,0.4083682163062625,0.3106547160527813,0.4005918792435673,-0.6046713686928686,-0.026530574653387373,0.15328857953943964,50.20746660549099,36.511416340347964,0.6666666666666666,0.5555555555555556,0.3888888888888889,-0.06084646907390042,-0.07673511599209437,0.2561114099846251,-0.03999900817871094,-0.016000032424926758,BTC-USD
2020-09-30,-0.17270828515420789,0.5904286606192919,1.6942754398877558,1.0010754909292037,1.4188269446191732,0.6500060800874219,0.766650485338085,-0.6419143008985011,-0.06502175351827022,0.37250106214821876,48.35336907411674,0.9796016829652681,0.8888888888888888,1.0,0.05555555555555555,-0.06084646907390042,-0.17270828515420789,0.06357239052557295,-0.03999900817871094,-0.016000032424926758,ETH-USD
2020-09-30,-0.0417140433776253,0.05825416911300829,0.1963525259453518,0.2754374691791568,0.3309570701365918,0.13767613679775864,0.1993110757628928,-0.12527726112612403,-0.029921725338225902,0.09194242915667883,42.22272665398677,-0.5663454615457761,0.6111111111111112,0.2222222222222222,0.5555555555555556,-0.06084646907390042,-0.0417140433776253,-0.0051942084141127776,-0.03999900817871094,-0.016000032424926758,GLD
2020-09-30,-0.1005994658315057,0.03353210336910317,0.26132809576014915,0.20019007822668278,0.3344333615904196,0.3576480465479748,0.2784612093861536,-0.3087083266619919,-0.04033115710501456,0.04175265583285692,44.18404546535206,-0.19092025461279927,0.5555555555555556,0.6666666666666666,0.2777777777777778,-0.06084646907390042,-0.1005994658315057,0.10269505834545445,-0.03999900817871094,-0.016000032424926758,GOOGL
2020-09-30,0.0032779616067646344,0.0020341691469423218,0.008512668410219026,0.09849714661971865,0.09490807997063833,0.02927486668426192,0.029260025187004896,-0.04675695350470477,-0.000985217742220601,0.027101453737776282,48.55089836944949,0.01633772476396713,0.3333333333333333,0.05555555555555555,0.8888888888888888,-0.06084646907390042,0.0032779616067646344,-0.013808014009694447,-0.03999900817871094,-0.016000032424926758,IEF
2020-09-30,-0.029528941690593502,0.06571050443350979,0.15084094758324773,0.1819778169790771,0.21794236608984763,0.20337086407183158,0.15059077631252207,-0.2736627022854228,0.00421082090878766,0.03651618114958932,53.78378895637122,0.02781189570085063,0.4444444444444444,0.2777777777777778,0.7222222222222222,-0.06084646907390042,-0.029528941690593502,-0.07905679899627371,-0.03999900817871094,-0.016000032424926758,JNJ
2020-09-30,-0.039125299987761264,0.033469523107333865,0.0909502304390788,-0.15336356400827222,-0.11888986568077586,0.2731554504334951,0.2841519191046208,-0.4362648659359222,-0.025670130387649648,-0.0859164819336633,46.22973799809323,-0.2666126244441551,0.16666666666666666,0.4444444444444444,0.6111111111111112,-0.06084646907390042,-0.039125299987761264,0.02783545156939371,-0.03999900817871094,-0.016000032424926758,JPM
2020-09-30,-0.004397759345580954,0.008213743645523852,0.10611906752623046,0.08884770115295626,0.09365734295379458,0.05882527562544104,0.05703048328435696,-0.21762131229775905,-0.010678312713884974,0.037244136698760144,42.620247178401534,-0.059948089412698635,0.2777777777777778,0.1111111111111111,0.8333333333333334,-0.06084646907390042,-0.004397759345580954,-0.0051033873948954644,-0.03999900817871094,-0.016000032424926758,LQD
2020-09-30,-0.06739667428589236,0.03601029658192911,0.34059764544083615,0.5300621723218899,0.6406355522593696,0.413926820841369,0.34283935353386824,-0.2803930073630386,0.0005467740065705495,0.14755208406238385,51.78365499764182,0.3992957911562274,0.7777777777777778,0.7777777777777778,0.4444444444444444,-0.06084646907390042,-0.06739667428589236,-0.03736985625047773,-0.03999900817871094,-0.016000032424926758,MSFT
2020-09-30,0.011966820621405638,0.4250273045333848,1.054738571301093,2.115717156425198,2.078872837463159,0.6324698372944187,0.467428785733856,-0.3939893747757952,0.12248564352910729,0.5834333507959584,61.3488416666396,0.037792810745808036,1.0,0.9444444444444444,1.0,-0.06084646907390042,0.011966820621405638,-0.07364840638895587,-0.03999900817871094,-0.016000032424926758,NVDA
2020-09-30,0.007733721134260962,-0.0006822563788381197,-0.0029783785247525785,0.16104620402301317,0.15213590621557294,0.10289625933043119,0.10933595538226042,-0.15727677938073692,-0.014754948748659458,0.03417297172846134,43.60379691959208,0.0671979809036847,0.3888888888888889,0.16666666666666666,0.9444444444444444,-0.06084646907390042,0.007733721134260962,-0.03385233591733949,-0.03999900817871094,-0.016000032424926758,TLT
2020-09-30,-0.14606611823478632,-0.19570031434446944,0.06101568560035897,-0.44624086285271913,-0.3515198905065403,0.32048646370464157,0.3315607580894983,-0.6298514446961763,-0.13745386331934806,-0.2455467908586323,29.715263045617704,-0.05793797076300461,0.1111111111111111,0.6111111111111112,0.1111111111111111,-0.06084646907390042,-0.14606611823478632,-0.04106845105405155,-0.03999900817871094,-0.016000032424926758,XLE
2020-09-30,-0.0342223471480968,0.04591127044703813,0.16987412233343369,-0.11827307018756805,-0.08702906180451864,0.2325062160812879,0.21012629798925145,-0.4286252905598329,-0.014859265594574733,-0.031125425634870196,47.93458233769762,-0.05737454143857529,0.2222222222222222,0.3888888888888889,0.6666666666666666,-0.06084646907390042,-0.0342223471480968,-0.008724380930436482,-0.03999900817871094,-0.016000032424926758,XLF
2020-09-30,-0.05335095516422994,0.11932729459864078,0.459261297008678,0.4687426045253007,0.5515175476462941,0.37114238320150295,0.2712248581591054,-0.311532175100533,0.019639206091870642,0.1840543955116134,54.051675674787944,0.04901994540960106,0.7222222222222222,0.7222222222222222,0.5,-0.06084646907390042,-0.05335095516422994,-0.050042699878153574,-0.03999900817871094,-0.016000032424926758,XLK
2020-09-30,-0.021804604585244802,0.058253270878083185,0.2005871108982913,0.1983263346914188,0.22503779951175096,0.20655976418504526,0.15146107551588076,-0.2840431418503879,-0.0006384026914676433,0.058215638156580596,53.821799480167954,0.024855424403394277,0.5,0.3333333333333333,0.7777777777777778,-0.06084646907390042,-0.021804604585244802,-0.0362152836070615,-0.03999900817871094,-0.016000032424926758,XLV
2020-09-30,-0.14046044083966425,-0.21718993645381024,-0.06015197275652506,-0.4811655362274434,-0.3963809364639437,0.2740136735463888,0.31352188702269856,-0.6034737162903665,-0.13950704414381576,-0.2647972169459919,30.10023880244691,-0.0699825238388323,0.05555555555555555,0.5,0.16666666666666666,-0.06084646907390042,-0.14046044083966425,-0.04981077750486784,-0.03999900817871094,-0.016000032424926758,XOM
2020-10-30,-0.06001192578928827,0.026315351970300327,0.4887882305543838,0.7678099784868377,0.8806727733979292,0.44889415352771567,0.4488719113467376,-0.3142727448409445,-0.07102595501031073,0.2025725388819981,40.36436670239899,-0.8596993309847677,0.8888888888888888,1.0,0.16666666666666666,-0.004413683391431555,-0.06001192578928827,0.09549337864768814,11.649999618530273,0.18300002813339233,AAPL
2020-10-30,-0.03575408533520552,-0.040613892563208354,0.22722311125606476,0.7089087929516842,0.7722748595162683,0.4080419821715543,0.37725104073358756,-0.22744701905130327,-0.05757746243289208,0.15815050321695456,40.127403939313375,-0.9878404088265501,0.8333333333333334,0.8333333333333334,0.5,-0.004413683391431555,-0.03575408533520552,0.043439868865324804,11.649999618530273,0.18300002813339233,AMZN
2020-10-30,0.2561114099846251,0.19632288449646973,0.5645248517457955,0.4725145230418111,0.17228019054443156,0.3376040595895775,0.38335338712752165,-0.6046713686928686,0.19074495016534887,0.33385343464304507,75.1573470464395,102.4439368222545,0.7777777777777778,0.6111111111111112,1.0,-0.004413683391431555,0.2561114099846251,0.44877299647143354,11.649999618530273,0.18300002813339233,BTC-USD
2020-10-30,0.06357239052557295,0.10784204197865699,0.8440086471497217,1.080917476910296,0.9565358178224181,0.4276938174220638,0.6812978769136354,-0.6419143008985011,0.03250658547148677,0.2865594597833314,49.81709748965881,-1.315160861591199,0.9444444444444444,0.9444444444444444,0.8888888888888888,-0.004413683391431555,0.06357239052557295,0.6060878912999548,11.649999618530273,0.18300002813339233,ETH-USD
2020-10-30,-0.0051942084141127776,-0.049776174794319394,0.10957174787215318,0.23709896797743202,0.2435582688006761,0.12653012205663444,0.19800691340190466,-0.12527726112612403,-0.02061817433970725,0.061145643440920994,41.976466008467916,-0.2423144929898957,0.5555555555555556,0.2222222222222222,0.7222222222222222,-0.004413683391431555,-0.0051942084141127776,-0.05408625961608993,11.649999618530273,0.18300002813339233,GLD
2020-10-30,0.10269505834545445,0.08613179646590297,0.20005212524690896,0.28384974616806247,0.16428357636282764,0.3728257729365692,0.320037375068786,-0.3087083266619919,0.04980396559049871,0.1345464586068459,58.26469289997306,0.13201157924535467,0.6111111111111112,0.7222222222222222,0.9444444444444444,-0.004413683391431555,0.10269505834545445,0.08556961123417928,11.649999618530273,0.18300002813339233,GOOGL
2020-10-30,-0.013808014009694447,-0.020171086571409313,-0.00814304805686139,0.08129693645486014,0.09643654766577026,0.03882664498556167,0.03416961405076732,-0.04675695350470477,-0.010945065962307043,0.0025535518471611063,33.974721432032794,-0.042206028470976154,0.3888888888888889,0.05555555555555555,0.6111111111111112,-0.004413683391431555,-0.013808014009694447,0.0033835137290680883,11.649999618530273,0.18300002813339233,IEF
2020-10-30,-0.07905679899627371,-0.05308357253795304,-0.07371797365486799,0.0666055170444364,0.1581664492250492,0.20147416451519906,0.17760756570499017,-0.2736627022854228,-0.07041932038032506,-0.047682719736768076,28.44438020121315,-0.8865437629134267,0.2777777777777778,0.3333333333333333,0.05555555555555555,-0.004413683391431555,-0.07905679899627371,0.06254376524093441,11.649999618530273,0.18300002813339233,JNJ
2020-10-30,0.02783545156939371,0.023900507024784412,0.04337882931832904,-0.18667697006435657,-0.20870307723499215,0.2673876641194729,0.267261952664454,-0.4362648659359222,-0.007257282863150305,-0.026067244883395513,46.80691580879735,-0.4280351077789991,0.16666666666666666,0.4444444444444444,0.8333333333333334,-0.004413683391431555,0.02783545156939371,0.20236639566113168,11.649999618530273,0.18300002813339233,JPM
2020-10-30,-0.0051033873948954644,-0.02709283447102706,0.04961200451374714,0.0784903695553858,0.08402255660655422,0.045021453814476406,0.05619194972817489,-0.21762131229775905,-0.00920815311932388,0.02376848333044168,38.00649840372099,-0.06917063635993159,0.3333333333333333,0.1111111111111111,0.7777777777777778,-0.004413683391431555,-0.0051033873948954644,0.03771545047320668,11.649999618530273,0.18300002813339233,LQD
2020-10-30,-0.03736985625047773,-0.010002202191631837,0.13567728620408115,0.42829779048442185,0.48374513280987275,0.3141278138046024,0.32894555872834114,-0.2803930073630386,-0.04620264785292394,0.06932303699222708,39.57230605221943,-1.6444556459871784,0.7222222222222222,0.5555555555555556,0.3888888888888889,-0.004413683391431555,-0.03736985625047773,0.06006061859111189,11.649999618530273,0.18300002813339233,MSFT
2020-10-30,-0.07364840638895587,0.1811630797619761,0.716638139474358,1.4993009360991327,1.6980046813073626,0.4134498781783329,0.4874319546015305,-0.3755402762825554,-0.04553278907754432,0.33612900265001433,41.11509926514297,-0.17410923771635448,1.0,0.8888888888888888,0.1111111111111111,-0.004413683391431555,-0.07364840638895587,0.06921156280609608,11.649999618530273,0.18300002813339233,NVDA
2020-10-30,-0.03385233591733949,-0.07551434901821141,-0.04833024414281373,0.1343697526804748,0.17411633319792585,0.11830252466043892,0.11360773989838369,-0.15727677938073692,-0.028941752163632706,-0.017498486592026463,37.29461399540823,-0.024665889048558154,0.5,0.16666666666666666,0.5555555555555556,-0.004413683391431555,-0.03385233591733949,0.016639371416040216,11.649999618530273,0.18300002813339233,TLT
2020-10-30,-0.04106845105405155,-0.18977223287906786,-0.22192506201608952,-0.45762230739816256,-0.43439373415337557,0.3698774785686277,0.32356861166140677,-0.6298514446961763,-0.0931466749133214,-0.21801046181474415,40.37088716730904,-0.022032268218513062,0.1111111111111111,0.6666666666666666,0.3333333333333333,-0.004413683391431555,-0.04106845105405155,0.2799443959904848,11.649999618530273,0.18300002813339233,XLE
2020-10-30,-0.008724380930436482,-0.0016130165138301678,0.05942406479771978,-0.14728355239358493,-0.1397786536838297,0.21990274158013196,0.2071059110205591,-0.4286252905598329,-0.02864585255125829,-0.015772644208379427,41.50894137216336,-0.13461751346496922,0.2222222222222222,0.3888888888888889,0.6666666666666666,-0.004413683391431555,-0.008724380930436482,0.1684826511482056,11.649999618530273,0.18300002813339233,XLF
2020-10-30,-0.050042699878153574,0.006117770703106595,0.21881392671905164,0.34288213965047176,0.41362368548378603,0.2766945976815862,0.2828614259250829,-0.311532175100533,-0.05528367950413193,0.09263720812699128,36.392336776696325,-0.5348921228296579,0.6666666666666666,0.5,0.2222222222222222,-0.004413683391431555,-0.050042699878153574,0.11383706703756369,11.649999618530273,0.18300002813339233,XLK
2020-10-30,-0.0362152836070615,-0.03284135159349677,0.027740765479843166,0.09861469539803935,0.13989636555943297,0.1991903674043152,0.17113482406067299,-0.2840431418503879,-0.0373709543288786,0.013966400580581517,35.59045073030906,-0.629662180303321,0.4444444444444444,0.2777777777777778,0.4444444444444444,-0.004413683391431555,-0.0362152836070615,0.07948059568648147,11.649999618530273,0.18300002813339233,XLV
2020-10-30,-0.04981077750486784,-0.2095170548534374,-0.2703144951251799,-0.48482924638564595,-0.4578229878659845,0.390118270173449,0.3230304536810312,-0.6034737162903665,-0.09248220072583913,-0.24343767411746475,40.875493380050955,0.010084810723889559,0.05555555555555555,0.7777777777777778,0.2777777777777778,-0.004413683391431555,-0.04981077750486784,0.19711652112901223,11.649999618530273,0.18300002813339233,XOM
2020-11-30,0.09549337864768814,-0.0758258223449414,0.5030566884892416,0.7972406849775491,0.6405764927544519,0.3463565513111086,0.4359762476931255,-0.3142727448409445,0.028910282363296735,0.2648216331588431,55.27296094695341,-0.07639913623485567,0.8333333333333334,0.5555555555555556,0.6111111111111112,0.1397810775451015,0.09549337864768814,0.11457373263523762,-17.450000762939453,-0.016000032424926758,AAPL
2020-11-30,0.043439868865324804,-0.08198304826643821,0.29711708802950043,0.7592402397514328,0.686000594997866,0.4147122039605605,0.40324614439624556,-0.22744701905130327,-0.0011305076796894742,0.15751976630781606,51.00418579169093,0.4073998358978461,0.7777777777777778,0.6666666666666666,0.2777777777777778,0.1397810775451015,0.043439868865324804,0.028058383014484267,-17.450000762939453,-0.016000032424926758,AMZN
2020-11-30,0.44877299647143354,0.6801761702042277,1.0792009818674622,1.5286973089130331,0.7454061575359388,0.5530065890131959,0.4517873574770163,-0.5051110281785738,0.3106130739078301,0.714396295156321,70.90842112561216,-74.40593048469282,0.9444444444444444,0.7777777777777778,0.9444444444444444,0.1397810775451015,0.44877299647143354,0.477731740726012,-17.450000762939453,-0.016000032424926758,BTC-USD
2020-11-30,0.6060878912999548,0.4131720448774481,1.7861886515608139,2.9589574114318777,1.4649693412653333,0.7463864452269409,0.5772383406428397,-0.5581421511892908,0.3755090455902521,0.7956561547341849,69.4675534432992,3.2880972304184297,1.0,1.0,1.0,0.1397810775451015,0.6060878912999548,0.19998759130319121,-17.450000762939453,-0.016000032424926758,ETH-USD
2020-11-30,-0.05408625961608993,-0.09825246703567458,0.02308019410910167,0.2089801061297143,0.2781081979410043,0.20893780249047414,0.16061028977681222,-0.14038888703073749,-0.0579933058124541,-0.01262551010021351,26.943742039345878,-1.0062293096783719,0.5555555555555556,0.3333333333333333,0.05555555555555555,0.1397810775451015,-0.05408625961608993,0.07013861264675048,-17.450000762939453,-0.016000032424926758,GLD
2020-11-30,0.08556961123417928,0.07662942929825012,0.22384050332554994,0.34530594003375614,0.23926271158630152,0.28958847511083324,0.33780748666583377,-0.3087083266619919,0.09183764923086879,0.20894020075555342,58.65692230715745,-0.27853745721390855,0.6111111111111112,0.4444444444444444,0.5555555555555556,0.1397810775451015,0.08556961123417928,-0.0010030202923175802,-17.450000762939453,-0.016000032424926758,GOOGL
2020-11-30,0.0033835137290680883,-0.007227582535595745,-0.008035393704602711,0.09246329965742817,0.0887793996109183,0.05358008182055499,0.04106849250259275,-0.04675695350470477,-0.0029789149427774664,-0.000960017428243809,50.54004438710468,0.06795384914566444,0.3333333333333333,0.05555555555555555,0.1111111111111111,0.1397810775451015,0.0033835137290680883,-0.0023848079949115863,-17.450000762939453,-0.016000032424926758,IEF
2020-11-30,0.06254376524093441,-0.05035286676830908,-0.014084181158701137,0.08090246632393305,0.017278065792269537,0.15438324870040382,0.19040470839862098,-0.2736627022854228,0.001336782947892745,0.013409934211791708,50.471882876738746,-0.11286842381610807,0.2777777777777778,0.16666666666666666,0.3888888888888889,0.1397810775451015,0.06254376524093441,0.0877798281629043,-17.450000762939453,-0.016000032424926758,JNJ
2020-11-30,0.20236639566113168,0.18748239966778923,0.23454093746067084,-0.07285375836977592,-0.22889874086972906,0.5724404335215686,0.39873391814472253,-0.4362648659359222,0.13013289608943324,0.19318956746372207,60.28687606512611,0.2436976960602184,0.16666666666666666,0.8333333333333334,0.8333333333333334,0.1397810775451015,0.20236639566113168,0.07796056041516852,-17.450000762939453,-0.016000032424926758,JPM
2020-11-30,0.03771545047320668,0.027879253638577683,0.06304577333477512,0.11387450899759832,0.07339108084943957,0.07245346362055899,0.05956798044072028,-0.21762131229775905,0.023932000676450738,0.05519790403328262,70.4895167672003,0.1585208828546506,0.3888888888888889,0.1111111111111111,0.2222222222222222,0.1397810775451015,0.03771545047320668,0.0015061813074201957,-17.450000762939453,-0.016000032424926758,LQD
2020-11-30,0.06006061859111189,-0.04832838163107589,0.17407520337512383,0.42910392231165106,0.3481341512441254,0.2985920907712254,0.3425606194442478,-0.2803930073630386,0.010557124869067236,0.10963198337902558,51.49469251042152,-0.03008483509381521,0.7222222222222222,0.5,0.3333333333333333,0.1397810775451015,0.06006061859111189,0.03900574128341616,-17.450000762939453,-0.016000032424926758,MSFT
2020-11-30,0.06921156280609608,0.0023185620932075768,0.5110844045939433,1.476635315508203,1.3163192408884812,0.5046542945155301,0.5120648927949634,-0.3755402762825554,0.002828956585278597,0.3288216024568509,51.24740786250055,-0.01770221736791502,0.8888888888888888,0.7222222222222222,0.4444444444444444,0.1397810775451015,0.06921156280609608,-0.025567543460921605,-17.450000762939453,-0.016000032424926758,NVDA
2020-11-30,0.016639371416040216,-0.01018000148775644,-0.015142872381682437,0.15795926534232563,0.13900690638160706,0.1575682447177695,0.12576893836160574,-0.15727677938073692,-0.0013711020242173078,-0.011932501226309955,52.05121547115476,0.23728424564662,0.5,0.2222222222222222,0.16666666666666666,0.1397810775451015,0.016639371416040216,-0.012276537799945975,-17.450000762939453,-0.016000032424926758,TLT
2020-11-30,0.2799443959904848,0.0481005669919059,-0.02363460871537748,-0.3167497329384166,-0.4661875397072618,0.7010180684381417,0.5079742710952825,-0.6298514446961763,0.1561786446465312,0.05252570434850479,58.386188213819764,0.15390072002020794,0.1111111111111111,0.9444444444444444,0.8888888888888888,0.1397810775451015,0.2799443959904848,0.04480109644324348,-17.450000762939453,-0.016000032424926758,XLE
2020-11-30,0.1684826511482056,0.1186490169194836,0.20513323730546107,-0.05153454573420202,-0.18829307963298259,0.3621708661508265,0.28250984995526107,-0.4286252905598329,0.09819985557861899,0.1655870678726119,62.08826765926279,0.0813405259625628,0.2222222222222222,0.6111111111111112,0.7222222222222222,0.1397810775451015,0.1684826511482056,0.06306036121043879,-17.450000762939453,-0.016000032424926758,XLF
2020-11-30,0.11383706703756369,0.001647132535199658,0.26665895879458246,0.41957264383158566,0.2744885996721018,0.24398970353208727,0.2990240052362464,-0.311532175100533,0.044903431337915745,0.1906234812812806,60.70588746952195,0.11152671877106257,0.6666666666666666,0.3888888888888889,0.6666666666666666,0.1397810775451015,0.11383706703756369,0.0554163254231983,-17.450000762939453,-0.016000032424926758,XLK
2020-11-30,0.07948059568648147,0.01770167480032314,0.07410077705679718,0.12943190101395463,0.0462734629293704,0.19483953261634623,0.2006764930685049,-0.2840431418503879,0.025641985084732255,0.08605635667063072,55.598958544363356,-0.1988651655804634,0.4444444444444444,0.2777777777777778,0.5,0.1397810775451015,0.07948059568648147,0.03797834885378082,-17.450000762939453,-0.016000032424926758,XLV
2020-11-30,0.19711652112901223,-0.022284739424066502,-0.12425079999230193,-0.39563826360930154,-0.4951521211813875,0.6782409474748057,0.487100012437658,-0.6034737162903665,0.10308610930360995,-0.043761906547365226,54.96119691965929,0.24940432032973225,0.05555555555555555,0.8888888888888888,0.7777777777777778,0.1397810775451015,0.19711652112901223,0.0810385096849986,-17.450000762939453,-0.016000032424926758,XOM
2020-12-31,0.11457373263523762,0.14773309398370316,0.46007262541426,0.8230680882854229,0.6356639627376286,0.2755447492368156,0.3467974134351377,-0.3142727448409445,0.09674887220364803,0.3224338175937964,62.77377709278534,0.44111851907220334,0.8333333333333334,0.7777777777777778,0.8888888888888888,0.07432250575345266,0.11457373263523762,-0.005501687546648482,2.1800003051757812,0.07300001382827759,AAPL
2020-12-31,0.028058383014484267,0.03436308546876177,0.18055185445383848,0.7625606069163975,0.7144557507990914,0.20026505361712912,0.33422114482889675,-0.22744701905130327,0.026414341601362246,0.13193130489031413,56.06880302604319,0.53923812095929,0.7777777777777778,0.6111111111111112,0.3333333333333333,0.07432250575345266,0.028058383014484267,-0.01557601223652838,2.1800003051757812,0.07300001382827759,AMZN
2020-12-31,0.477731740726012,1.689206206938331,2.173751630410679,3.0316009017076606,1.7282359785592267,0.5226677631651507,0.5446179181000357,-0.3082755839373973,0.4248732481173041,1.1667264360392848,82.75956903486087,454.23490793112796,0.9444444444444444,0.9444444444444444,1.0,0.07432250575345266,0.477731740726012,0.18325347209665166,2.1800003051757812,0.07300001382827759,BTC-USD
2020-12-31,0.19998759130319121,1.0498076891119243,2.2600728975214035,4.692450722418428,3.743757988560869,0.6367660463703327,0.6799553250967263,-0.3458782707068937,0.26347623286038857,0.8260958599464352,67.67705190537356,10.27221582987815,1.0,1.0,0.9444444444444444,0.07432250575345266,0.19998759130319121,0.8738363314019961,2.1800003051757812,0.07300001382827759,ETH-USD
2020-12-31,0.07013861264675048,0.007000934549166171,0.06566293728735073,0.24814561391482037,0.16634013497355182,0.12059788498148732,0.16309051614842898,-0.14038888703073749,0.017101863740985213,0.04098393290640856,60.70732393600611,0.5234620146372717,0.5555555555555556,0.2777777777777778,0.6666666666666666,0.07432250575345266,0.07013861264675048,-0.03223816988295236,2.1800003051757812,0.07300001382827759,GLD
2020-12-31,-0.0010030202923175802,0.1958515781044261,0.2359509968355289,0.3085360263961099,0.30984983235785357,0.15827212900767645,0.2808976622517073,-0.3087083266619919,0.013672410244183197,0.1676264976116988,51.35937406081723,-0.218876651341737,0.6111111111111112,0.4444444444444444,0.2222222222222222,0.07432250575345266,-0.0010030202923175802,0.04263273520906363,2.1800003051757812,0.07300001382827759,GOOGL
2020-12-31,-0.0023848079949115863,-0.012831056031611277,-0.010822987422971275,0.10006717109773455,0.10269689146045358,0.027601719704813534,0.04196529328500203,-0.04675695350470477,0.00010035647975259465,-0.006694468949155596,52.143317037729666,0.03269905845179977,0.2777777777777778,0.05555555555555555,0.16666666666666666,0.07432250575345266,-0.0023848079949115863,-0.010921109280279895,2.1800003051757812,0.07300001382827759,IEF
2020-12-31,0.0877798281629043,0.06443874503758695,0.1343835519125789,0.10823693773709842,0.01880629613139928,0.17323628362197957,0.1846493708311745,-0.2736627022854228,0.07012882119257347,0.08968027413453106,68.33996163591304,0.23872589164387703,0.3333333333333333,0.5555555555555556,0.8333333333333334,0.07432250575345266,0.0877798281629043,0.03653555488207916,2.1800003051757812,0.07300001382827759,JNJ
2020-12-31,0.07796056041516852,0.3321811813889315,0.37676865022258355,-0.055347657677601414,-0.12366706444383024,0.21464468563428338,0.38429140924347005,-0.4362648659359222,0.10455111476768586,0.269482531373229,66.59274505003872,0.07569155757537205,0.16666666666666666,0.7222222222222222,0.7222222222222222,0.07432250575345266,0.07796056041516852,0.019883975189282976,2.1800003051757812,0.07300001382827759,JPM
2020-12-31,0.0015061813074201957,0.033974597606410084,0.04246739988713277,0.10970047672590777,0.10803158027167115,0.040541904903955886,0.054586094162825734,-0.21762131229775905,0.014819975904540872,0.04626150894015324,65.47901356916353,0.03457856855057684,0.3888888888888889,0.1111111111111111,0.2777777777777778,0.07432250575345266,0.0015061813074201957,-0.01831596181838857,2.1800003051757812,0.07300001382827759,LQD
2020-12-31,0.03900574128341616,0.06024957024966637,0.09842947172521965,0.4253409196608653,0.3718316107668804,0.16311784926713868,0.26443194766700046,-0.2803930073630386,0.03490013043210993,0.11713827920361553,58.179306068727186,0.39429889291352715,0.6666666666666666,0.5,0.4444444444444444,0.07432250575345266,0.03900574128341616,0.042891960411472585,2.1800003051757812,0.07300001382827759,MSFT
2020-12-31,-0.025567543460921605,-0.03485794317302193,0.3753537837319554,1.2229566058411594,1.281283418797956,0.20201503049237085,0.3823355465070864,-0.3755402762825554,-0.016355660525777083,0.20641724289766739,46.289563366142715,-0.018538388640402192,0.8888888888888888,0.6666666666666666,0.05555555555555555,0.07432250575345266,-0.025567543460921605,-0.004998114292780631,2.1800003051757812,0.07300001382827759,NVDA
2020-12-31,-0.012276537799945975,-0.02983455313478567,-0.030496454699437847,0.18152296415774627,0.19620826007921632,0.09423449026757418,0.12678717689329067,-0.15727677938073692,-0.0011839269501756622,-0.027093611511826432,50.66071768043727,0.09412622761293848,0.5,0.16666666666666666,0.1111111111111111,0.07432250575345266,-0.012276537799945975,-0.03632774824067786,2.1800003051757812,0.07300001382827759,TLT
2020-12-31,0.04480109644324348,0.28236698995041243,0.03140736691214574,-0.3267131790434372,-0.355583734312115,0.34422425016555525,0.4993908152851845,-0.6298514446961763,0.07480477263911611,0.10248462006519321,51.129204461800185,-0.1709414072415565,0.1111111111111111,0.8888888888888888,0.5,0.07432250575345266,0.04480109644324348,0.03746709444504437,2.1800003051757812,0.07300001382827759,XLE
2020-12-31,0.06306036121043879,0.23133044597013952,0.28786239108474687,-0.01736356108320536,-0.07565320392726393,0.14181506185620843,0.26078574729723164,-0.4286252905598329,0.08492001721997555,0.22064243486811663,67.78974563011981,-0.013951446951188884,0.2222222222222222,0.3888888888888889,0.6111111111111112,0.07432250575345266,0.06306036121043879,-0.01797818284276209,2.1800003051757812,0.07300001382827759,XLF
2020-12-31,0.0554163254231983,0.11673353684562682,0.24999032858498715,0.43618795318984693,0.36077860328147526,0.12060916062262832,0.22145514943847103,-0.311532175100533,0.0635106681192481,0.20634671796194826,67.1429440904376,0.03209777219473042,0.7222222222222222,0.3333333333333333,0.5555555555555556,0.07432250575345266,0.0554163254231983,-0.008383201522777273,2.1800003051757812,0.07300001382827759,XLK
2020-12-31,0.03797834885378082,0.07989907638756866,0.14280672980536568,0.13295219313626339,0.0914988683409057,0.10118985774341631,0.17237528395168186,-0.2840431418503879,0.036580451568011485,0.10519451931151802,65.0783273773265,0.010804939646347655,0.4444444444444444,0.2222222222222222,0.3888888888888889,0.07432250575345266,0.03797834885378082,0.01401612735548774,2.1800003051757812,0.07300001382827759,XLV
2020-12-31,0.0810385096849986,0.22966748525430858,-0.03740391772739127,-0.36211038896212056,-0.40992887364969754,0.3229144217755685,0.4838978849795912,-0.6034737162903665,0.07730298929799417,0.044215540479880966,51.749442213993845,-0.3332070840211254,0.05555555555555555,0.8333333333333334,0.7777777777777778,0.07432250575345266,0.0810385096849986,0.08782159491558206,2.1800003051757812,0.07300001382827759,XOM
2021-01-29,-0.005501687546648482,0.21429053881569926,0.2462450217388401,0.7201336287335174,0.7296496205107466,0.3661782209271975,0.33867628576604447,-0.3142727448409445,0.03381615441078978,0.23360255442119815,49.03422752174981,0.09686357949534141,0.8333333333333334,0.7222222222222222,0.4444444444444444,0.06600548101349249,-0.005501687546648482,-0.07971214043013253,10.34000015258789,0.17600005865097046,AAPL
2021-01-29,-0.01557601223652838,0.05600844961470952,0.013119835896217458,0.5961408492194866,0.6213957289336114,0.26580700859188366,0.3044029162766218,-0.22744701905130327,0.005873849093470662,0.07149748004733492,49.347640135979056,0.18860810153593777,0.7777777777777778,0.5,0.2777777777777778,0.06600548101349249,-0.01557601223652838,-0.03532841376742368,10.34000015258789,0.17600005865097046,AMZN
2021-01-29,0.18325347209665166,1.5332248049419395,2.0305548057261475,2.6699940323398303,2.1016127303956513,0.9043164255313452,0.7309162439623611,-0.25406053586932753,0.14180586537987594,1.008054411976219,53.85555380132911,-595.6768135386371,0.9444444444444444,0.9444444444444444,0.9444444444444444,0.06600548101349249,0.18325347209665166,0.350368326902861,10.34000015258789,0.17600005865097046,BTC-USD
2021-01-29,0.8738363314019961,2.6114176660293227,3.00088032157172,6.673853857765624,3.095263673334842,1.2566817206089596,1.0289255567338538,-0.32687345865417283,0.43912194375090374,1.5457240380057167,60.98535186257696,-9.885414815760186,1.0,1.0,1.0,0.06600548101349249,0.8738363314019961,0.045938383808684424,10.34000015258789,0.17600005865097046,ETH-USD
2021-01-29,-0.03223816988295236,-0.0203745539163952,-0.0691365613536159,0.15589632688570387,0.19440165019310807,0.1831688966856065,0.17928550253486572,-0.14038888703073749,-0.009406074220696281,-0.004877885183579123,43.5843341916379,-0.264942593283779,0.5,0.2777777777777778,0.1111111111111111,0.06600548101349249,-0.03223816988295236,-0.06256881416817583,10.34000015258789,0.17600005865097046,GLD
2021-01-29,0.04263273520906363,0.13071514408880414,0.22810567074037502,0.275394806849135,0.22324454602262134,0.3392826796063391,0.2794788149791823,-0.3087083266619919,0.027904684011138103,0.16936758257748963,53.68580906550545,0.20933059082354255,0.6111111111111112,0.6666666666666666,0.7777777777777778,0.06600548101349249,0.04263273520906363,0.10646510416385868,10.34000015258789,0.17600005865097046,GOOGL
2021-01-29,-0.010921109280279895,-0.009941291428412158,-0.029911851349787355,0.05160677882163256,0.06321830208752388,0.038557728670209804,0.04284179137686367,-0.04675695350470477,-0.006454483635170427,-0.016745623878629767,43.893227566161784,0.06847364762751726,0.2777777777777778,0.05555555555555555,0.3333333333333333,0.06600548101349249,-0.010921109280279895,-0.0236332500886558,10.34000015258789,0.17600005865097046,IEF
2021-01-29,0.03653555488207916,0.1980419683027279,0.13444562057481813,0.12557801910869326,0.08590391695415023,0.21393528994740477,0.1823173228390203,-0.2736627022854228,0.05561596383801981,0.10548393379319809,55.659868167814565,0.16512293113386045,0.4444444444444444,0.3888888888888889,0.6666666666666666,0.06600548101349249,0.03653555488207916,-0.022569945205476505,10.34000015258789,0.17600005865097046,JNJ
2021-01-29,0.019883975189282976,0.3218752445955779,0.3534687331649231,0.008206687596734596,-0.011449623561720412,0.2778649789320127,0.3857884353661102,-0.4362648659359222,0.026369596993085942,0.2397627593160283,46.57172810200936,-1.3937136034866238,0.2222222222222222,0.5555555555555556,0.6111111111111112,0.06600548101349249,0.019883975189282976,0.14377850416634064,10.34000015258789,0.17600005865097046,JPM
2021-01-29,-0.01831596181838857,0.0202430538964522,-0.007398222282979483,0.06336442296090183,0.08320435252322955,0.05501382930945634,0.0593912528772376,-0.21762131229775905,-0.008375550594141967,0.015000518070110047,41.74276926356805,-0.03146061290604252,0.3888888888888889,0.1111111111111111,0.16666666666666666,0.06600548101349249,-0.01831596181838857,-0.022632827515665754,10.34000015258789,0.17600005865097046,LQD
2021-01-29,0.042891960411472585,0.148650663001477,0.13716162682258415,0.3770622146303091,0.3204265320896613,0.27852146247066084,0.24944223145869204,-0.2803930073630386,0.06134446839859664,0.12892851845651632,61.27697238188855,1.6474618216764245,0.7222222222222222,0.6111111111111112,0.8333333333333334,0.06600548101349249,0.042891960411472585,0.004117985397292134,10.34000015258789,0.17600005865097046,MSFT
2021-01-29,-0.004998114292780631,0.03666704212677718,0.22447283616620228,1.2012746983246148,1.2123321874510924,0.4195304055250094,0.39395136682197474,-0.3755402762825554,-0.02000324793216235,0.13108760285489085,45.42378169991376,-0.03918228956753632,0.8888888888888888,0.8888888888888888,0.5,0.06600548101349249,-0.004998114292780631,0.05579405627172118,10.34000015258789,0.17600005865097046,NVDA
2021-01-29,-0.03632774824067786,-0.03232025960816154,-0.1053939652619631,0.05728293088116132,0.09713953987046886,0.1145834320535919,0.1280810280942267,-0.15727677938073692,-0.02496080137421952,-0.05689670875929065,41.26695666364761,0.18840649529080178,0.3333333333333333,0.16666666666666666,0.05555555555555555,0.06600548101349249,-0.03632774824067786,-0.05733011276373301,10.34000015258789,0.17600005865097046,TLT
2021-01-29,0.03746709444504437,0.38739157819812475,0.12410318052585279,-0.21521873136025504,-0.24356032799330818,0.369657660552431,0.4986705174922388,-0.6298514446961763,-0.00613902955591239,0.1036384109420001,43.39164703054792,-0.20988787218371185,0.1111111111111111,0.7777777777777778,0.7222222222222222,0.06600548101349249,0.03746709444504437,0.22456766225853575,10.34000015258789,0.17600005865097046,XLE
2021-01-29,-0.01797818284276209,0.21983567315779262,0.21786805807283005,-0.00861854096073178,0.009530991795197341,0.24760320473193634,0.26767640908377066,-0.4286252905598329,-0.006291457090278785,0.15359815836257584,40.82166309041217,-0.2847381947219373,0.16666666666666666,0.4444444444444444,0.2222222222222222,0.06600548101349249,-0.01797818284276209,0.11606218292317116,10.34000015258789,0.17600005865097046,XLF
2021-01-29,-0.008383201522777273,0.16570685273640073,0.17283837996848228,0.36947034125049294,0.3810479444817003,0.20791512326618194,0.19991951012293954,-0.311532175100533,0.013431568701294472,0.14510879886315253,47.75122148718719,-0.10461449827099123,0.6666666666666666,0.3333333333333333,0.3888888888888889,0.06600548101349249,-0.008383201522777273,0.013650668781737485,10.34000015258789,0.17600005865097046,XLK
2021-01-29,0.01401612735548774,0.13618224147771274,0.09886848101105583,0.18035141810897248,0.16403613933368155,0.16187796782449113,0.1568714466769411,-0.2840431418503879,0.018020886017921844,0.09037712943860332,48.84484361924794,-0.41629101537460533,0.5555555555555556,0.2222222222222222,0.5555555555555556,0.06600548101349249,0.01401612735548774,-0.021038111743178045,10.34000015258789,0.17600005865097046,XLV
2021-01-29,0.08782159491558206,0.4077815379894272,0.11282729627283983,-0.22052382375116797,-0.28345219483409734,0.38316238595354046,0.48577740466191677,-0.6034737162903665,0.03958504227419657,0.10857539078547007,48.1957459270005,-0.4277143053026684,0.05555555555555555,0.8333333333333334,0.8888888888888888,0.06600548101349249,0.08782159491558206,0.23312493118354527,10.34000015258789,0.17600005865097046,XOM
2021-02-26,-0.07971214043013253,0.020085436063624895,-0.057263380987997436,0.7881177899316072,0.942998347025195,0.26055368958389025,0.3001016487288508,-0.3142727448409445,-0.08023988810153371,0.07823206773909819,29.178693416330347,-1.6289799543916983,0.8333333333333334,0.6666666666666666,0.05555555555555555,0.053836343898628146,-0.07971214043013253,0.007339655553437963,-5.1399993896484375,0.3669999837875366,AAPL
2021-02-26,-0.03532841376742368,-0.023708623216976532,-0.10374796628188665,0.6419004606108991,0.702030498299602,0.2550025072921867,0.24372557619137214,-0.22744701905130327,-0.042896598142756925,0.005068448246689172,37.429672391746095,-1.4073966257266637,0.7777777777777778,0.6111111111111112,0.2222222222222222,0.053836343898628146,-0.03532841376742368,0.00037178414851712915,-5.1399993896484375,0.3669999837875366,AMZN
2021-02-26,0.350368326902861,1.3611611686922571,2.967166729648295,4.343326808994984,2.956940267734343,0.932373550641447,0.8419974992456563,-0.25406053586932753,0.13220862884093698,1.107525113435535,49.8028554798222,-1040.3266421309463,0.9444444444444444,1.0,1.0,0.053836343898628146,0.350368326902861,0.27145306419239223,-5.1399993896484375,0.3669999837875366,BTC-USD
2021-02-26,0.045938383808684424,1.351876492766226,2.3236061125816483,5.376920600638881,5.096841553340776,0.7548659146836476,1.085597120389686,-0.32687345865417283,-0.035241427015116455,0.9651277802536573,39.264873905219275,-68.39886143517842,1.0,0.9444444444444444,0.6111111111111112,0.053836343898628146,0.045938383808684424,0.32663718137942666,-5.1399993896484375,0.3669999837875366,ETH-USD
2021-02-26,-0.06256881416817583,-0.02915942079404843,-0.12454690279937641,0.09051079817922902,0.16329690612070968,0.1718402761798384,0.16823403919669924,-0.16545464919304864,-0.06527426928830238,-0.07160880425715144,29.26945917151717,-0.47369780862804056,0.2222222222222222,0.2777777777777778,0.1111111111111111,0.053836343898628146,-0.06256881416817583,-0.011433105943016053,-5.1399993896484375,0.3669999837875366,GLD
2021-02-26,0.10646510416385868,0.15247961690960077,0.24079347223124925,0.5097333088882285,0.36446536199541013,0.33247247558071097,0.2887154257414393,-0.3087083266619919,0.07285684488062216,0.2375257518223397,53.59684811868471,-0.8103686156311745,0.7222222222222222,0.7222222222222222,0.7222222222222222,0.053836343898628146,0.10646510416385868,0.02008485399896842,-5.1399993896484375,0.3669999837875366,GOOGL
2021-02-26,-0.0236332500886558,-0.03659927606655888,-0.04356233431364043,-0.002780769099553382,0.021357221547124272,0.06561150728737199,0.048168928154343656,-0.06401198004301711,-0.022057224873878623,-0.03722192071177077,33.01096469455638,-0.16869810986201272,0.1111111111111111,0.05555555555555555,0.2777777777777778,0.053836343898628146,-0.0236332500886558,-0.023856744167922272,-5.1399993896484375,0.3669999837875366,IEF
2021-02-26,-0.022569945205476505,0.10207434745875754,0.04658174467239573,0.2101808074908711,0.23812522599919106,0.19703282990619844,0.1830789622017443,-0.2736627022854228,-0.0071607115956349165,0.0692649451297338,41.28415513892072,-0.6947416273628033,0.3888888888888889,0.3333333333333333,0.3888888888888889,0.053836343898628146,-0.022569945205476505,0.03717033393787661,-5.1399993896484375,0.3669999837875366,JNJ
2021-02-26,0.14377850416634064,0.25746402711687266,0.4932164004166659,0.3145545628416646,0.14930868000513486,0.21953111986085802,0.2451654244362071,-0.4362648659359222,0.09473506912007412,0.35223994132119274,62.4396141412017,0.4228930022320738,0.5555555555555556,0.4444444444444444,0.8333333333333334,0.053836343898628146,0.14377850416634064,0.03438217687139522,-5.1399993896484375,0.3669999837875366,JPM
2021-02-26,-0.022632827515665754,-0.03908911794765291,-0.012299639742846202,0.028077380268012764,0.05188450073965556,0.09001839974903122,0.06616049327278022,-0.21762131229775905,-0.023707667491788764,-0.01361872666086239,38.35878066261823,-0.22820517751430525,0.16666666666666666,0.1111111111111111,0.3333333333333333,0.053836343898628146,-0.022632827515665754,-0.014780840447545907,-5.1399993896484375,0.3669999837875366,LQD
2021-02-26,0.004117985397292134,0.08803286286705347,0.03544999544326233,0.4489319222711192,0.4429897117098551,0.24303717665635818,0.21570747039315497,-0.2803930073630386,0.018156203172714935,0.10091686075840767,46.59226881359984,-2.0780883735299365,0.6111111111111112,0.5555555555555556,0.5,0.053836343898628146,0.004117985397292134,0.014588167782686678,-5.1399993896484375,0.3669999837875366,MSFT
2021-02-26,0.05579405627172118,0.023657935888529602,0.026031350375091744,1.0333867912119534,0.925931273370076,0.4911572224521912,0.3861052039270777,-0.3755402762825554,0.006035368350988168,0.12956949198401935,46.33185704213423,-0.1464287711424917,0.8888888888888888,0.8888888888888888,0.6666666666666666,0.053836343898628146,0.05579405627172118,-0.02636924270708041,-5.1399993896484375,0.3669999837875366,NVDA
2021-02-26,-0.05733011276373301,-0.10272749865527986,-0.11186173405389199,-0.06527089908683226,-0.008423719088322845,0.1671979958410934,0.13272737130023693,-0.18728460853668438,-0.05362197608353314,-0.10061221142438015,38.50949542651781,-0.38446378470026765,0.05555555555555555,0.2222222222222222,0.16666666666666666,0.053836343898628146,-0.05733011276373301,-0.052451974137109225,-5.1399993896484375,0.3669999837875366,TLT
2021-02-26,0.22456766225853575,0.32736614721182655,0.3912132114985769,0.1344553150950758,-0.07358707071952308,0.3507480201676689,0.36836009972410094,-0.6298514446961763,0.14141962548216513,0.3136207354792533,63.771501574998744,0.15355736878675086,0.2777777777777778,0.7777777777777778,0.8888888888888888,0.053836343898628146,0.22456766225853575,0.029709730322838857,-5.1399993896484375,0.3669999837875366,XLE
2021-02-26,0.11606218292317116,0.165111405680054,0.30335072856567,0.2466734634366874,0.1170286768174702,0.20775997350320866,0.2023053655040445,-0.4286252905598329,0.06023481203682768,0.2403089722104519,59.07478730117839,0.07402951721430129,0.5,0.3888888888888889,0.7777777777777778,0.053836343898628146,0.11606218292317116,0.058523861811687894,-5.1399993896484375,0.3669999837875366,XLF
2021-02-26,0.013650668781737485,0.06085491841497248,0.06260228706622062,0.49749672300023273,0.4773301780582939,0.22471440540803983,0.18312995379743915,-0.311532175100533,-0.007853038164831072,0.11778732736516373,42.49867422646712,-0.45309590356987917,0.6666666666666666,0.5,0.5555555555555556,0.053836343898628146,0.013650668781737485,0.018366906210844913,-5.1399993896484375,0.3669999837875366,XLK
2021-02-26,-0.021038111743178045,0.030383609455759464,0.04862312502992827,0.23699531456878153,0.2635786228322168,0.11009150779172783,0.12249584446281307,-0.2840431418503879,-0.020539748203597386,0.05121997291690317,36.71808693228702,-0.38666976603375425,0.4444444444444444,0.16666666666666666,0.4444444444444444,0.053836343898628146,-0.021038111743178045,0.04027311660595889,-5.1399993896484375,0.3669999837875366,XLV
2021-02-26,0.23312493118354527,0.45012660130817284,0.4178109078661132,0.14432584288483596,-0.07201142889348655,0.35364854307725396,0.37030630914912277,-0.6034737162903665,0.1629749600157413,0.3334531263334992,64.39232729351951,0.2398513463263896,0.3333333333333333,0.8333333333333334,0.9444444444444444,0.053836343898628146,0.23312493118354527,0.026852930471640724,-5.1399993896484375,0.3669999837875366,XOM
2021-03-31,0.007339655553437963,-0.07805784246334779,0.05814352494355246,0.9363226085650949,0.922214218302831,0.327629690278319,0.3269619164849629,-0.26372263861123446,-0.04642486990185102,0.04214831381127415,47.755594329366815,0.3019092207053986,0.8333333333333334,0.7777777777777778,0.3888888888888889,0.04204788088249991,0.007339655553437963,0.07621754500291789,-8.55000114440918,0.28600001335144043,AAPL
2021-03-31,0.00037178414851712915,-0.05000108692515248,-0.01735619307993075,0.5869355051404068,0.5863457269450609,0.26566253421461544,0.26215907982625175,-0.16409685396161633,-0.02544306315249223,-0.016384577417769997,49.26830314646192,0.3037269705029282,0.4444444444444444,0.5555555555555556,0.3333333333333333,0.04204788088249991,0.00037178414851712915,0.12066273709568343,-8.55000114440918,0.28600001335144043,AMZN
2021-03-31,0.27145306419239223,1.0315633211687802,4.463292693075333,8.150812992592943,6.197130000552086,0.5322792423545875,0.714700959340492,-0.25406053586932753,0.11205724417286711,1.0240924008569494,60.72430186027953,-38.18274485742927,0.9444444444444444,0.8888888888888888,0.9444444444444444,0.04204788088249991,0.27145306419239223,-0.019835020649767054,-8.55000114440918,0.28600001335144043,BTC-USD
2021-03-31,0.32663718137942666,1.6000992209656864,4.3297033755893874,13.359688906737354,9.824126677805205,0.6128470182690756,0.7581939688976139,-0.32687345865417283,0.10540264349576267,1.0112882714696823,62.10957395864889,12.092841711397767,1.0,1.0,1.0,0.04204788088249991,0.32663718137942666,0.44561190417800023,-8.55000114440918,0.28600001335144043,ETH-USD
2021-03-31,-0.011433105943016053,-0.1031621094052434,-0.09688340603197731,0.08044581841680665,0.09294153477339329,0.14507932259396691,0.16606474979868746,-0.1877352829494502,-0.03826378668149799,-0.08167839485251394,41.07231322137142,0.03490942917446471,0.16666666666666666,0.2777777777777778,0.2777777777777778,0.04204788088249991,-0.011433105943016053,0.035633887903232075,-8.55000114440918,0.28600001335144043,GLD
2021-03-31,0.02008485399896842,0.17680736341767367,0.40728694266793375,0.7750505595834671,0.7401008873182058,0.29121696371454847,0.3178244233887274,-0.2834143855053438,0.019447492321311266,0.20851409003433785,54.637484332349935,-0.14634013275573704,0.7222222222222222,0.6666666666666666,0.5555555555555556,0.04204788088249991,0.02008485399896842,0.1410798793801462,-8.55000114440918,0.28600001335144043,GOOGL
2021-03-31,-0.023856744167922272,-0.057334805175487724,-0.0694301951093308,-0.06150856292773432,-0.03857202161143558,0.05368353395278765,0.05341304322640311,-0.07813903662274291,-0.02638547967020821,-0.054361111676546336,31.26262207324541,0.04219345242164685,0.1111111111111111,0.05555555555555555,0.16666666666666666,0.04204788088249991,-0.023856744167922272,0.010012465387783775,-8.55000114440918,0.28600001335144043,IEF
2021-03-31,0.03717033393787661,0.0507997936573128,0.11851201364634534,0.28722942566800636,0.2410974201129703,0.15239443416414863,0.1747171903791932,-0.15818330563618743,0.015285556890834995,0.0947422763526029,59.99048585772075,0.548260973834032,0.2777777777777778,0.3333333333333333,0.7777777777777778,0.04204788088249991,0.03717033393787661,-0.00985726524320929,-8.55000114440918,0.28600001335144043,JNJ
2021-03-31,0.03438217687139522,0.20662891154910845,0.6074483288855317,0.7536461248165829,0.6953560918080415,0.2296234897105742,0.24340440939316704,-0.39824511065028123,0.04489130590885693,0.3182858039880443,52.33503871547649,-0.6008831416143736,0.6666666666666666,0.4444444444444444,0.7222222222222222,0.04204788088249991,0.03438217687139522,0.016330068752256732,-8.55000114440918,0.28600001335144043,JPM
2021-03-31,-0.014780840447545907,-0.0547159575345435,-0.022600312568018976,0.08112043086269205,0.09734003889429244,0.0805756247692946,0.07555478285922715,-0.0958167826737828,-0.016067014600317786,-0.029216217962071522,47.44310836926441,0.22106949962695155,0.2222222222222222,0.1111111111111111,0.2222222222222222,0.04204788088249991,-0.014780840447545907,0.010432104939338105,-8.55000114440918,0.28600001335144043,LQD
2021-03-31,0.014588167782686678,0.062463107720706956,0.1264760533670044,0.5101511447892917,0.4884375678159387,0.2614247498246166,0.2494902588788322,-0.19170392067174535,0.0018844414845824442,0.08724847715251594,51.98405182933242,-0.018154046826501152,0.3888888888888889,0.5,0.4444444444444444,0.04204788088249991,0.014588167782686678,0.06960157705976688,-8.55000114440918,0.28600001335144043,MSFT
2021-03-31,-0.02636924270708041,0.02281573713989493,-0.01283751570180014,1.028360832628921,1.083295764267524,0.5431419855502306,0.48409315158757965,-0.24376658616862812,-0.010147477986509057,0.05839259157677179,53.02593258704307,0.06279148954887712,0.8888888888888888,0.9444444444444444,0.1111111111111111,0.04204788088249991,-0.02636924270708041,0.12445437377623803,-8.55000114440918,0.28600001335144043,NVDA
2021-03-31,-0.052451974137109225,-0.13922386189299019,-0.16490473332249933,-0.1673919631308941,-0.12130254705466148,0.13907332831533215,0.1415850238516065,-0.21344147944116,-0.053605654022712335,-0.13326005814500652,38.252645741296874,0.2893401506612525,0.05555555555555555,0.2222222222222222,0.05555555555555555,0.04204788088249991,-0.052451974137109225,0.02495063294085975,-8.55000114440918,0.28600001335144043,TLT
2021-03-31,0.029709730322838857,0.3081933414293694,0.6775839575219527,0.779942892842318,0.7285870381007886,0.31714904509498215,0.34029011611909893,-0.5641252755069266,0.05166339294244793,0.30138587227893554,50.279462667774766,-0.17648672827100897,0.7777777777777778,0.7222222222222222,0.6666666666666666,0.04204788088249991,0.029709730322838857,0.006726458877974961,-8.55000114440918,0.28600001335144043,XLE
2021-03-31,0.058523861811687894,0.16013941407524324,0.42851498212080585,0.6711827109487383,0.5787860540890126,0.184910957611254,0.215325859132264,-0.3674759950699069,0.053762362154119225,0.2523847468757654,56.313689883314,-0.09273778683506428,0.6111111111111112,0.3888888888888889,0.8888888888888888,0.04204788088249991,0.058523861811687894,0.06490473602932068,-8.55000114440918,0.28600001335144043,XLF
2021-03-31,0.018366906210844913,0.02361458239867753,0.1431047329688344,0.6680884952488599,0.6380034396988694,0.28135193158842486,0.2421534317497223,-0.25148696071528287,0.00257658448239928,0.1015881453276255,53.24201275074239,0.10449720129371448,0.5555555555555556,0.6111111111111112,0.5,0.04204788088249991,0.018366906210844913,0.05187859000734352,-8.55000114440918,0.28600001335144043,XLK
2021-03-31,0.04027311660595889,0.032661586719893165,0.11517029371973386,0.33885908109657414,0.28702651229207476,0.13865763205771042,0.135452589053684,-0.18243505750964906,0.01597687388102953,0.07599665188772287,59.42007586980025,0.30681508424982773,0.3333333333333333,0.16666666666666666,0.8333333333333334,0.04204788088249991,0.04027311660595889,0.039318440708976166,-8.55000114440918,0.28600001335144043,XLV
2021-03-31,0.026852930471640724,0.3774409854669043,0.6937943926853047,0.5919093185213435,0.5502797638121055,0.3402762514866938,0.3596353726995518,-0.5390669176429181,0.042819183887031986,0.31697313628185,47.865195593196674,-0.5041258313685277,0.5,0.8333333333333334,0.6111111111111112,0.04204788088249991,0.026852930471640724,0.02525507429662288,-8.55000114440918,0.28600001335144043,XOM
2021-04-30,0.07621754500291789,-0.0023006444615457644,0.21149688801286537,0.8036623082268164,0.6759272477962865,0.21537725485517997,0.28305104881825854,-0.20375621125501053,0.039959094988159416,0.08242860782381412,52.162371487708235,-0.2700778334760465,0.8333333333333334,0.6666666666666666,0.7777777777777778,0.06852101058019361,0.07621754500291789,-0.05049690047921085,-0.7899990081787109,-0.11500000953674316,AAPL
2021-04-30,0.12066273709568343,0.08147342547303094,0.14204507533328448,0.40154411054518047,0.25063863029606126,0.1918251499433707,0.24488425236071715,-0.16409685396161633,0.08424173694143677,0.08467330265182693,66.67080059015453,0.34672723139980643,0.5,0.5,0.8333333333333334,0.06852101058019361,0.12066273709568343,-0.07047025525869377,-0.7899990081787109,-0.11500000953674316,AMZN
2021-04-30,-0.019835020649767054,0.6828746060754729,3.2630996957172833,5.6697254194196285,5.804696719363608,0.6476586580942344,0.5689428047817289,-0.25406053586932753,0.011705705965312507,0.6010604701774889,54.64179988733171,32.59714202672535,0.9444444444444444,0.9444444444444444,0.05555555555555555,0.06852101058019361,-0.019835020649767054,-0.3818615270719211,-0.7899990081787109,-0.11500000953674316,BTC-USD
2021-04-30,0.44561190417800023,1.005903249330037,6.244154430976117,12.35828341200793,8.240573748321255,0.6892583101889707,0.6878812504735229,-0.32687345865417283,0.3286922094114808,1.2283329053645144,70.05313120180695,33.37239282979078,1.0,1.0,1.0,0.06852101058019361,0.44561190417800023,-0.12739791053059335,-0.7899990081787109,-0.11500000953674316,ETH-USD
2021-04-30,0.035633887903232075,-0.04026416154143386,-0.059818351127604585,0.04319899545666672,0.007304808814967645,0.11076196777272411,0.1461294440212133,-0.1877352829494502,0.01324945607633743,-0.04784619497043241,52.71316741973638,0.08773965255492511,0.2222222222222222,0.2222222222222222,0.5,0.06852101058019361,0.035633887903232075,0.07678377966625938,-0.7899990081787109,-0.11500000953674316,GLD
2021-04-30,0.1410798793801462,0.2879235026445328,0.45627460886807025,0.7476054393152389,0.5315364602384958,0.24748418729639285,0.29020158044799,-0.1793421268584907,0.09818329890259614,0.31360200981898334,66.59817474085906,0.1780542851159539,0.7777777777777778,0.7222222222222222,0.9444444444444444,0.06852101058019361,0.1410798793801462,0.0014234384758258223,-0.7899990081787109,-0.11500000953674316,GOOGL
2021-04-30,0.010012465387783775,-0.03738356323918035,-0.04695321377079931,-0.054713919551500956,-0.06408473871105513,0.04597245016079813,0.056367297238560224,-0.07813903662274291,-0.0020417539040635813,-0.03904140475671225,47.520543318845505,0.01664678657177661,0.1111111111111111,0.05555555555555555,0.2222222222222222,0.06852101058019361,0.010012465387783775,0.004248485106883582,-0.7899990081787109,-0.11500000953674316,IEF
2021-04-30,-0.00985726524320929,0.0037685407637448876,0.20255683829695403,0.11390678497289786,0.12499617062433654,0.142454340574747,0.14836488440994097,-0.10869143844165408,0.0073964856504160625,0.06665616176230293,49.40706531626029,-0.10948689610380602,0.2777777777777778,0.3333333333333333,0.1111111111111111,0.06852101058019361,-0.00985726524320929,0.046555619921622826,-0.7899990081787109,-0.11500000953674316,JNJ
2021-04-30,0.016330068752256732,0.2024242702760064,0.5894548763787553,0.658403568170375,0.6317568663558175,0.19338082870397882,0.2161547734792075,-0.394370593897141,0.012051766888050874,0.2708728690347215,54.47127794249978,0.06843996175929393,0.7222222222222222,0.5555555555555556,0.3333333333333333,0.06852101058019361,0.016330068752256732,0.06781061982906178,-0.7899990081787109,-0.11500000953674316,JPM
2021-04-30,0.010432104939338105,-0.02703384424670041,-0.00733803791636245,0.04190991182715598,0.031152817427260837,0.0594790587213884,0.07734600866506633,-0.06641815362591674,0.00577727918557569,-0.01834334949170313,52.52529403085735,-0.013084869361057516,0.16666666666666666,0.1111111111111111,0.2777777777777778,0.06852101058019361,0.010432104939338105,0.0062262492170857,-0.7899990081787109,-0.11500000953674316,LQD
2021-04-30,0.06960157705976688,0.08967396309922471,0.2516547201693713,0.4214758358664803,0.32897694464324023,0.21315472362603174,0.22851809606417822,-0.1349451592823403,0.038088665253270815,0.13349495062150263,50.58627642796549,-1.3073265050865777,0.5555555555555556,0.6111111111111112,0.7222222222222222,0.06852101058019361,0.06960157705976688,-0.007627335250160017,-0.7899990081787109,-0.11500000953674316,MSFT
2021-04-30,0.12445437377623803,0.1558868839496279,0.19826983701719825,1.0569957036054451,0.8293278514249254,0.4132259048935469,0.4836379064290655,-0.24376658616862812,0.07787177121401267,0.13936324758027152,53.705758532105826,-0.07078335492027521,0.8888888888888888,0.8888888888888888,0.8888888888888888,0.06852101058019361,0.12445437377623803,0.08228097136630774,-0.7899990081787109,-0.11500000953674316,NVDA
2021-04-30,0.02495063294085975,-0.08448848043254442,-0.11407805041922703,-0.15689487453394335,-0.17741879621366663,0.11212622316866004,0.14366106719723415,-0.21344147944116,0.0022856998552462926,-0.09731965635781736,49.2446585870219,0.025280285717619755,0.05555555555555555,0.2777777777777778,0.3888888888888889,0.06852101058019361,0.02495063294085975,2.1790829628942632e-05,-0.7899990081787109,-0.11500000953674316,TLT
2021-04-30,0.006726458877974961,0.26943096045799186,0.7611978236433747,0.37034388740871704,0.36118791288748264,0.26660135561821174,0.30916611117114,-0.520857391924925,0.0013041707329317642,0.2657126698532435,53.6589288062744,0.08739252272602628,0.4444444444444444,0.8333333333333334,0.16666666666666666,0.06852101058019361,0.006726458877974961,0.057096650284923944,-0.7899990081787109,-0.11500000953674316,XLE
2021-04-30,0.06490473602932068,0.2580555084604539,0.5346209880327268,0.6258144050655241,0.5267228607956529,0.1516108832048213,0.18207129730364105,-0.33156291019094863,0.05719284875367481,0.27379011617450044,64.72730099473677,0.06373844880061663,0.6666666666666666,0.3888888888888889,0.6666666666666666,0.06852101058019361,0.06490473602932068,0.04771110166345438,-0.7899990081787109,-0.11500000953674316,XLF
2021-04-30,0.05187859000734352,0.08582091922801238,0.2657488863886319,0.5427123704595953,0.4666258873553317,0.17694735834016995,0.23422088787301196,-0.13061376436314276,0.0326198774999471,0.12259865415706273,51.099518616064145,-0.21616003722949628,0.6111111111111112,0.4444444444444444,0.6111111111111112,0.06852101058019361,0.05187859000734352,-0.009305544210225114,-0.7899990081787109,-0.11500000953674316,XLK
2021-04-30,0.039318440708976166,0.05842915229445644,0.2025684066992708,0.2359285748429838,0.1891721790290657,0.09983494515374601,0.11484311759895786,-0.06987257111748657,0.03992241666793306,0.09627391988128076,59.662859141342416,-0.10161541341329938,0.3333333333333333,0.16666666666666666,0.5555555555555556,0.06852101058019361,0.039318440708976166,0.018709239177869375,-0.7899990081787109,-0.11500000953674316,XLV
2021-04-30,0.02525507429662288,0.2982168827083056,0.8276057597829383,0.3335774315393425,0.3007274628260137,0.2516367506726409,0.3216187242835912,-0.5390669176429181,0.0033900046969201902,0.3035699375004244,53.291587085969546,0.15104334237335754,0.3888888888888889,0.7777777777777778,0.4444444444444444,0.06852101058019361,0.02525507429662288,0.03459704096549676,-0.7899990081787109,-0.11500000953674316,XOM
2021-05-28,-0.05049690047921085,0.029372082466047722,0.050047469614100004,0.5782808724346766,0.6622177149618884,0.2469298934634173,0.2684600556079205,-0.20375621125501053,-0.024591023594684014,0.00690725925225899,42.82958902965309,-0.12149464292319068,0.6666666666666666,0.7222222222222222,0.2222222222222222,-0.01131636034979911,-0.05049690047921085,0.09910956887653444,-1.8500003814697266,-0.05000007152557373,AAPL
2021-05-28,-0.07047025525869377,0.04207663154089225,0.01737042932047328,0.3196485687274948,0.4196948254676467,0.22159883768867722,0.23473845550335606,-0.16409685396161633,-0.01165956471783891,0.003546140375386475,45.890387686859476,-0.0710648182423601,0.3888888888888889,0.6111111111111112,0.16666666666666666,-0.01131636034979911,-0.07047025525869377,0.06735498737093981,-1.8500003814697266,-0.05000007152557373,AMZN
2021-05-28,-0.3818615270719211,-0.22965496272057806,0.8189087885189603,2.7818769390159783,5.118171097005969,1.0103132148974128,0.7510108487779007,-0.4524615878134095,-0.3086818520247838,-0.12678620030098564,32.91090092413711,-284.8775093136028,0.9444444444444444,0.9444444444444444,0.05555555555555555,-0.01131636034979911,-0.3818615270719211,-0.018398139668638014,-1.8500003814697266,-0.05000007152557373,BTC-USD
2021-05-28,-0.12739791053059335,0.6734784703713721,2.9358146756168115,9.965922183850067,11.566921757565344,1.7949612018733394,1.2163059780879988,-0.49394793557833094,-0.1501950973293189,0.47675453969877246,42.01608867421891,-89.4019525426788,1.0,1.0,0.1111111111111111,-0.01131636034979911,-0.12739791053059335,-0.060067881794232725,-1.8500003814697266,-0.05000007152557373,ETH-USD
2021-05-28,0.07678377966625938,0.10240410094696717,0.0702586358823698,0.0949604129454773,0.016880485778539178,0.10289692182512404,0.12182408352081166,-0.1877352829494502,0.06396433660515144,0.030247594783625598,76.86675220671019,0.2928917399517803,0.2222222222222222,0.2777777777777778,0.9444444444444444,-0.01131636034979911,0.07678377966625938,-0.07147662098325525,-1.8500003814697266,-0.05000007152557373,GLD
2021-05-28,0.0014234384758258223,0.16565518212774544,0.34339383774727494,0.644099790553067,0.6417628421553618,0.236240009854006,0.25761589402462803,-0.1793421268584907,0.049845103814649905,0.2595004933320437,58.82455408851868,0.22259028970463302,0.7222222222222222,0.6666666666666666,0.4444444444444444,-0.01131636034979911,0.0014234384758258223,0.03603975259720804,-1.8500003814697266,-0.05000007152557373,GOOGL
2021-05-28,0.004248485106883582,-0.009894490524367083,-0.046131635400686655,-0.05379634325260774,-0.0577992690258462,0.03510518161938733,0.04644762839970375,-0.07813903662274291,0.004088176941603017,-0.028885854785662746,53.45988290317231,0.040781808199425604,0.1111111111111111,0.05555555555555555,0.5,-0.01131636034979911,0.004248485106883582,0.010225789992266643,-1.8500003814697266,-0.05000007152557373,IEF
2021-05-28,0.046555619921622826,0.07475680974191135,0.184461909773173,0.1677797336603466,0.11583150616285676,0.10958608359853166,0.13340915537747183,-0.10869143844165408,0.028574440583879035,0.09884074193066694,59.1130517578219,-0.16966586037780274,0.2777777777777778,0.3333333333333333,0.7222222222222222,-0.01131636034979911,0.046555619921622826,-0.026647302332531875,-1.8500003814697266,-0.05000007152557373,JNJ
2021-05-28,0.06781061982906178,0.12256123074874825,0.41158036590259384,0.7426537482224653,0.6319876538607889,0.18506326196093206,0.19996930887096234,-0.335706874436123,0.05434795462807829,0.2883573426622883,62.40463460072106,0.003986182982972597,0.8333333333333334,0.4444444444444444,0.8888888888888888,-0.01131636034979911,0.06781061982906178,-0.05297136786135703,-1.8500003814697266,-0.05000007152557373,JPM
2021-05-28,0.0062262492170857,0.0016952820609510422,-0.037460102967136866,0.02322396920687475,0.016892542808354172,0.05291244160920268,0.06482328943340833,-0.06641815362591674,0.008353904855596062,-0.0090904386125632,56.49768397004865,0.07421472436968857,0.16666666666666666,0.1111111111111111,0.5555555555555556,-0.01131636034979911,0.0062262492170857,0.022114432382300597,-1.8500003814697266,-0.05000007152557373,LQD
2021-05-28,-0.007627335250160017,0.07692788118065752,0.17173292566234077,0.37570257299834164,0.3862761660662355,0.2154834792030597,0.23037701277058664,-0.1349451592823403,0.0066034598080177975,0.10427977680060141,52.1446816381211,0.4893889593775496,0.4444444444444444,0.5555555555555556,0.3333333333333333,-0.01131636034979911,-0.007627335250160017,0.08498914478765096,-1.8500003814697266,-0.05000007152557373,MSFT
2021-05-28,0.08228097136630774,0.1848848476834195,0.21291677744520388,0.8328196264677905,0.6934785651400466,0.40784806956272224,0.4558418661859218,-0.24376658616862812,0.11989498574185298,0.1966932571761093,67.47959806741312,0.18363411195613288,0.8888888888888888,0.8888888888888888,1.0,-0.01131636034979911,0.08228097136630774,0.23162237008503817,-1.8500003814697266,-0.05000007152557373,NVDA
2021-05-28,2.1790829628942632e-05,-0.028788888115255262,-0.12855897630538826,-0.14175509651535845,-0.14177379797630985,0.08924356104862458,0.11515260293568365,-0.21344147944116,0.004739838923362383,-0.07973086530668538,52.18525229961701,0.1804988762844653,0.05555555555555555,0.16666666666666666,0.3888888888888889,-0.01131636034979911,2.1790829628942632e-05,0.04419103702800098,-1.8500003814697266,-0.05000007152557373,TLT
2021-05-28,0.057096650284923944,0.09582447538518069,0.4545603119124484,0.42018234808748023,0.34347445685755607,0.29324887557453316,0.2837916478315178,-0.520857391924925,0.03915391415511693,0.2832328977632621,53.60291985812572,-0.08819001285997274,0.5555555555555556,0.7777777777777778,0.8333333333333334,-0.01131636034979911,0.057096650284923944,0.04233937033829571,-1.8500003814697266,-0.05000007152557373,XLE
2021-05-28,0.04771110166345438,0.1810083191517069,0.37600626284668315,0.6582708820970125,0.5827558565182427,0.15638737554530263,0.16155133949937403,-0.2647825464985486,0.059445534284938706,0.27443505846383576,63.555631196058506,-0.04712893911306648,0.7777777777777778,0.3888888888888889,0.7777777777777778,-0.01131636034979911,0.04771110166345438,-0.030394012996306397,-1.8500003814697266,-0.05000007152557373,XLF
2021-05-28,-0.009305544210225114,0.06123026185402303,0.1258113428586498,0.42601902334446806,0.4394135497686371,0.21458254081680136,0.22648666155009756,-0.12693768169524433,0.007344614908368685,0.08830856346221272,53.38311873437258,0.1764400015778811,0.6111111111111112,0.5,0.2777777777777778,-0.01131636034979911,-0.009305544210225114,0.06886313725265336,-1.8500003814697266,-0.05000007152557373,XLK
2021-05-28,0.018709239177869375,0.10140299575656053,0.1348675942330313,0.21896216482227682,0.19657515407047654,0.0921358532304247,0.11047939982425063,-0.06987257111748657,0.024362214603977028,0.09835081181358496,56.865568682145295,-0.19144865390966614,0.3333333333333333,0.2222222222222222,0.6111111111111112,-0.01131636034979911,0.018709239177869375,0.022989614116705415,-1.8500003814697266,-0.05000007152557373,XLV
2021-05-28,0.03459704096549676,0.08920946403405816,0.5794916181924055,0.38323852105086353,0.33698286992973725,0.3055557590900428,0.29083685182447555,-0.5390669176429181,0.019554959930815796,0.2914353906710372,48.87419409622373,-0.2843477017200934,0.5,0.8333333333333334,0.6666666666666666,-0.01131636034979911,0.03459704096549676,0.08069249582484761,-1.8500003814697266,-0.05000007152557373,XOM
2021-06-30,0.09910956887653444,0.12314917767354716,0.0354785760998666,0.5118739231663518,0.37554431876316796,0.15515526318831677,0.2105192667579449,-0.20375621125501053,0.06014902141002687,0.09698705868663637,70.39239830325538,0.687683499399417,0.6111111111111112,0.5,0.9444444444444444,0.03058757638978447,0.09910956887653444,0.06498222532766107,-0.9300003051757812,-0.1380000114440918,AAPL
2021-06-30,0.06735498737093981,0.11185232082950436,0.056258496287775905,0.24696792657515654,0.16827854025082245,0.17886824112641642,0.20426672844239063,-0.16409685396161633,0.034629832894637724,0.06849683215124558,58.20921432201342,0.008312181652638806,0.3333333333333333,0.6111111111111112,0.7222222222222222,0.03058757638978447,0.06735498737093981,-0.032722282722282725,-0.9300003051757812,-0.1380000114440918,AMZN
2021-06-30,-0.018398139668638014,-0.40526933869098647,0.20823299748984447,2.834631445699376,2.9065038491317745,0.805166992331043,0.8711723933153442,-0.5017943781972991,-0.07266314343497715,-0.20053509337102737,47.36713040169118,315.8775984594397,0.9444444444444444,0.9444444444444444,0.3333333333333333,0.03058757638978447,-0.018398139668638014,0.20532361015395661,-0.9300003051757812,-0.1380000114440918,BTC-USD
2021-06-30,-0.060067881794232725,0.18567170097883445,2.0828640660361275,9.050361588427013,9.692646196208411,0.9603893996568225,1.290506625000119,-0.5650402342606149,-0.11429260912079142,0.17421981588218083,50.528698273726505,33.252316011924876,1.0,1.0,0.1111111111111111,0.03058757638978447,-0.060067881794232725,0.08459432448524118,-0.9300003051757812,-0.1380000114440918,ETH-USD
2021-06-30,-0.07147662098325525,0.03544634865568419,-0.0713724808475934,-0.010396070294180881,0.06578245854590681,0.16210525948707338,0.133882669154169,-0.1877352829494502,-0.03420147417629016,-0.036335359310936455,34.754916734616216,-0.7315155822858681,0.16666666666666666,0.5555555555555556,0.05555555555555555,0.03058757638978447,-0.07147662098325525,0.025297363508325565,-0.9300003051757812,-0.1380000114440918,GLD
2021-06-30,0.03603975259720804,0.1838869107515484,0.39320683402622425,0.7219353753127833,0.6620360087497896,0.1264693887784739,0.20969951448074872,-0.1793421268584907,0.03493343245011049,0.24332205949122065,59.52784520858596,-0.1632899913411554,0.8333333333333334,0.3333333333333333,0.5555555555555556,0.03058757638978447,0.03603975259720804,0.10350585485969943,-0.9300003051757812,-0.1380000114440918,GOOGL
2021-06-30,0.010225789992266643,0.024675542764578395,-0.034074029847915854,-0.04452823447439325,-0.05419978880867704,0.05050390623789326,0.04365655649527104,-0.07813903662274291,0.00833314665006668,-0.01350467988671522,57.940316957382855,-0.010306216846098337,0.1111111111111111,0.05555555555555555,0.3888888888888889,0.03058757638978447,0.010225789992266643,0.01990199276069471,-0.9300003051757812,-0.1380000114440918,IEF
2021-06-30,-0.026647302332531875,0.008626457842199065,0.05986447377788906,0.20229282631011825,0.23520778150744293,0.12516949489496584,0.13186783533385155,-0.10869143844165408,-0.007076897659465731,0.056462218038602074,49.31836934080932,0.03200323554473006,0.2777777777777778,0.2777777777777778,0.2777777777777778,0.03058757638978447,-0.026647302332531875,0.045283663301948884,-0.9300003051757812,-0.1380000114440918,JNJ
2021-06-30,-0.05297136786135703,0.027760967482363785,0.2401260975259032,0.7073667333965377,0.8028670680640866,0.19073975736265714,0.1909359443841437,-0.335706874436123,-0.015522450828631018,0.16061592132097946,47.636720177301115,-0.0376140834381129,0.7777777777777778,0.7222222222222222,0.16666666666666666,0.03058757638978447,-0.05297136786135703,-0.018550201856261328,-0.9300003051757812,-0.1380000114440918,JPM
2021-06-30,0.022114432382300597,0.03920756586671614,-0.01765367117682337,0.0240640231969671,0.0019074095354689735,0.05565572145681269,0.055286882126743424,-0.06641815362591674,0.018875452400159087,0.012755151771119966,64.3668985921818,0.009484159901812284,0.2222222222222222,0.1111111111111111,0.4444444444444444,0.03058757638978447,0.022114432382300597,0.01419019564640589,-0.9300003051757812,-0.1380000114440918,LQD
2021-06-30,0.08498914478765096,0.15165453127031592,0.2235904523140939,0.34402781414339256,0.23874770600256956,0.13444214511283226,0.19231822236004645,-0.1349451592823403,0.06683721447958679,0.17205217691219432,70.97308084690033,0.9576023383790191,0.4444444444444444,0.3888888888888889,0.8888888888888888,0.03058757638978447,0.08498914478765096,0.05171620165869317,-0.9300003051757812,-0.1380000114440918,MSFT
2021-06-30,0.23162237008503817,0.49885433820848224,0.5330518048000381,1.1084886003888355,0.7119602985477227,0.2966382316203073,0.369268425190309,-0.24376658616862812,0.22503886388531225,0.4098138521581862,79.84726797667723,0.09188590825063125,0.8888888888888888,0.8888888888888888,1.0,0.03058757638978447,0.23162237008503817,-0.02517222641483441,-0.9300003051757812,-0.1380000114440918,NVDA
2021-06-30,0.04419103702800098,0.07026758582344717,-0.07873920073378027,-0.10683438896497044,-0.14463390379486807,0.1356069142389316,0.11281032438465288,-0.21344147944116,0.03315061489674331,-0.024575430708482005,61.919881692131334,0.03267917822190247,0.05555555555555555,0.4444444444444444,0.6666666666666666,0.03058757638978447,0.04419103702800098,0.037166082505047715,-0.9300003051757812,-0.1380000114440918,TLT
2021-06-30,0.04233937033829571,0.10926502881172984,0.45113312457196275,0.49670939505376266,0.4359137126020667,0.281194829262769,0.28109853405617047,-0.520857391924925,0.02726565677597237,0.2663500214148651,50.93969382616948,-0.09914745288346538,0.5555555555555556,0.8333333333333334,0.6111111111111112,0.03058757638978447,0.04233937033829571,-0.0831631907635435,-0.9300003051757812,-0.1380000114440918,XLE
2021-06-30,-0.030394012996306397,0.08180153349663488,0.25504059721648553,0.6163195844396518,0.6669859779171254,0.18701529594324962,0.16527359968575436,-0.26152635702523064,-0.005049355012387902,0.18067643910576314,49.1621757311551,-0.020737741397330534,0.7222222222222222,0.6666666666666666,0.2222222222222222,0.03058757638978447,-0.030394012996306397,-0.004633366086490565,-0.9300003051757812,-0.1380000114440918,XLF
2021-06-30,0.06886313725265336,0.11385189376715266,0.14015504109244015,0.4251827744529688,0.3333632013132941,0.11960655695300068,0.1724116441499016,-0.12693768169524433,0.05636758573576772,0.13834692017261863,70.85407285267613,0.2218094837471758,0.5,0.2222222222222222,0.7777777777777778,0.03058757638978447,0.06886313725265336,0.03887306958609704,-0.9300003051757812,-0.1380000114440918,XLK
2021-06-30,0.022989614116705415,0.08310385766007888,0.11847974823369412,0.2782061834324767,0.24948109520753725,0.1022262723676514,0.10300085995522906,-0.06987257111748657,0.022497544320105867,0.10330977393900698,62.862329708879386,0.13872660523277092,0.3888888888888889,0.16666666666666666,0.5,0.03058757638978447,0.022989614116705415,0.049225656341537194,-0.9300003051757812,-0.1380000114440918,XLV
2021-06-30,0.08069249582484761,0.14631848362390176,0.5789860617418348,0.5199257969957456,0.4064368938137666,0.2771540149584371,0.276289996486293,-0.5390669176429181,0.04570979968554889,0.3168346854991224,54.632994637808636,-0.10164501954502436,0.6666666666666666,0.7777777777777778,0.8333333333333334,0.03058757638978447,0.08069249582484761,-0.08734944408011802,-0.9300003051757812,-0.1380000114440918,XOM
2021-07-30,0.06498222532766107,0.11142390882548181,0.10886691756521283,0.3819198757865392,0.2975990048673032,0.22238472087057984,0.21255954595153295,-0.20375621125501053,0.07400052643388477,0.137812967683421,58.3286304277292,-0.6204062407550168,0.4444444444444444,0.5555555555555556,0.8333333333333334,0.027137196011765438,0.06498222532766107,0.04248921340571088,2.4099998474121094,-0.20399999618530273,AAPL
2021-07-30,-0.032722282722282725,-0.04032681801387461,0.03786104345713848,0.0514776100303731,0.08704831223614451,0.35587930604160106,0.2626835037268338,-0.16409685396161633,-0.036593840685886225,0.017943721925602896,32.81082919826103,-1.5777773438096339,0.2777777777777778,0.8888888888888888,0.16666666666666666,0.027137196011765438,-0.032722282722282725,0.043034169499993835,2.4099998474121094,-0.20399999618530273,AMZN
2021-07-30,0.20532361015395661,-0.2686507650646356,0.23076905564545003,2.729913076325351,2.094532493102767,0.5127336184830673,0.6684693539714952,-0.5306185040984174,0.2145977550551601,-0.055681123504333185,75.01608393834795,1177.2794233319096,0.9444444444444444,0.9444444444444444,1.0,0.027137196011765438,0.20532361015395661,0.11675332722917409,2.4099998474121094,-0.20399999618530273,BTC-USD
2021-07-30,0.08459432448524118,-0.11043012729226798,0.7843910981705473,6.139135230658294,5.582309227965577,0.6065693366323505,0.8154146544517572,-0.5712067935578331,0.15079676073777626,0.1563039337565164,67.1374545613676,61.371292262536116,1.0,1.0,0.8888888888888888,0.027137196011765438,0.08459432448524118,0.3918874572301887,2.4099998474121094,-0.20399999618530273,ETH-USD
2021-07-30,0.025297363508325565,0.025111696065118982,-0.01616356686326026,-0.08418263478474108,-0.10677877676233549,0.08233874155427355,0.12678958791954656,-0.1877352829494502,-0.008605046982503972,-0.0059698747553905696,51.907340949453015,0.23829411300656506,0.1111111111111111,0.16666666666666666,0.5,0.027137196011765438,0.025297363508325565,-0.0007655451490135023,2.4099998474121094,-0.20399999618530273,GLD
2021-07-30,0.10350585485969943,0.14490331580972993,0.4745478886870069,0.8109006238747607,0.6410430591734377,0.22154966552880523,0.19795812970712928,-0.1793421268584907,0.08931159555963064,0.29612879963525707,68.45538132562523,0.6283966287466551,0.8333333333333334,0.5,0.9444444444444444,0.027137196011765438,0.10350585485969943,0.0740091987608078,2.4099998474121094,-0.20399999618530273,GOOGL
2021-07-30,0.01990199276069471,0.034708643519064664,-0.003972452490056844,-0.03376548043146754,-0.052620225838459156,0.05744248080901356,0.04804071997069454,-0.07813903662274291,0.01740281902496288,0.009706486222283539,62.26216922184895,-0.008608165288276681,0.16666666666666666,0.1111111111111111,0.4444444444444444,0.027137196011765438,0.01990199276069471,-0.0039440073075269755,2.4099998474121094,-0.20399999618530273,IEF
2021-07-30,0.045283663301948884,0.06479674267925728,0.06880947260914683,0.2125062254303276,0.15997816477886873,0.10921863929110102,0.12166063486255575,-0.10869143844165408,0.02822072907926154,0.08594922397964311,64.37313682587624,0.22726544499463186,0.3333333333333333,0.2777777777777778,0.6666666666666666,0.027137196011765438,0.045283663301948884,0.011374976016215399,2.4099998474121094,-0.20399999618530273,JNJ
2021-07-30,-0.018550201856261328,-0.007511609575863387,0.19339212861315058,0.6152189324830322,0.6457478880101359,0.24727257775132772,0.2101740028190428,-0.32566376514710593,-0.026511972825163155,0.08949180716614435,46.867317158772735,0.1279366467480605,0.7777777777777778,0.6666666666666666,0.2777777777777778,0.027137196011765438,-0.018550201856261328,0.053827546504376045,2.4099998474121094,-0.20399999618530273,JPM
2021-07-30,0.01419019564640589,0.04307268087732119,0.01487441648449539,0.0073661499620338855,-0.006728566016182547,0.05053864543780187,0.052322431377113524,-0.06641815362591674,0.017654248143900597,0.024840991962353787,61.656286717771835,-0.02432137234235221,0.2222222222222222,0.05555555555555555,0.3888888888888889,0.027137196011765438,0.01419019564640589,-0.003439166969810392,2.4099998474121094,-0.20399999618530273,LQD
2021-07-30,0.05171620165869317,0.13239710489222611,0.23394364109000043,0.40319335830928793,0.3341939166633259,0.1427387223522507,0.16970889412749723,-0.1349451592823403,0.06671267587755025,0.19237744883785024,63.528979101854695,-0.42479848316726265,0.5555555555555556,0.3888888888888889,0.7777777777777778,0.027137196011765438,0.05171620165869317,0.06159126191303943,2.4099998474121094,-0.20399999618530273,MSFT
2021-07-30,-0.02517222641483441,0.2994078475032904,0.5019684878302715,0.8391196141257946,0.8866097827331962,0.35160105687585913,0.35325849423720473,-0.24376658616862812,0.05785121255228942,0.3113517459259927,54.01426603605081,-0.09141873447102761,0.8888888888888888,0.8333333333333334,0.2222222222222222,0.027137196011765438,-0.02517222641483441,0.1482102700766108,2.4099998474121094,-0.20399999618530273,NVDA
2021-07-30,0.037166082505047715,0.08302312671940171,-0.008479851530423521,-0.11298009161476252,-0.1447657965802015,0.14879795162993747,0.12586325001425627,-0.21344147944116,0.03977953920850563,0.02108011603449156,59.196348146557405,-0.1391098897565357,0.05555555555555555,0.4444444444444444,0.5555555555555556,0.027137196011765438,0.037166082505047715,-0.003400890171513682,2.4099998474121094,-0.20399999618530273,TLT
2021-07-30,-0.0831631907635435,0.010219807619663124,0.28240430066031674,0.44155475309229386,0.5723133479913654,0.31043505888809436,0.29881013478195945,-0.520857391924925,-0.058433234573055604,0.10444691074745704,43.1841387572602,0.03330090830562671,0.6111111111111112,0.7777777777777778,0.1111111111111111,0.027137196011765438,-0.0831631907635435,-0.020044484415213892,2.4099998474121094,-0.20399999618530273,XLE
2021-07-30,-0.004633366086490565,0.011160073316990315,0.272095500171716,0.5492444764773132,0.5564561074205465,0.2248262722252433,0.18930407308946565,-0.2404402121276643,-0.008459351158448536,0.1279412809961713,50.4133431155182,0.05624548610250642,0.7222222222222222,0.6111111111111112,0.3333333333333333,0.027137196011765438,-0.004633366086490565,0.051478805036132114,2.4099998474121094,-0.20399999618530273,XLF
2021-07-30,0.03887306958609704,0.10008012990747406,0.1944900178806046,0.40094373745961187,0.34852252741306433,0.12943202999505155,0.15804287684642046,-0.12693768169524433,0.05363673072552744,0.1487606282878391,62.90025502369502,-0.09182240823701338,0.5,0.3333333333333333,0.6111111111111112,0.027137196011765438,0.03887306958609704,0.035593313461789844,2.4099998474121094,-0.20399999618530273,XLK
2021-07-30,0.049225656341537194,0.09342845409750677,0.1573165517650621,0.2717386812870266,0.21207356453839754,0.09386008258798283,0.1014451361452284,-0.06987257111748657,0.04803177994276142,0.1311434907843989,71.22404345401051,0.15324415721472406,0.3888888888888889,0.2222222222222222,0.7222222222222222,0.027137196011765438,0.049225656341537194,0.023155610364499868,2.4099998474121094,-0.20399999618530273,XLV
2021-07-30,-0.08734944408011802,0.02041748201863669,0.32472320256729303,0.47418813982285823,0.6152821364766379,0.28339822656566577,0.29066720921818306,-0.5390669176429181,-0.049805487399438464,0.1368805509848643,42.59206995872068,0.027214924584983202,0.6666666666666666,0.7222222222222222,0.05555555555555555,0.027137196011765438,-0.08734944408011802,-0.03864523506534345,2.4099998474121094,-0.20399999618530273,XOM
2021-08-31,0.04248921340571088,0.22026714505359934,0.2561089322687222,0.18417988791779183,0.13591572237873928,0.18702532332750046,0.1880652239579342,-0.20375621125501053,0.04807745864797641,0.15360659274195898,61.639086131932814,0.08138308378462056,0.3888888888888889,0.6666666666666666,0.5555555555555556,0.05462032335667316,0.04248921340571088,-0.06803687812369075,-1.760000228881836,0.06500005722045898,AAPL
2021-08-31,0.043034169499993835,0.07685840719695469,0.12216898161829315,0.005746231950779279,-0.03574948802213207,0.16507076844864405,0.24672166249993155,-0.16409685396161633,0.003047152099571626,0.057444525317885686,61.66136232832269,1.4518003102167496,0.2222222222222222,0.6111111111111112,0.6111111111111112,0.05462032335667316,0.043034169499993835,-0.05351810876292584,-1.760000228881836,0.06500005722045898,AMZN
2021-08-31,0.11675332722917409,0.3212843517274606,0.01784484318820767,3.037960197840343,2.6158031495273035,0.5033644006458539,0.5045128540031675,-0.5306185040984174,0.13494958918906708,0.022602707027896907,54.18910334443868,-463.77257733693386,0.9444444444444444,0.9444444444444444,0.8888888888888888,0.05462032335667316,0.11675332722917409,-0.07157155076344934,-1.760000228881836,0.06500005722045898,BTC-USD
2021-08-31,0.3918874572301887,0.4189527656352907,1.3745869037645742,6.892191548208269,4.670136265121231,0.6148653042169294,0.6599194432694457,-0.5712067935578331,0.26324690027187314,0.43107806466826903,64.3392113871672,-18.484310931911125,1.0,1.0,1.0,0.05462032335667316,0.3918874572301887,-0.1258262517678288,-1.760000228881836,0.06500005722045898,ETH-USD
2021-08-31,-0.0007655451490135023,-0.04871623614493781,0.04869912243808683,-0.08191310523000084,-0.08120972979568508,0.15223927391403658,0.13773049431300688,-0.1877352829494502,0.011416524530476257,0.0003973669784300693,57.36107004926998,0.4842772960141791,0.05555555555555555,0.5,0.3333333333333333,0.05462032335667316,-0.0007655451490135023,-0.03223525924924131,-1.760000228881836,0.06500005722045898,GLD
2021-08-31,0.0740091987608078,0.22788886861177993,0.43129502277429554,0.7759415210954232,0.6535626725958261,0.1271837977083186,0.1629281625607604,-0.1793421268584907,0.09614464154875701,0.31341089721469895,76.00833803893127,0.3736376419585019,0.8888888888888888,0.3888888888888889,0.8333333333333334,0.05462032335667316,0.0740091987608078,-0.0761692026222115,-1.760000228881836,0.06500005722045898,GOOGL
2021-08-31,-0.0039440073075269755,0.026267662189376262,0.016113266530379144,-0.028150999286742584,-0.024302842567897054,0.04199667092490288,0.05097453690272209,-0.07813903662274291,0.003159918696524544,0.00806754046859326,50.77712065810608,-0.051339969193064466,0.16666666666666666,0.05555555555555555,0.16666666666666666,0.05462032335667316,-0.0039440073075269755,-0.015970906591764034,-1.760000228881836,0.06500005722045898,IEF
2021-08-31,0.011374976016215399,0.029002911636964335,0.10592788652608176,0.15744393696232195,0.14442611732541466,0.1121298246066391,0.11470744074771815,-0.10869143844165408,0.016018406585616374,0.0724424392060865,49.04265317142996,-0.55572917833947,0.3333333333333333,0.2222222222222222,0.3888888888888889,0.05462032335667316,0.011374976016215399,-0.06717467405612298,-1.760000228881836,0.06500005722045898,JNJ
2021-08-31,0.053827546504376045,-0.020508331728169238,0.0995393726433711,0.6418502241349333,0.5579875754634351,0.18851238794221262,0.21079384047446614,-0.32566376514710593,0.03260443373508459,0.09944210579315627,56.339141184728334,0.2687339820196508,0.7777777777777778,0.7222222222222222,0.7222222222222222,0.05462032335667316,0.053827546504376045,0.02338253687184233,-1.760000228881836,0.06500005722045898,JPM
2021-08-31,-0.003439166969810392,0.033053332264914026,0.03480464904710856,0.022076924659606645,0.025604148571474417,0.05233970274773034,0.05298187813650295,-0.06641815362591674,0.003509059286077365,0.019160440788420052,53.73190727606144,0.014412344707836866,0.2777777777777778,0.1111111111111111,0.2222222222222222,0.05462032335667316,-0.003439166969810392,-0.015074835533039344,-1.760000228881836,0.06500005722045898,LQD
2021-08-31,0.06159126191303943,0.21138249195149905,0.30457158035667287,0.3508186369357267,0.27244701929958004,0.1507872145593806,0.1410901030588324,-0.1349451592823403,0.060086288406742794,0.21955577141938476,65.47043153357214,0.05562288543857008,0.5555555555555556,0.4444444444444444,0.7777777777777778,0.05462032335667316,0.06159126191303943,-0.06611898697937046,-1.760000228881836,0.06500005722045898,MSFT
2021-08-31,0.1482102700766108,0.37856386187579205,0.6334394315005643,0.6759600656584464,0.4596281790325938,0.36819621638107186,0.3387413386522074,-0.24376658616862812,0.114498950328912,0.42868875711746934,66.60127714097798,0.2181457179970243,0.8333333333333334,0.8888888888888888,0.9444444444444444,0.05462032335667316,0.1482102700766108,-0.07455867319940834,-1.760000228881836,0.06500005722045898,NVDA
2021-08-31,-0.003400890171513682,0.07931636481319848,0.0482440467456271,-0.06901435003500767,-0.06583736551278474,0.10640315754093876,0.13163536055402916,-0.21344147944116,0.007887253813519512,0.023930685217431247,51.05114651971645,-0.10030889672138654,0.1111111111111111,0.16666666666666666,0.2777777777777778,0.05462032335667316,-0.003400890171513682,-0.02907031816148775,-1.760000228881836,0.06500005722045898,TLT
2021-08-31,-0.020044484415213892,-0.06350051136472801,0.026239060832236927,0.4277173395856997,0.45692056106619594,0.2832585448666969,0.28608347788298405,-0.520857391924925,-0.03640171397221381,0.03319415978237483,47.59242400761036,0.08468310207236163,0.6111111111111112,0.8333333333333334,0.1111111111111111,0.05462032335667316,-0.020044484415213892,0.08931508030466584,-1.760000228881836,0.06500005722045898,XLE
2021-08-31,0.051478805036132114,0.014796334508176079,0.1984829132988144,0.5620435782215165,0.485568297468288,0.15491228492073544,0.18988832951126264,-0.2404402121276643,0.03411518636747668,0.1346788238286185,56.45389350338736,-2.280535746007617e-05,0.7222222222222222,0.5555555555555556,0.6666666666666666,0.05462032335667316,0.051478805036132114,-0.018425108953350144,-1.760000228881836,0.06500005722045898,XLF
2021-08-31,0.035593313461789844,0.14993641091507492,0.22034731847088063,0.2967438516222871,0.25217480140685833,0.1184365170807943,0.12141259034915051,-0.12693768169524433,0.041778766287960734,0.1532673347109803,64.33993203604138,0.10705507518953428,0.5,0.3333333333333333,0.5,0.05462032335667316,0.035593313461789844,-0.05839968335088008,-1.760000228881836,0.06500005722045898,XLK
2021-08-31,0.023155610364499868,0.09820095304614185,0.20956181962773046,0.2683744952149172,0.2396691982787036,0.11497015455842759,0.10242217295406557,-0.06987257111748657,0.03184593516547851,0.1270985931365518,59.38512790859766,-0.21627802034883592,0.4444444444444444,0.2777777777777778,0.4444444444444444,0.05462032335667316,0.023155610364499868,-0.05518399150996689,-1.760000228881836,0.06500005722045898,XLV
2021-08-31,-0.03864523506534345,-0.05182097984179723,0.032765562354854616,0.46426627957519306,0.5231279159205287,0.2637548143284317,0.273028512121469,-0.5390669176429181,-0.05621114341874023,0.0381398057412865,42.66695066421697,0.0769408019475265,0.6666666666666666,0.7777777777777778,0.05555555555555555,0.05462032335667316,-0.03864523506534345,0.07887022439221392,-1.760000228881836,0.06500005722045898,XOM
2021-09-30,-0.06803687812369075,0.034695730280729586,0.16211765860713157,0.22968727567769798,0.3194591575705106,0.20820155003555196,0.20798913338118763,-0.18937259503996073,-0.043857714239091905,0.050992977016080854,36.78620620611485,-0.8035979818158681,0.4444444444444444,0.6666666666666666,0.2777777777777778,-0.035320366003111975,-0.06803687812369075,0.05865781458161745,6.659999847412109,0.2250000238418579,AAPL
2021-09-30,-0.05351810876292584,-0.045090907994133844,0.06171789012791695,0.04329050943044033,0.10228258891127306,0.16953576009426388,0.2446905625296004,-0.16409685396161633,-0.03400349786245793,-0.008065049793067214,36.40051565170499,-0.9004021696817596,0.2777777777777778,0.4444444444444444,0.5555555555555556,-0.035320366003111975,-0.05351810876292584,0.02660245759664326,6.659999847412109,0.2250000238418579,AMZN
2021-09-30,-0.07157155076344934,0.2497103268128904,-0.25675895088986633,3.0605433927970385,3.373566316430776,0.61051146911855,0.5763325789696121,-0.5306185040984174,-0.059680510520083274,-0.032703486050672526,47.58768656724051,-223.6076257357529,0.9444444444444444,0.9444444444444444,0.2222222222222222,-0.035320366003111975,-0.07157155076344934,0.42102520420867307,6.659999847412109,0.2250000238418579,BTC-USD
2021-09-30,-0.1258262517678288,0.3196817447494227,0.564709299047764,7.339436432950972,8.53979280413727,0.8644953583059494,0.778539261033018,-0.5712067935578331,-0.08707785764530085,0.1359914176435788,45.83078111684835,-31.456043129943254,1.0,1.0,0.05555555555555555,-0.035320366003111975,-0.1258262517678288,0.47075908120105625,6.659999847412109,0.2250000238418579,ETH-USD
2021-09-30,-0.03223525924924131,-0.008512972411653275,0.026631622455831172,-0.07283194586782471,-0.04194892096098668,0.15047077393235855,0.13129745621805256,-0.1877352829494502,-0.016386366615564807,-0.027782663598860835,45.30407777554257,-0.333700225427187,0.1111111111111111,0.3333333333333333,0.6111111111111112,-0.035320366003111975,-0.03223525924924131,0.014797178527087285,6.659999847412109,0.2250000238418579,GLD
2021-09-30,-0.0761692026222115,0.09490157084923045,0.296239638289713,0.8241811175337186,0.9745835738660091,0.193636849547654,0.19150210199827578,-0.15510162409781925,-0.037315869964662296,0.15570569751557817,34.09133530677562,-1.197076543197498,0.8333333333333334,0.6111111111111112,0.1111111111111111,-0.035320366003111975,-0.0761692026222115,0.10749884466000292,6.659999847412109,0.2250000238418579,GOOGL
2021-09-30,-0.015970906591764034,-0.00034502462451246885,0.02432200447018884,-0.0467968721549572,-0.031326274568189705,0.05207229144032423,0.05218234895075433,-0.07813903662274291,-0.014770288055903524,-0.005592955745501671,35.07277732153105,-0.18134794004545277,0.16666666666666666,0.05555555555555555,0.7777777777777778,-0.035320366003111975,-0.015970906591764034,-0.004429408177121119,6.659999847412109,0.2250000238418579,IEF
2021-09-30,-0.06717467405612298,-0.01384156149646909,-0.0053345073009896105,0.11254530314330435,0.1926619831184131,0.12219899894127292,0.11749170084413403,-0.10869143844165408,-0.053836341912152474,-0.01337456534644843,29.636842142769893,-0.20412938915614398,0.3333333333333333,0.16666666666666666,0.3333333333333333,-0.035320366003111975,-0.06717467405612298,0.00854452747187806,6.659999847412109,0.2250000238418579,JNJ
2021-09-30,0.02338253687184233,0.058462895738627285,0.08784684976851587,0.7486576007437911,0.7087037717966984,0.22877168226941386,0.2199554740297763,-0.2942976126365907,0.03848674365716276,0.09151651588463805,58.20066283830069,0.717978478430786,0.7222222222222222,0.7222222222222222,0.8888888888888888,-0.035320366003111975,0.02338253687184233,0.04413077285422817,6.659999847412109,0.2250000238418579,JPM
2021-09-30,-0.015074835533039344,-0.0045339436087769025,0.03449585736526206,0.011115927638486456,0.026591627583909094,0.06199619414420324,0.05538923444482063,-0.06641815362591674,-0.014759034249211878,0.0035165713734910398,32.438392308954704,-0.25879389149664367,0.2222222222222222,0.1111111111111111,0.8333333333333334,-0.035320366003111975,-0.015074835533039344,0.005309984154173497,6.659999847412109,0.2250000238418579,LQD
2021-09-30,-0.06611898697937046,0.042671361436091404,0.20079719802366403,0.35266928852385426,0.4484385801448709,0.18832254162671452,0.16522701799620684,-0.12657025549853063,-0.04159894063554659,0.09948316883931962,32.18859855213958,-2.339742515411707,0.5555555555555556,0.5555555555555556,0.3888888888888889,-0.035320366003111975,-0.06611898697937046,0.17629093794912154,6.659999847412109,0.2250000238418579,MSFT
2021-09-30,-0.07455867319940834,0.03585319688988231,0.5525930579055254,0.5326616201461574,0.6561413195635315,0.29667073125836657,0.34145754223573554,-0.24376658616862812,-0.01591696174098789,0.24971585785424022,41.83926501797675,-0.24676930363437297,0.6111111111111112,0.8333333333333334,0.16666666666666666,-0.035320366003111975,-0.07455867319940834,0.23416686819473287,6.659999847412109,0.2250000238418579,NVDA
2021-09-30,-0.02907031816148775,0.0035905859466565104,0.07411047357626677,-0.10301542762773097,-0.07615907809742073,0.14647379494514598,0.13598811121014812,-0.21344147944116,-0.02916428086076106,5.69594592247924e-06,36.21703793285491,-0.61624496546215,0.05555555555555555,0.2777777777777778,0.6666666666666666,-0.035320366003111975,-0.02907031816148775,0.024650044005596117,6.659999847412109,0.2250000238418579,TLT
2021-09-30,0.08931508030466584,-0.021294748430237265,0.08564350908072416,0.8212581344216612,0.6719296072833962,0.31751122074481797,0.3022137661420752,-0.520857391924925,0.07223784977308378,0.09426187438736155,62.703523298991186,0.21754080970720355,0.7777777777777778,0.8888888888888888,1.0,-0.035320366003111975,0.08931508030466584,0.10328275437805323,6.659999847412109,0.2250000238418579,XLE
2021-09-30,-0.018425108953350144,0.02732307228998998,0.11135967499978539,0.5875939462621029,0.617394618325309,0.18652707995927853,0.18852496123535423,-0.22701674138303862,-0.0008658569593823495,0.08007764625139879,48.197824887396344,0.03782922658729497,0.6666666666666666,0.5,0.7222222222222222,-0.035320366003111975,-0.018425108953350144,0.07274193580429822,6.659999847412109,0.2250000238418579,XLF
2021-09-30,-0.05839968335088008,0.013020704808948791,0.12835503047678354,0.28982797580720465,0.3698253420276292,0.15969484139950452,0.1394566404604737,-0.12535963293024843,-0.03719240520841638,0.05892903786470427,33.36154424431628,-0.4116385677099061,0.5,0.3888888888888889,0.4444444444444444,-0.035320366003111975,-0.05839968335088008,0.08177093593450468,6.659999847412109,0.2250000238418579,XLK
2021-09-30,-0.05518399150996689,0.014279936627620726,0.09857051210859624,0.2250932006599815,0.2966473785916013,0.12283969722075333,0.1131989716776196,-0.06819434589672879,-0.0416076445501431,0.04355035293107834,30.892497947302104,-0.5646905040844736,0.3888888888888889,0.2222222222222222,0.5,-0.035320366003111975,-0.05518399150996689,0.05121785680516755,6.659999847412109,0.2250000238418579,XLV
2021-09-30,0.07887022439221392,-0.05341980610193342,0.0850823724976506,0.8379064381381878,0.703547281762809,0.2964450936322628,0.28195828152030383,-0.5390669176429181,0.05114215340341044,0.08193392175341896,60.668891899665866,0.4996603802456768,0.8888888888888888,0.7777777777777778,0.9444444444444444,-0.035320366003111975,0.07887022439221392,0.0960556184726713,6.659999847412109,0.2250000238418579,XOM
2021-10-29,0.05865781458161745,0.028551176277999746,0.14315636876594184,0.3849303832720259,0.3081945499257963,0.18779304719290357,0.19630100527303207,-0.18937259503996073,0.01652531042667693,0.09917026420227115,57.62364521837103,0.7209874401006967,0.4444444444444444,0.5,0.5,0.11072630047902136,0.05865781458161745,0.10508132885287425,-6.879999160766602,0.02799999713897705,AAPL
2021-10-29,0.02660245759664326,0.013475244104213857,-0.02739498762634396,0.11075876462580214,0.08197555578249394,0.24392704625328032,0.19569865060719996,-0.16409685396161633,2.1141038017979952e-05,0.013977702027513361,50.68593266278824,0.40759122129439074,0.2777777777777778,0.7777777777777778,0.3333333333333333,0.11072630047902136,0.02660245759664326,0.039923701306487036,-6.879999160766602,0.02799999713897705,AMZN
2021-10-29,0.42102520420867307,0.4733552528139249,0.07753723693346437,3.5936486668950947,2.2326299725648857,0.5129573013463331,0.5929224948688505,-0.5306185040984174,0.1928237607822061,0.37342409365850826,59.741498390587765,-585.7405265845291,0.9444444444444444,0.9444444444444444,0.9444444444444444,0.11072630047902136,0.42102520420867307,-0.08392591780260572,-6.879999160766602,0.02799999713897705,BTC-USD
2021-10-29,0.47075908120105625,0.7895482823097508,0.5919282376986257,10.5321739969205,6.840967391819914,0.6010956554402872,0.752611515195005,-0.5712067935578331,0.2528095703655262,0.5136446899033495,65.83527649781215,21.734369546184666,1.0,1.0,1.0,0.11072630047902136,0.47075908120105625,0.04909283417470367,-6.879999160766602,0.02799999713897705,ETH-USD
2021-10-29,0.014797178527087285,-0.01866690196098164,0.005976036535615625,-0.05419979124382779,-0.0679908963395619,0.11142291146913112,0.13788088365201548,-0.1877352829494502,0.001018706871247943,-0.007062908283062663,50.9051622542018,0.22111396987156057,0.05555555555555555,0.16666666666666666,0.2222222222222222,0.11072630047902136,0.014797178527087285,-0.006900653696985448,-6.879999160766602,0.02799999713897705,GLD
2021-10-29,0.10749884466000292,0.09886342640757118,0.2580923805160693,0.8321279893559383,0.6542933639974975,0.2771817746248573,0.21391545152328492,-0.08045516527470087,0.05106615858531338,0.2213607139779883,65.02490056956289,0.8283948418338025,0.7222222222222222,0.8333333333333334,0.7777777777777778,0.11072630047902136,0.10749884466000292,-0.041530957411443636,-6.879999160766602,0.02799999713897705,GOOGL
2021-10-29,-0.004429408177121119,-0.024193400427275025,0.009675522980845397,-0.037731987688817914,-0.03345074652187152,0.047359157752533666,0.0466981151378586,-0.07813903662274291,-0.009821705948308557,-0.006382133333058149,46.70898841484777,0.09816200657647656,0.16666666666666666,0.05555555555555555,0.05555555555555555,0.11072630047902136,-0.004429408177121119,0.010921283843034368,-6.879999160766602,0.02799999713897705,IEF
2021-10-29,0.00854452747187806,-0.04850259188864303,0.013151340824728575,0.21837207313850526,0.20804985793993924,0.13940295743538797,0.12629621168789806,-0.116136204946649,-0.01817664532912877,-0.010484299233505245,48.416640957280194,0.4526352567436567,0.3333333333333333,0.2777777777777778,0.16666666666666666,0.11072630047902136,0.00854452747187806,-0.03639873528713489,-6.879999160766602,0.02799999713897705,JNJ
2021-10-29,0.04413077285422817,0.12606236554876604,0.11760382470069075,0.7763808490300603,0.7013011159264644,0.21677740518999108,0.20883116018327455,-0.2798899935948881,0.044597352144813085,0.10639674112471709,56.97299288651965,-0.10081436366399954,0.6666666666666666,0.6111111111111112,0.3888888888888889,0.11072630047902136,0.04413077285422817,-0.06510122230845727,-6.879999160766602,0.02799999713897705,JPM
2021-10-29,0.005309984154173497,-0.013250207236683798,0.029251751692773276,0.02169906331336935,0.016302513073104263,0.06477358936335781,0.059311710842533595,-0.06641815362591674,-0.003537577058167929,0.010249377047111041,52.38210978857561,0.1595613353835637,0.2222222222222222,0.1111111111111111,0.1111111111111111,0.11072630047902136,0.005309984154173497,-0.0011858372864712585,-6.879999160766602,0.02799999713897705,LQD
2021-10-29,0.17629093794912154,0.16617474541327937,0.3205729055044264,0.6529013105023964,0.405180688872985,0.21617290634287198,0.19764498159284855,-0.12657025549853063,0.10343801795312424,0.24941309759358243,79.17580324195231,2.7909539706325717,0.5555555555555556,0.5555555555555556,0.8333333333333334,0.11072630047902136,0.17629093794912154,-0.0012819186378159042,-6.879999160766602,0.02799999713897705,MSFT
2021-10-29,0.23416686819473287,0.31142723930956984,0.7040788461884304,1.0419462812866658,0.6545139347919016,0.37001221929611966,0.3534425597906787,-0.24376658616862812,0.16053624395015564,0.4599806617983002,77.31943314536372,0.41560428984899245,0.7777777777777778,0.8888888888888888,0.8888888888888888,0.11072630047902136,0.23416686819473287,0.278053629830463,-6.879999160766602,0.02799999713897705,NVDA
2021-10-29,0.024650044005596117,-0.008520279056812852,0.0737954674547705,-0.048701026021472305,-0.07158646062251839,0.14086745657327743,0.13140456507684395,-0.21344147944116,0.005934470780021295,0.0314285146472979,57.90892823184737,0.5017554841973,0.1111111111111111,0.3333333333333333,0.2777777777777778,0.11072630047902136,0.024650044005596117,0.027714609075448093,-6.879999160766602,0.02799999713897705,TLT
2021-10-29,0.10328275437805323,0.17773262896742037,0.18976882986286725,1.0954182737932068,0.8992577065835168,0.22588959682262635,0.2762023623432487,-0.5033930953728345,0.1028169114256492,0.1605311441113384,60.49033853249842,-0.09975751349806994,0.8333333333333334,0.6666666666666666,0.7222222222222222,0.11072630047902136,0.10328275437805323,-0.05011316266237875,-6.879999160766602,0.02799999713897705,XLE
2021-10-29,0.07274193580429822,0.10718252321942279,0.1195387613538419,0.7180676800897678,0.6015666235716146,0.1590593618527824,0.16720670634011509,-0.21883183969630715,0.04635651946980612,0.12412107731287647,61.121413658145514,0.04378097285357119,0.6111111111111112,0.4444444444444444,0.5555555555555556,0.11072630047902136,0.07274193580429822,-0.057128620753266635,-6.879999160766602,0.02799999713897705,XLF
2021-10-29,0.08177093593450468,0.05485105740474561,0.16042068826284872,0.4688011939110308,0.35777468696936654,0.15121994949594655,0.14865377296641946,-0.12535963293024843,0.03690606553379383,0.1228442908778895,68.16687652776685,0.3479136217393505,0.5,0.3888888888888889,0.6111111111111112,0.11072630047902136,0.08177093593450468,0.04451157252912252,-6.879999160766602,0.02799999713897705,XLK
2021-10-29,0.05121785680516755,0.01620578446386789,0.11114831995127128,0.3362318647303719,0.27112744145291745,0.1316774402234687,0.12612430192894616,-0.08087964579021611,0.019723430410170995,0.08185434828353433,65.02597042614846,0.722280252745831,0.3888888888888889,0.2222222222222222,0.4444444444444444,0.11072630047902136,0.05121785680516755,-0.030563732517623565,-6.879999160766602,0.02799999713897705,XLV
2021-10-29,0.0960556184726713,0.13680371214062448,0.160014381491975,1.1200489650457763,0.9342530883606224,0.24338002839386266,0.26812646746260144,-0.5237365765946113,0.10153150727825033,0.1399746999743403,63.42282098637416,0.0012067936439885685,0.8888888888888888,0.7222222222222222,0.6666666666666666,0.11072630047902136,0.0960556184726713,-0.05934235023260459,-6.879999160766602,0.02799999713897705,XOM
2021-11-30,0.10508132885287425,0.09030643776275693,0.3304651240423193,0.39705153691044703,0.26420698679313603,0.23108177153320716,0.21362240696816825,-0.18598836485451786,0.1103145399190617,0.1968545209091721,71.38616647612345,0.846147880881496,0.6111111111111112,0.6111111111111112,0.9444444444444444,0.006768102834185848,0.10508132885287425,0.07422871190810865,10.930000305175781,-0.11400008201599121,AAPL
2021-11-30,0.039923701306487036,0.010452924602251779,0.08811472693468536,0.10701574689147031,0.06451631547650405,0.2907035527050319,0.2382754936640327,-0.16409685396161633,0.02689166967876866,0.04652387804211,50.330786677143806,-0.47698596151597794,0.3333333333333333,0.7222222222222222,0.7777777777777778,0.006768102834185848,0.039923701306487036,-0.04925196878828486,10.930000305175781,-0.11400008201599121,AMZN
2021-11-30,-0.08392591780260572,0.20859506577073073,0.5968977479778876,1.9046113481631157,2.1707166533909583,0.4841472843775862,0.5304895941690079,-0.5306185040984174,-0.062071310594491225,0.2369007356131818,45.35508121864952,-258.97768691824126,0.9444444444444444,0.8888888888888888,0.05555555555555555,0.006768102834185848,-0.08392591780260572,-0.18768354629620299,10.930000305175781,-0.11400008201599121,BTC-USD
2021-11-30,0.04909283417470367,0.3488175855228839,0.9139084433152111,6.5327889389869345,6.180288239136434,0.6538371823729723,0.5833161265494866,-0.5712067935578331,0.08663907776884194,0.46925316525730376,58.38392064033431,10.284178685980166,1.0,1.0,0.8888888888888888,0.006768102834185848,0.04909283417470367,-0.20486893940488138,10.930000305175781,-0.11400008201599121,ETH-USD
2021-11-30,-0.006900653696985448,-0.024692099599992967,-0.07220542958990317,-0.00701984869382033,-0.00012002323561954853,0.13393238217650824,0.13156576336517692,-0.1877352829494502,-0.011334696336883554,-0.012599939042370334,37.1008371943602,-0.9724790812655049,0.2222222222222222,0.2222222222222222,0.5,0.006768102834185848,-0.006900653696985448,0.032990977123064535,10.930000305175781,-0.11400008201599121,GLD
2021-11-30,-0.041530957411443636,-0.019350506997837247,0.20412859646714132,0.6176189363492326,0.6877111982464212,0.23831590223337631,0.24251880941665488,-0.08045516527470087,-0.005196632512732502,0.12289840868638224,42.95981099109127,-0.8722842014939409,0.7777777777777778,0.6666666666666666,0.3333333333333333,0.006768102834185848,-0.041530957411443636,0.020821225688382405,10.930000305175781,-0.11400008201599121,GOOGL
2021-11-30,0.010921283843034368,-0.009630314299880594,0.016384382046688906,-0.030503091692841267,-0.040976855664172085,0.08105248220186465,0.06155484033929125,-0.07813903662274291,0.008863280528016215,0.007120331613813979,58.86138731618298,0.11657507897958133,0.1111111111111111,0.05555555555555555,0.6666666666666666,0.006768102834185848,0.010921283843034368,-0.00524028171964297,10.930000305175781,-0.11400008201599121,IEF
2021-11-30,-0.03639873528713489,-0.09344790253895263,-0.06715525216198504,0.10491907154608926,0.1466558959688935,0.14165582480439182,0.13473868353566731,-0.1202764419530904,-0.033469667075341825,-0.04721938815176974,33.127608503202865,-0.4516374640514135,0.2777777777777778,0.2777777777777778,0.3888888888888889,0.006768102834185848,-0.03639873528713489,0.09709496505996507,10.930000305175781,-0.11400008201599121,JNJ
2021-11-30,-0.06510122230845727,-0.0010183994069499214,-0.02150584546224965,0.3812231366959469,0.47740393896596034,0.18318128099687533,0.21028825462476566,-0.13107888667274692,-0.04398379186209944,0.011734363772498257,35.88705366948611,-0.7045716704929975,0.5,0.5,0.1111111111111111,0.006768102834185848,-0.06510122230845727,-0.003022167140366072,10.930000305175781,-0.11400008201599121,JPM
2021-11-30,-0.0011858372864712585,-0.01101906135540165,0.02167005421328483,-0.01660181121598503,-0.015434276470041697,0.08318233889278408,0.06977024391180114,-0.06641815362591674,0.0007218864609501718,0.009147569354271745,52.07163484239838,0.01303983953756313,0.16666666666666666,0.1111111111111111,0.6111111111111112,0.006768102834185848,-0.0011858372864712585,-0.0003414458742639903,10.930000305175781,-0.11400008201599121,LQD
2021-11-30,-0.0012819186378159042,0.09710756489590322,0.32901689590244043,0.5572528556904492,0.5592516894922552,0.17209229310360954,0.2038983894326878,-0.08883591587181172,0.05013651130380903,0.19918960426487753,51.41751012626128,-1.9300843354988961,0.7222222222222222,0.3333333333333333,0.5555555555555556,0.006768102834185848,-0.0012819186378159042,0.017332483320579906,10.930000305175781,-0.11400008201599121,MSFT
2021-11-30,0.278053629830463,0.459727705924724,1.0123278635666777,1.440786227440487,0.9097682370060349,0.6396772120199242,0.466295644249777,-0.24376658616862812,0.28259889232949265,0.6968876936572417,65.40326327552029,-0.036586709144629026,0.8888888888888888,0.9444444444444444,1.0,0.006768102834185848,0.278053629830463,-0.09981029064054814,10.930000305175781,-0.11400008201599121,NVDA
2021-11-30,0.027714609075448093,0.022435384264715585,0.10353124220097865,-0.03833760461739266,-0.06427096891447581,0.19092296908716383,0.15962693618788318,-0.21344147944116,0.03745078795827861,0.06092394890515718,60.68718667641432,0.3076461258460339,0.05555555555555555,0.5555555555555556,0.7222222222222222,0.006768102834185848,0.027714609075448093,-0.020137425170919432,10.930000305175781,-0.11400008201599121,TLT
2021-11-30,-0.05011316266237875,0.14159541363629735,0.06910352109876428,0.5550755511161154,0.6371166437833164,0.29174771549715595,0.2812284268795589,-0.36143139434489835,-0.026267049152100208,0.06577042248530085,41.06892596045861,-0.17120669853326098,0.6666666666666666,0.7777777777777778,0.2777777777777778,0.006768102834185848,-0.05011316266237875,0.02983371432082893,10.930000305175781,-0.11400008201599121,XLE
2021-11-30,-0.057128620753266635,-0.007178549157818903,0.007511569135734808,0.3863422290212599,0.4703407692031323,0.17809985314704063,0.1769110999932804,-0.08422133959606104,-0.034003232848388465,0.03078659937547168,34.06477020275629,-0.2114171334584388,0.5555555555555556,0.3888888888888889,0.2222222222222222,0.006768102834185848,-0.057128620753266635,0.0336427443292413,10.930000305175781,-0.11400008201599121,XLF
2021-11-30,0.04451157252912252,0.06393515913183978,0.22345777833842706,0.3773826443620447,0.31868586293106005,0.17930104618045897,0.16730337020893482,-0.09207010950435557,0.054650161769274286,0.14422798116600521,57.59510838271017,-0.16979852638994442,0.4444444444444444,0.4444444444444444,0.8333333333333334,0.006768102834185848,0.04451157252912252,0.03247348085454038,10.930000305175781,-0.11400008201599121,XLK
2021-11-30,-0.030563732517623565,-0.03714866760717539,0.05740425087554746,0.2000138183229132,0.2378470442820817,0.1014336037196643,0.1224083027429748,-0.08087964579021611,-0.008291086607527198,0.033040925925262865,36.75355461448089,-0.41245204444387823,0.3888888888888889,0.16666666666666666,0.4444444444444444,0.006768102834185848,-0.030563732517623565,0.09019834377766389,10.930000305175781,-0.11400008201599121,XLV
2021-11-30,-0.05934235023260459,0.11232933679975443,0.054687340660014794,0.6658698143861315,0.7709629159961284,0.2938167753600858,0.2793193589478568,-0.41361473668669646,-0.02973985692135772,0.0377138118792546,39.72408613839528,-0.47443354218436357,0.8333333333333334,0.8333333333333334,0.16666666666666666,0.006768102834185848,-0.05934235023260459,0.02256037196071481,10.930000305175781,-0.11400008201599121,XOM
2021-12-31,0.07422871190810865,0.25674337613806597,0.30034700534864567,0.3464814655341415,0.2534402130645357,0.29903506508366395,0.24030893945553858,-0.18598836485451786,0.09577590599530317,0.2360637603480622,61.382895004968326,-0.3196923897263604,0.5,0.8333333333333334,0.8888888888888888,-0.006621058149556664,0.07422871190810865,-0.015712074963880718,-9.970001220703125,0.0690000057220459,AAPL
2021-12-31,-0.04925196878828486,0.015007405415935704,-0.03076020011503877,0.023767773568753814,0.07680241237415553,0.2219316039071911,0.25361215808488297,-0.16409685396161633,-0.0348002412523023,-0.014971264052118682,40.87554237053985,-0.30447056219488533,0.2777777777777778,0.6111111111111112,0.2222222222222222,-0.006621058149556664,-0.04925196878828486,-0.10282991021845667,-9.970001220703125,0.0690000057220459,AMZN
2021-12-31,-0.18768354629620299,0.0574446082496638,0.3214994469622161,0.5966792379843302,0.9655877099425876,0.49936447716310056,0.4909702798826628,-0.5306185040984174,-0.12519984262755146,-0.03168499703874428,38.568888742788204,83.69114265906728,0.8333333333333334,0.8888888888888888,0.1111111111111111,-0.006621058149556664,-0.18768354629620299,-0.16894668246945244,-9.970001220703125,0.0690000057220459,BTC-USD
2021-12-31,-0.20486893940488138,0.22685765786839518,0.6190616544949539,3.9913469953394936,5.277389027670108,0.5494006482023595,0.5716704310300883,-0.5712067935578331,-0.11396298688539086,0.09455118535588114,38.85366987811899,-26.15252321857112,1.0,0.9444444444444444,0.05555555555555555,-0.006621058149556664,-0.20486893940488138,-0.27001171567556326,-9.970001220703125,0.0690000057220459,ETH-USD
2021-12-31,0.032990977123064535,0.04104253710305272,0.03218017070533685,-0.04148908875959545,-0.07210137119502347,0.0893019677956504,0.11189195052979892,-0.1877352829494502,0.014040975327339833,0.017161971349993088,62.57020472520408,0.4327853219039008,0.1111111111111111,0.16666666666666666,0.7777777777777778,-0.006621058149556664,0.032990977123064535,-0.016787612677039987,-9.970001220703125,0.0690000057220459,GLD
2021-12-31,0.020821225688382405,0.0836051582807158,0.18644098998188485,0.6529576954116012,0.6192430700066438,0.20069831125012086,0.23813003808614266,-0.08045516527470087,-0.003979393617948523,0.10567086615443122,48.53764066054897,0.0738286927839468,0.8888888888888888,0.5,0.5555555555555556,-0.006621058149556664,0.020821225688382405,-0.06591906719786977,-9.970001220703125,0.0690000057220459,GOOGL
2021-12-31,-0.00524028171964297,0.0011694533626387393,0.0008240252479188026,-0.033278082460890035,-0.028185500705352307,0.049559622131989285,0.06015414361410233,-0.07813903662274291,0.001135727726895519,0.0007039248818889732,47.26329706962102,-0.09086056972727977,0.16666666666666666,0.05555555555555555,0.3333333333333333,-0.006621058149556664,-0.00524028171964297,-0.021130626401011376,-9.970001220703125,0.0690000057220459,IEF
2021-12-31,0.09709496505996507,0.06619504641204799,0.05143724210990497,0.11438097931928937,0.01575616952938952,0.16569602737296624,0.15288645790998187,-0.1202764419530904,0.042287591857986806,0.038259318602959835,61.953093682067504,0.21520570736746247,0.3333333333333333,0.3333333333333333,1.0,-0.006621058149556664,0.09709496505996507,0.007131321906629795,-9.970001220703125,0.0690000057220459,JNJ
2021-12-31,-0.003022167140366072,-0.02679352505833188,0.030102943618339983,0.27745754351935736,0.28132993675017093,0.19091401208506772,0.1928833818763535,-0.11189067892026883,-0.03080618964318016,0.00195714039526651,46.19548554057832,0.3307246600837799,0.4444444444444444,0.3888888888888889,0.3888888888888889,-0.006621058149556664,-0.003022167140366072,-0.05594736174245696,-9.970001220703125,0.0690000057220459,JPM
2021-12-31,-0.0003414458742639903,0.0037749981933135057,-0.0007760610443950933,-0.018416031894727625,-0.018080759621239895,0.05953126703170858,0.06722679302924674,-0.06641815362591674,-0.00035301274070365096,0.005050585666666052,48.68685453021831,-0.029878226118280886,0.2222222222222222,0.1111111111111111,0.4444444444444444,-0.006621058149556664,-0.0003414458742639903,-0.035919449069070186,-9.970001220703125,0.0690000057220459,LQD
2021-12-31,0.017332483320579906,0.1951449359220332,0.24614339745127656,0.5247691633356291,0.4987913866259066,0.2773373862302546,0.22477058930042057,-0.08768177087856754,0.014174431815037414,0.17323002017178846,52.995719203186695,0.629793557198773,0.6666666666666666,0.7777777777777778,0.5,-0.006621058149556664,0.017332483320579906,-0.07534500805346744,-9.970001220703125,0.0690000057220459,MSFT
2021-12-31,-0.09981029064054814,0.419897535679705,0.4708054015898884,1.254820875417023,1.5048285399990702,0.6336133179238237,0.5697570841612092,-0.24376658616862812,0.003928012720219698,0.39554966961835714,48.89854461441747,-0.06454250922151573,0.9444444444444444,1.0,0.16666666666666666,-0.006621058149556664,-0.09981029064054814,-0.1674543697549078,-9.970001220703125,0.0690000057220459,NVDA
2021-12-31,-0.020137425170919432,0.03184214774949545,0.0355470656643726,-0.04599108260825169,-0.026384983059325462,0.13884198345000817,0.15688316711931352,-0.21344147944116,0.0008826748818995256,0.030126850707575592,47.981396696782134,-0.30682728656512015,0.05555555555555555,0.2777777777777778,0.2777777777777778,-0.006621058149556664,-0.020137425170919432,-0.03913972505962904,-9.970001220703125,0.0690000057220459,TLT
2021-12-31,0.02983371432082893,0.07925931287748056,0.05627675731876369,0.5327981912607185,0.48839387363773845,0.23922147135409905,0.24663988461071176,-0.3348426309224657,-0.008798458601600334,0.08094439612904814,51.29387477682811,0.05736121549689116,0.7222222222222222,0.6666666666666666,0.6666666666666666,-0.006621058149556664,0.02983371432082893,0.18774801473615144,-9.970001220703125,0.0690000057220459,XLE
2021-12-31,0.0336427443292413,0.045485880331752826,0.074051766618221,0.3479785706179537,0.3041049027947207,0.20739254028998502,0.1833643813005144,-0.08422133959606104,-0.005540249906151318,0.04743724140799599,51.84676056832296,0.08604321653077737,0.6111111111111112,0.5555555555555556,0.8333333333333334,-0.006621058149556664,0.0336427443292413,0.00025610692559152604,-9.970001220703125,0.0690000057220459,XLF
2021-12-31,0.03247348085454038,0.16661477033224248,0.18180491688249822,0.34744083357141253,0.3050609614265205,0.26755856926073485,0.20349264184467428,-0.09207010950435557,0.03678645906693556,0.146969827741515,55.91969350236107,0.09934071205668848,0.5555555555555556,0.7222222222222222,0.7222222222222222,-0.006621058149556664,0.03247348085454038,-0.06844175156558385,-9.970001220703125,0.0690000057220459,XLK
2021-12-31,0.09019834377766389,0.1110088297046965,0.12687396538560658,0.2603857090955979,0.156106791291037,0.10726708759743489,0.11875951016476081,-0.08087964579021611,0.051538190354706304,0.10328511225989567,70.49451584844304,0.3890781123167859,0.3888888888888889,0.2222222222222222,0.9444444444444444,-0.006621058149556664,0.09019834377766389,-0.0685641178155556,-9.970001220703125,0.0690000057220459,XLV
2021-12-31,0.02256037196071481,0.054273141166301775,-0.002045925613278432,0.5757555737151074,0.5409902602558956,0.19699365008220962,0.23809147344049977,-0.36765480936536854,-0.02001960133769487,0.04862282979007593,48.40245037535119,0.042427001989322255,0.7777777777777778,0.4444444444444444,0.6111111111111112,-0.006621058149556664,0.02256037196071481,0.24137892615316603,-9.970001220703125,0.0690000057220459,XOM
2022-01-31,-0.015712074963880718,0.16845812968441254,0.20181898371849427,0.33265731194728354,0.35393036737535954,0.3411130631121873,0.2916742435634554,-0.18598836485451786,0.0280535185565709,0.18028831581074845,58.65048251193668,-0.10384405432868227,0.6111111111111112,0.7222222222222222,0.7777777777777778,-0.04086861683013368,-0.015712074963880718,-0.054065846967698006,7.6100006103515625,0.26999998092651367,AAPL
2022-01-31,-0.10282991021845667,-0.1129630770826201,-0.1010100380168577,-0.06697333999868271,0.03996630140501556,0.3683573175153028,0.30001066079579786,-0.25565670441128896,-0.09922981556901689,-0.11365002528463786,41.37747095465823,-0.8423966380148782,0.05555555555555555,0.8333333333333334,0.2222222222222222,-0.04086861683013368,-0.10282991021845667,0.026672518265588474,7.6100006103515625,0.26999998092651367,AMZN
2022-01-31,-0.16894668246945244,-0.38157828081589373,-0.08884511158587904,0.12142124156018297,0.3493974669308293,0.47455592325864254,0.47176871461099346,-0.5306185040984174,-0.12125636720035204,-0.21257559145448235,40.20097395130309,289.026936823524,0.3888888888888889,0.8888888888888888,0.1111111111111111,-0.04086861683013368,-0.16894668246945244,0.1223941500332939,7.6100006103515625,0.26999998092651367,BTC-USD
2022-01-31,-0.27001171567556326,-0.3910683753546602,0.08971254292815378,0.9444733611657881,1.6637048880384282,0.7352775712504446,0.6208213338942336,-0.5712067935578331,-0.20504656237223107,-0.23373965257882823,39.76928838876574,25.164792064167727,1.0,1.0,0.05555555555555555,-0.04086861683013368,-0.27001171567556326,0.08589970747939146,7.6100006103515625,0.26999998092651367,ETH-USD
2022-01-31,-0.016787612677039987,0.008640879052781214,-0.010187321350335399,-0.026186224763791954,-0.009559086325531374,0.13649436539980908,0.12009171626342686,-0.1877352829494502,-0.002419049671727902,-0.004125060152540105,45.575504092347664,-0.39564688529118214,0.2777777777777778,0.16666666666666666,0.7222222222222222,-0.04086861683013368,-0.016787612677039987,0.061217257237826006,7.6100006103515625,0.26999998092651367,GLD
2022-01-31,-0.06591906719786977,-0.08607135626693674,0.0042827609445383885,0.4808630247955272,0.5853690754109675,0.2900296515564423,0.24357970761732192,-0.15285458292212484,-0.04435150775183816,0.010770015854451032,46.802979632113384,-0.05966604479191728,0.7777777777777778,0.6111111111111112,0.4444444444444444,-0.04086861683013368,-0.06591906719786977,-0.0018217578552498503,7.6100006103515625,0.26999998092651367,GOOGL
2022-01-31,-0.021130626401011376,-0.01562568869663694,-0.03944105058032221,-0.043256825370790786,-0.02260383210113981,0.06538721159494751,0.06644440206377011,-0.07813903662274291,-0.014453727066103927,-0.02034876671054142,42.92854661732566,0.048305375023756314,0.16666666666666666,0.05555555555555555,0.6666666666666666,-0.04086861683013368,-0.021130626401011376,-0.0030407140527189958,7.6100006103515625,0.26999998092651367,IEF
2022-01-31,0.007131321906629795,0.06470105905483492,0.01306029810409215,0.08276844293789964,0.07510154771880106,0.15394295877992573,0.15734388511284983,-0.1202764419530904,0.03278061903328133,0.03928002220219873,60.55848335432311,0.2242609083448317,0.3333333333333333,0.2777777777777778,0.8888888888888888,-0.04086861683013368,0.007131321906629795,-0.03867638417420616,7.6100006103515625,0.26999998092651367,JNJ
2022-01-31,-0.05594736174245696,-0.12007368796679108,-0.009148095563282999,0.18247486337612773,0.2525518339301984,0.34172193243093785,0.24669355841856264,-0.15113022164159506,-0.05862213024657437,-0.05778175935613106,39.36892613737079,-0.8957245041311985,0.5,0.7777777777777778,0.5,-0.04086861683013368,-0.05594736174245696,-0.045760459006214727,7.6100006103515625,0.26999998092651367,JPM
2022-01-31,-0.035919449069070186,-0.03739148270460824,-0.05014624504656906,-0.03601772469602993,-0.0001019371533477198,0.07165079688272931,0.07217430180264865,-0.06641815362591674,-0.025963277221306313,-0.031858824728969504,34.11492996822915,-0.055022213581420565,0.2222222222222222,0.1111111111111111,0.6111111111111112,-0.04086861683013368,-0.035919449069070186,-0.021314606533422986,7.6100006103515625,0.26999998092651367,LQD
2022-01-31,-0.07534500805346744,-0.060524318051215165,0.09559281421859112,0.3518997863289288,0.4620586035911449,0.3030344670555209,0.2548052835383679,-0.15919101437911742,-0.039788746991406776,0.06069303147026206,49.20647899263389,0.7776810875152469,0.6666666666666666,0.6666666666666666,0.2777777777777778,-0.04086861683013368,-0.07534500805346744,-0.037211908063701116,7.6100006103515625,0.26999998092651367,MSFT
2022-01-31,-0.1674543697549078,-0.042163973778470254,0.25613225557894936,0.8866710644267428,1.2661473388207294,0.5419269979509095,0.6178935891586284,-0.3424411096451224,-0.14530475142998123,0.10012420692839585,43.07895983760698,-0.18140305759552455,0.9444444444444444,0.9444444444444444,0.16666666666666666,-0.04086861683013368,-0.1674543697549078,-0.004124780510119108,7.6100006103515625,0.26999998092651367,NVDA
2022-01-31,-0.03913972505962904,-0.032395367001781694,-0.04063962849159142,-0.04877486200615466,-0.010027615042284443,0.1631240334672374,0.16490872611179763,-0.21344147944116,-0.028645355959289187,-0.014980963431323602,44.93039285980047,0.19205820924011618,0.1111111111111111,0.3333333333333333,0.5555555555555556,-0.04086861683013368,-0.03913972505962904,-0.016329873260921612,7.6100006103515625,0.26999998092651367,TLT
2022-01-31,0.18774801473615144,0.16188538356911186,0.3683903273496696,0.7548296407751949,0.4774427058630073,0.25947889943190905,0.27084067815396495,-0.22427293130699943,0.13120229582787046,0.2458046015180142,71.41069048063119,0.04323794187344254,0.8333333333333334,0.5,0.9444444444444444,-0.04086861683013368,0.18774801473615144,0.07069162064377599,7.6100006103515625,0.26999998092651367,XLE
2022-01-31,0.00025610692559152604,-0.025158240204108062,0.0793277593504782,0.37300798588016404,0.37265643905966295,0.19927911725171996,0.19601593694279026,-0.08422133959606104,-0.0030226147799087277,0.031771169507995634,47.50089672460163,-0.1678194721384587,0.7222222222222222,0.3888888888888889,0.8333333333333334,-0.04086861683013368,0.00025610692559152604,-0.01382475542035111,7.6100006103515625,0.26999998092651367,XLF
2022-01-31,-0.06844175156558385,0.0046208267830745164,0.059725341422955935,0.2658313420248364,0.3588321977205422,0.2853368335262505,0.24949021522735898,-0.1430512114851864,-0.03166867533186002,0.049781529808658354,49.2797050038517,-0.14587893113765915,0.5555555555555556,0.5555555555555556,0.3888888888888889,-0.04086861683013368,-0.06844175156558385,-0.04877445749363862,7.6100006103515625,0.26999998092651367,XLK
2022-01-31,-0.0685641178155556,-0.015586081694104137,0.0003671180891928749,0.1577414236061374,0.242964165059812,0.14022474845718838,0.12679908811423043,-0.09859351626274393,-0.021423659075598178,0.013964874168195918,44.025672136969995,-0.3441598841113742,0.4444444444444444,0.2222222222222222,0.3333333333333333,-0.04086861683013368,-0.0685641178155556,-0.009677684219828064,7.6100006103515625,0.26999998092651367,XLV
2022-01-31,0.24137892615316603,0.19405661336499125,0.3574079905793843,0.798189860470756,0.4485422803519452,0.25700188368688803,0.2644932398473798,-0.21450432612355086,0.16148894517137413,0.2643139699418424,76.56111242296852,0.18489235932315662,0.8888888888888888,0.4444444444444444,1.0,-0.04086861683013368,0.24137892615316603,0.04383060213315626,7.6100006103515625,0.26999998092651367,XOM
2022-02-28,-0.054065846967698006,0.00018380765157699486,0.09050684442858126,0.3697953879869189,0.44808746316631076,0.3497295023984869,0.3009654351287292,-0.18598836485451786,-0.0343161748702816,0.08867058763658409,44.6179921080594,-0.787423094258964,0.7777777777777778,0.6666666666666666,0.05555555555555555,0.006449034901942319,-0.054065846967698006,0.05747350703570486,5.319999694824219,0.057000041007995605,AAPL
2022-02-28,0.026672518265588474,-0.12426610692495033,-0.11511212656900038,-0.007006276225558161,-0.03280383363922312,0.6468494515650829,0.43786614491408077,-0.255801383224324,-0.0274534808750323,-0.08349270612017523,49.32900377993599,0.18189644867804255,0.3333333333333333,0.8333333333333334,0.7222222222222222,0.006449034901942319,0.026672518265588474,0.061437285030015776,5.319999694824219,0.057000041007995605,AMZN
2022-02-28,0.1223941500332939,-0.24229608352110676,-0.08424278522845174,-0.06790124133238373,-0.1695441760454941,0.6942596723953354,0.5845352811422805,-0.5306185040984174,0.07094030618891334,-0.12218532688576356,58.65801736752417,71.64046243995585,0.05555555555555555,0.8888888888888888,1.0,0.006449034901942319,0.1223941500332939,0.05430112933630005,5.319999694824219,0.057000041007995605,BTC-USD
2022-02-28,0.08589970747939146,-0.36970432783719687,-0.1498461133078447,1.0187642855237438,0.8590706596742099,0.7567286820978505,0.7105594905162446,-0.5712067935578331,0.017590788239732147,-0.18132437933980872,53.373991148427244,6.56956782163391,1.0,1.0,0.9444444444444444,0.006449034901942319,0.08589970747939146,0.12415781888640076,5.319999694824219,0.057000041007995605,ETH-USD
2022-02-28,0.061217257237826006,0.0778248029172961,0.051211045532319366,0.10240410094696717,0.03881094415703701,0.10789550003756551,0.11342939016008975,-0.1877352829494502,0.04401755611647329,0.05369829582657948,67.49999669658035,0.4492088687462743,0.4444444444444444,0.16666666666666666,0.8333333333333334,0.006449034901942319,0.061217257237826006,0.0127255799503041,5.319999694824219,0.057000041007995605,GLD
2022-02-28,-0.0018217578552498503,-0.04820745740161192,-0.06662512565765133,0.3359348120287873,0.3383730035612793,0.431478096039419,0.3177196187051221,-0.15285458292212484,-0.02326056716122782,-0.006289456856392817,49.04570543206534,-0.1320046034178355,0.7222222222222222,0.7777777777777778,0.6666666666666666,0.006449034901942319,-0.0018217578552498503,0.029695094241038777,5.319999694824219,0.057000041007995605,GOOGL
2022-02-28,-0.0030407140527189958,-0.029221042046804535,-0.038569948527604425,-0.023078169857913666,-0.02009856980885194,0.08363391339946451,0.06816451086946153,-0.07813903662274291,-0.004667233723020692,-0.021449953700693025,54.9949217358395,0.1637622034771517,0.16666666666666666,0.05555555555555555,0.6111111111111112,0.006449034901942319,-0.0030407140527189958,-0.04060942602133655,5.319999694824219,0.057000041007995605,IEF
2022-02-28,-0.03867638417420616,0.06218444220196839,-0.037074466031312814,0.06492620066398902,0.10777076848278466,0.2253771901911075,0.1919703768032736,-0.1202764419530904,-0.019051308706499293,-0.0035706220269907663,47.097578347272815,-0.3716530490334158,0.3888888888888889,0.3333333333333333,0.2222222222222222,0.006449034901942319,-0.03867638417420616,0.0769274000188176,5.319999694824219,0.057000041007995605,JNJ
2022-02-28,-0.045760459006214727,-0.1018701701843937,-0.10278482507044195,-0.01347658943184138,0.0338320392181104,0.281385011128273,0.2734385031953148,-0.1695775737577888,-0.0825306936588911,-0.10061604227385912,34.24232995244225,-0.7506703047151775,0.2222222222222222,0.5,0.16666666666666666,0.006449034901942319,-0.045760459006214727,-0.03864584087685019,5.319999694824219,0.057000041007995605,JPM
2022-02-28,-0.021314606533422986,-0.05679061163480814,-0.06718389375619505,-0.034717556552888995,-0.013694850366563371,0.09841773790334794,0.07802383343949719,-0.092406100496079,-0.025180558721283997,-0.04961478356625948,46.13218497084859,0.1420682336774015,0.1111111111111111,0.1111111111111111,0.3333333333333333,0.006449034901942319,-0.021314606533422986,-0.02893736596081098,5.319999694824219,0.057000041007995605,LQD
2022-02-28,-0.037211908063701116,-0.0943229965253809,-0.006374908135742041,0.2962550563753994,0.34635551398278386,0.35275929001507605,0.30795945797338564,-0.18145941408598087,-0.035451007304423965,0.005663168632852322,49.082959971410965,0.6147152978979404,0.6666666666666666,0.7222222222222222,0.2777777777777778,0.006449034901942319,-0.037211908063701116,0.03186182790694825,5.319999694824219,0.057000041007995605,MSFT
2022-02-28,-0.004124780510119108,-0.2536423037465051,0.08947900775137607,0.7795979710532064,0.7869688252357292,0.7285677991464757,0.6295338547832621,-0.3424411096451224,-0.06616821627433678,0.0514994279079759,48.00391162593667,0.03093022913225918,0.9444444444444444,0.9444444444444444,0.5555555555555556,0.006449034901942319,-0.004124780510119108,0.1191571172539434,5.319999694824219,0.057000041007995605,NVDA
2022-02-28,-0.016329873260921612,-0.07386373262618307,-0.05308550958616198,-0.007402522646525078,0.00907555324872078,0.15843325511925196,0.15593245275475515,-0.21344147944116,-0.016199761048206196,-0.0317901893961724,51.969087067367276,0.3083485824181902,0.2777777777777778,0.2222222222222222,0.3888888888888889,0.006449034901942319,-0.016329873260921612,-0.05444362854032603,5.319999694824219,0.057000041007995605,TLT
2022-02-28,0.07069162064377599,0.3096517347505483,0.4950924138520467,0.5343222346489265,0.4330197463639276,0.2631419282201662,0.2612301255252837,-0.17675815684043894,0.11480863235247685,0.2875872306631275,65.16762134903891,-0.10840615324930147,0.8888888888888888,0.4444444444444444,0.8888888888888888,0.006449034901942319,0.07069162064377599,0.0933861094025048,5.319999694824219,0.057000041007995605,XLE
2022-02-28,-0.01382475542035111,0.01961394953064577,0.012294600671942213,0.21321778212996922,0.23022534665945282,0.22643379342014278,0.21328413558701104,-0.08546583472604963,-0.025292667443843397,0.00785340782849464,43.03288521724509,-0.1670356855965145,0.6111111111111112,0.3888888888888889,0.4444444444444444,0.006449034901942319,-0.01382475542035111,-0.0012998657326240837,5.319999694824219,0.057000041007995605,XLF
2022-02-28,-0.04877445749363862,-0.08510253394700884,-0.026608418865593952,0.18787580585950314,0.24878459710995315,0.34621828312661246,0.28721300877709155,-0.16643078152341562,-0.051399831599556745,-0.012689439359785948,45.14630970403463,-0.05072580183952402,0.5555555555555556,0.6111111111111112,0.1111111111111111,0.006449034901942319,-0.04877445749363862,0.03345010448547314,5.319999694824219,0.057000041007995605,XLK
2022-02-28,-0.009677684219828064,0.0056226530442347045,-0.0317348886319514,0.17117650998838396,0.18262154788033413,0.1881942284384178,0.1544076759649489,-0.10559035377553982,-0.025839754856084807,-0.0025270642044047387,48.010673246235626,0.0538198694925196,0.5,0.2777777777777778,0.5,0.006449034901942319,-0.009677684219828064,0.05738204824015125,5.319999694824219,0.057000041007995605,XLV
2022-02-28,0.04383060213315626,0.3250228008224485,0.47386173328338743,0.5221536418077182,0.4582381841431631,0.3143887595027565,0.2732559861591008,-0.17216064883755433,0.09922053753097515,0.272649855085096,59.277353557270246,-0.5357003662223461,0.8333333333333334,0.5555555555555556,0.7777777777777778,0.006449034901942319,0.04383060213315626,0.053175378420446284,5.319999694824219,0.057000041007995605,XOM
2022-03-31,0.05747350703570486,-0.01541648716599131,0.23736880800888893,0.43796814199678735,0.3598148156237786,0.3216760183519948,0.30162100711317846,-0.17140878228471923,0.04695898376069274,0.11787438985548016,59.5389201089766,1.827932006638378,0.7777777777777778,0.4444444444444444,0.7222222222222222,0.0356219040597834,0.05747350703570486,-0.09713080101669602,-9.59000015258789,0.48799991607666016,AAPL
2022-03-31,0.061437285030015776,-0.022310249026058604,-0.007637662562187564,0.0536088471468823,-0.007375318347623283,0.42801784316432584,0.4847663071476561,-0.270975320035423,0.06936259474234507,-0.021154028088307353,57.0015574987406,1.2872096232151908,0.3333333333333333,0.8888888888888888,0.7777777777777778,0.0356219040597834,0.061437285030015776,-0.2375250931362105,-9.59000015258789,0.48799991607666016,AMZN
2022-03-31,0.05430112933630005,-0.01658018718709009,0.03991197870490515,-0.22709472996517122,-0.26690273914305174,0.3764191500560739,0.596786042856469,-0.48154662617589017,0.09899761648225036,-0.05699180849520158,60.1587801631799,445.78086480965885,0.05555555555555555,0.7777777777777778,0.6111111111111112,0.0356219040597834,0.05430112933630005,-0.15215311915927232,-9.59000015258789,0.48799991607666016,BTC-USD
2022-03-31,0.12415781888640076,-0.10888676950720977,0.0932690908579239,0.7106483128268886,0.5217154425180885,0.3804556784330396,0.6237287012323908,-0.50017924629293,0.14934654755368815,-0.05902236702987007,64.74753780385882,44.70017836015835,0.9444444444444444,0.8333333333333334,1.0,0.0356219040597834,0.12415781888640076,-0.1420145460264467,-9.59000015258789,0.48799991607666016,ETH-USD
2022-03-31,0.0127255799503041,0.05667984792978609,0.10004866979449223,0.12934475065149864,0.11515377216690537,0.21530383965153202,0.16382264289597054,-0.1648873140509689,0.021208775065755248,0.06280707139407848,51.47474531795695,-0.5680666388025302,0.4444444444444444,0.3333333333333333,0.3333333333333333,0.0356219040597834,0.0127255799503041,-0.020702963524693363,-9.59000015258789,0.48799991607666016,GLD
2022-03-31,0.029695094241038777,-0.03993364637586527,0.040332853078870246,0.3485206811758599,0.30963106332930446,0.3495196683961664,0.35099309510196414,-0.15942158971289477,0.030079741210131017,0.008921341444066977,54.618338565594925,0.8371159634641678,0.7222222222222222,0.6666666666666666,0.3888888888888889,0.0356219040597834,0.029695094241038777,-0.1794671138747983,-9.59000015258789,0.48799991607666016,GOOGL
2022-03-31,-0.04060942602133655,-0.06373753926509806,-0.0626426239820792,-0.03984421369240687,0.0007976025090139505,0.09919167846029985,0.09028880659129257,-0.09732428933112958,-0.02685640615933471,-0.056982197449254146,39.71176962029196,-0.07928888509621346,0.2222222222222222,0.05555555555555555,0.1111111111111111,0.0356219040597834,-0.04060942602133655,-0.04228268817181424,-9.59000015258789,0.48799991607666016,IEF
2022-03-31,0.0769274000188176,0.04265862674748577,0.11167746293695768,0.10574721139457499,0.026761145992992397,0.17630998616297086,0.18816558884333082,-0.1202764419530904,0.0447278268342064,0.06648255074017473,60.03041648074771,0.25614569396959475,0.3888888888888889,0.16666666666666666,0.8333333333333334,0.0356219040597834,0.0769274000188176,0.018225133938492455,-9.59000015258789,0.48799991607666016,JNJ
2022-03-31,-0.03864584087685019,-0.13396184060657823,-0.15716605573175757,-0.08312574884981949,-0.04626797268296989,0.33957299007180536,0.3262724718039634,-0.24863755419364342,-0.05282677223458865,-0.1206275288988714,42.56968216845362,0.6755051079392529,0.1111111111111111,0.5555555555555556,0.16666666666666666,0.0356219040597834,-0.03864584087685019,-0.11792296008275904,-9.59000015258789,0.48799991607666016,JPM
2022-03-31,-0.02893736596081098,-0.08377176453271995,-0.08031300459916813,-0.048587613185134604,-0.02023581851006584,0.12000342543858096,0.10157837649696297,-0.11996423629021435,-0.019502583901827242,-0.07017802598992062,46.60465799358643,0.2282052288192935,0.16666666666666666,0.1111111111111111,0.2222222222222222,0.0356219040597834,-0.02893736596081098,-0.06699249364660897,-9.59000015258789,0.48799991607666016,LQD
2022-03-31,0.03186182790694825,-0.08138829377758161,0.09787412877042168,0.3183241776101937,0.2776169657175054,0.3400422999660435,0.3265177749347346,-0.19436803872568886,0.037065277722886814,0.019329523233191148,56.799579470454816,2.4017991585439398,0.6666666666666666,0.6111111111111112,0.4444444444444444,0.0356219040597834,0.03186182790694825,-0.0998671414725516,-9.59000015258789,0.48799991607666016,MSFT
2022-03-31,0.1191571172539434,-0.07209389410402811,0.31753159310384205,1.0455904050242322,0.8277955556798515,0.7150180263768577,0.6523901628668105,-0.3607310446938995,0.11400089269724356,0.12857225300638242,57.54979423889769,0.3689967773498546,1.0,1.0,0.9444444444444444,0.0356219040597834,0.1191571172539434,-0.3202738759648236,-9.59000015258789,0.48799991607666016,NVDA
2022-03-31,-0.05444362854032603,-0.10628891137316343,-0.07783123084374521,-0.009488866644332128,0.04754318542277525,0.2042051289327803,0.1874036138308191,-0.20131551711773,-0.03337913386808855,-0.08172734527884651,45.98705254256681,0.16601469515214795,0.2777777777777778,0.2777777777777778,0.05555555555555555,0.0356219040597834,-0.05444362854032603,-0.09423863067619775,-9.59000015258789,0.48799991607666016,TLT
2022-03-31,0.0933861094025048,0.390472068469337,0.5006799291915456,0.6292034243345224,0.4900531571823443,0.35321708685844905,0.2948112090141974,-0.17675815684043894,0.08410054440174086,0.34194018197101816,58.1833004671996,-0.04174082993247463,0.8888888888888888,0.7222222222222222,0.8888888888888888,0.0356219040597834,0.0933861094025048,-0.016875956738364506,-9.59000015258789,0.48799991607666016,XLE
2022-03-31,-0.0012998657326240837,-0.014854412819450102,0.029955801468398713,0.14465134478406294,0.14614117442144292,0.27321609268003394,0.246403729803683,-0.13906328253203382,-0.007267100697192386,0.004001862399023448,48.317724310656345,0.12899664723485244,0.5,0.3888888888888889,0.2777777777777778,0.0356219040597834,-0.0012998657326240837,-0.09942577585519596,-9.59000015258789,0.48799991607666016,XLF
2022-03-31,0.03345010448547314,-0.08423712626168178,0.0683424946250224,0.2054696280822601,0.16645169694228312,0.3374869751484763,0.30952337550879594,-0.19960377729571166,0.029673519407686033,0.00942528127850184,55.89129191655294,0.6850013986138677,0.6111111111111112,0.5,0.5,0.0356219040597834,0.03345010448547314,-0.1101743668177726,-9.59000015258789,0.48799991607666016,XLK
2022-03-31,0.05738204824015125,-0.024647811380766438,0.08362489362776904,0.1904383543262813,0.12583560152887174,0.18204697587259078,0.17090962294414097,-0.10559035377553982,0.042912270683896026,0.043999272926808164,60.455502589883196,0.3860611934979954,0.5555555555555556,0.2222222222222222,0.6666666666666666,0.0356219040597834,0.05738204824015125,-0.04890906621001745,-9.59000015258789,0.48799991607666016,XLV
2022-03-31,0.053175378420446284,0.3646933989786123,0.43875959647009877,0.5611726763915372,0.4823482473859062,0.4534278728129194,0.3526400638364719,-0.17216064883755433,0.03900371915019596,0.283193524669096,53.44697818587376,-0.08067091107925761,0.8333333333333334,0.9444444444444444,0.5555555555555556,0.0356219040597834,0.053175378420446284,0.0322073470022648,-9.59000015258789,0.48799991607666016,XOM
2022-04-29,-0.09713080101669602,-0.09685966376963506,0.05528166811428359,0.20635195974679021,0.33613148073411936,0.33413378060363297,0.3053066000077135,-0.17140878228471923,-0.04936652576583378,-0.008834194571091358,39.96190169815187,-1.1550523179352126,0.8333333333333334,0.6111111111111112,0.5555555555555556,-0.09975133952408144,-0.09713080101669602,-0.05449616951531333,12.840002059936523,0.5600001811981201,AAPL
2022-04-29,-0.2375250931362105,-0.16909412127520373,-0.2629558061019952,-0.28314712267389963,-0.05983413896903389,0.6168194714439279,0.574197703041334,-0.3338630453507967,-0.18617207753858867,-0.24161469211608566,29.345900798391156,-2.6465307618983376,0.1111111111111111,1.0,0.1111111111111111,-0.09975133952408144,-0.2375250931362105,-0.03276431760316645,12.840002059936523,0.5600001811981201,AMZN
2022-04-29,-0.15215311915927232,0.003292331866240117,-0.379542231283049,-0.331433650262834,-0.21145390182456836,0.4226331824035495,0.5468474681726967,-0.48154662617589017,-0.08088901599162723,-0.18615771759299682,40.57985479542198,-95.55668755452734,0.05555555555555555,0.8333333333333334,0.2222222222222222,-0.09975133952408144,-0.15215311915927232,-0.17657458457332798,12.840002059936523,0.5600001811981201,BTC-USD
2022-04-29,-0.1420145460264467,0.047362274195613674,-0.36222798878182705,0.015287273872054197,0.1833385626411208,0.4748651374242141,0.5531031018153143,-0.50017924629293,-0.07587966882994346,-0.18723662237081407,39.94597850920552,-21.726623815214055,0.5,0.8888888888888888,0.2777777777777778,-0.09975133952408144,-0.1420145460264467,-0.3101552931424154,12.840002059936523,0.5600001811981201,ETH-USD
2022-04-29,-0.020702963524693363,0.05247193477527934,0.061566217470119255,0.06791017597069615,0.09048647774359297,0.11455482863547169,0.15907454000113788,-0.14987878513627573,-0.02179031504429796,0.032821333903048755,40.24827093781333,-0.7781979439433203,0.6111111111111112,0.1111111111111111,0.8333333333333334,-0.09975133952408144,-0.020702963524693363,-0.03261547766106776,12.840002059936523,0.5600001811981201,GLD
2022-04-29,-0.1794671138747983,-0.1566405133142943,-0.22922960815392057,-0.03029964289106224,0.18179340950994516,0.3809584602398892,0.3853974027822374,-0.23845010215229745,-0.13402125546323584,-0.17456937219097024,32.753691593621056,-1.515001847054469,0.4444444444444444,0.7222222222222222,0.16666666666666666,-0.09975133952408144,-0.1794671138747983,-0.0030453080893007023,12.840002059936523,0.5600001811981201,GOOGL
2022-04-29,-0.04228268817181424,-0.08396892246828891,-0.09828253892224426,-0.0895579509053569,-0.049362439364596056,0.08514915860073531,0.0955220943906118,-0.12714518686205167,-0.04228329171250411,-0.08811019423494304,35.1636167504779,0.14708622195640464,0.3333333333333333,0.05555555555555555,0.7777777777777778,-0.09975133952408144,-0.04228268817181424,0.006183921854451935,12.840002059936523,0.5600001811981201,IEF
2022-04-29,0.018225133938492455,0.05414378123224406,0.12234800027403825,0.1371083813495948,0.11675536524153785,0.2130475908818858,0.20397003612171136,-0.1202764419530904,0.03173177456155307,0.0742611128577142,51.2111414344893,-0.3067990668484728,0.7777777777777778,0.2777777777777778,0.9444444444444444,-0.09975133952408144,0.018225133938492455,0.0012391577297778955,12.840002059936523,0.5600001811981201,JNJ
2022-04-29,-0.11792296008275904,-0.19081590884265354,-0.28797762691197215,-0.20424107256435797,-0.09785779311260334,0.2704854317460809,0.3037751968080378,-0.2958113897107324,-0.11344735263333705,-0.21344743753057138,29.950756685462224,-0.6798085804445977,0.16666666666666666,0.4444444444444444,0.3333333333333333,-0.09975133952408144,-0.11792296008275904,0.10782499986323302,12.840002059936523,0.5600001811981201,JPM
2022-04-29,-0.06699249364660897,-0.11330249282755323,-0.14645742733121103,-0.12148981193629271,-0.05841037496330925,0.12101620317875696,0.11687695619446126,-0.1615887587773489,-0.05524160583206428,-0.12167837812298732,31.194127685662693,-0.060329089645126954,0.2777777777777778,0.16666666666666666,0.6666666666666666,-0.09975133952408144,-0.06699249364660897,0.018638654313140268,12.840002059936523,0.5600001811981201,LQD
2022-04-29,-0.0998671414725516,-0.10575015740944016,-0.1598740192996404,0.10944760732322956,0.23253761576730447,0.3953313402855353,0.35729730366652324,-0.21081061929612832,-0.05061596167051319,-0.0880038976057671,43.432172754816435,-0.444692503852135,0.7222222222222222,0.7777777777777778,0.4444444444444444,-0.09975133952408144,-0.0998671414725516,-0.018077200379976732,12.840002059936523,0.5600001811981201,MSFT
2022-04-29,-0.3202738759648236,-0.2424174748913578,-0.27436016461506585,0.23654749343112114,0.8191848888937638,0.5999136921971057,0.6986778294709339,-0.4480947511311595,-0.21209725993948958,-0.2401380515007845,34.1470873018816,-0.32781200835806823,0.8888888888888888,0.9444444444444444,0.05555555555555555,-0.09975133952408144,-0.3202738759648236,0.006739246339428018,12.840002059936523,0.5600001811981201,NVDA
2022-04-29,-0.09423863067619775,-0.15753726059208262,-0.18482915022052848,-0.12467323630554983,-0.03360113012114119,0.16502911005026505,0.1889873986962587,-0.2232436637491243,-0.08094200400268714,-0.15656142357455705,33.464195374031505,0.14924006026429026,0.2222222222222222,0.2222222222222222,0.6111111111111112,-0.09975133952408144,-0.09423863067619775,-0.02253321555448007,12.840002059936523,0.5600001811981201,TLT
2022-04-29,-0.016875956738364506,0.15092301147698706,0.3372406246484563,0.5910072132330837,0.618317875692187,0.31000940741354077,0.3091476074292187,-0.17675815684043894,0.0030499838820761127,0.26158947550049283,46.430683733830534,-0.28017137220332444,1.0,0.5555555555555556,0.8888888888888888,-0.09975133952408144,-0.016875956738364506,0.16034570128271985,12.840002059936523,0.5600001811981201,XLE
2022-04-29,-0.09942577585519596,-0.11303043620327613,-0.1353450295430071,-0.03198524537613545,0.07488614338601884,0.21438118013363447,0.25155226277871445,-0.163567557819289,-0.08317875403765063,-0.0982565062814067,29.162121379475636,-0.24092727545678638,0.3888888888888889,0.3333333333333333,0.5,-0.09975133952408144,-0.09942577585519596,0.0278180856525978,12.840002059936523,0.5600001811981201,XLF
2022-04-29,-0.1101743668177726,-0.12526212897749478,-0.12122011679490441,0.019754356900402836,0.14601593713761618,0.3392813830113612,0.33207727406859366,-0.2070287309266109,-0.06367047137131421,-0.1030116141063232,40.237090800749684,-0.33313550161075134,0.5555555555555556,0.6666666666666666,0.3888888888888889,-0.09975133952408144,-0.1101743668177726,-0.006858972659253726,12.840002059936523,0.5600001811981201,XLK
2022-04-29,-0.04890906621001745,-0.004066042986869078,-0.019588751002808213,0.08938231218455717,0.14540289837849696,0.23293083261137357,0.1993242805866965,-0.10559035377553982,-0.028174661692286218,-0.015875248565328626,37.85393053315788,-1.0433425853366096,0.6666666666666666,0.3888888888888889,0.7222222222222222,-0.09975133952408144,-0.04890906621001745,0.014890076037037847,12.840002059936523,0.5600001811981201,XLV
2022-04-29,0.0322073470022648,0.13474340763652726,0.3549478703607216,0.5717590157903614,0.5227163615479602,0.30040358734767764,0.35710626858850797,-0.17216064883755433,0.029248868785802795,0.273700474292641,51.96411130914906,-0.2661892141233684,0.9444444444444444,0.5,1.0,-0.09975133952408144,0.0322073470022648,0.137634392264101,12.840002059936523,0.5600001811981201,XOM
2022-05-31,-0.05449616951531333,-0.09727051863632419,-0.09710459005034533,0.20127085359590802,0.2705087117205114,0.4938407828937316,0.38944628592152813,-0.24329973797162752,-0.07038640423080322,-0.06448952227135962,48.339527074321495,1.006148179638024,0.8888888888888888,0.7777777777777778,0.16666666666666666,-0.009767016880100806,-0.05449616951531333,-0.08142979497667047,-7.210000991821289,-0.042999982833862305,AAPL
2022-05-31,-0.03276431760316645,-0.2171974993802107,-0.31447331862334793,-0.2540683222874033,-0.22880049683014192,0.5847559552781325,0.551379544699167,-0.4420339714685857,-0.12561215653681068,-0.23671503544997619,50.59509587342269,2.424975057610906,0.05555555555555555,0.8888888888888888,0.2222222222222222,-0.009767016880100806,-0.03276431760316645,-0.11645921262241288,-7.210000991821289,-0.042999982833862305,AMZN
2022-05-31,-0.17657458457332798,-0.26395161170712866,-0.44229325347251414,-0.10939935243818333,0.08158022678998411,0.5838584619337531,0.5343568200820772,-0.5763072647751288,-0.08729653255305103,-0.2541706371783683,51.15400611181017,597.0263797936823,0.3333333333333333,0.8333333333333334,0.1111111111111111,-0.009767016880100806,-0.17657458457332798,-0.37768830820493093,-7.210000991821289,-0.042999982833862305,BTC-USD
2022-05-31,-0.3101552931424154,-0.33463715291600404,-0.5806246770650363,-0.19735402851672967,0.16351689518576396,0.8352186168296601,0.6641320814281563,-0.641543740306469,-0.21878222408664505,-0.3814578205712509,42.20946103647136,30.50866585070679,0.1111111111111111,1.0,0.05555555555555555,-0.009767016880100806,-0.3101552931424154,-0.45050535928269975,-7.210000991821289,-0.042999982833862305,ETH-USD
2022-05-31,-0.03261547766106776,-0.0405875394942411,0.0340785461610178,-0.0405875394942411,-0.008240840791930992,0.14316453774537835,0.1622443967117273,-0.14987878513627573,-0.03396968122939403,-0.003722798284590212,41.0065983726964,0.38289625012724593,0.5,0.16666666666666666,0.2777777777777778,-0.009767016880100806,-0.03261547766106776,-0.01565965107712486,-7.210000991821289,-0.042999982833862305,GLD
2022-05-31,-0.0030453080893007023,-0.15767428930114213,-0.19828067011793993,-0.034626828548537936,-0.031677989697515896,0.4229433648788402,0.38714338358367784,-0.2938729888284859,-0.08270645475261229,-0.16424466977425745,47.71189102548076,0.6041928529772047,0.5555555555555556,0.6666666666666666,0.5,-0.009767016880100806,-0.0030453080893007023,-0.042184434403517046,-7.210000991821289,-0.042999982833862305,GOOGL
2022-05-31,0.006183921854451935,-0.0754930967359928,-0.10250815182883144,-0.08780330250460622,-0.09340958677399103,0.09780333104939448,0.09794663256033431,-0.13776812473472033,-0.00641944457018806,-0.07076728162560886,48.321952205066125,0.21729973649563047,0.3888888888888889,0.05555555555555555,0.6111111111111112,-0.009767016880100806,0.006183921854451935,-0.008634551642586974,-7.210000991821289,-0.042999982833862305,IEF
2022-05-31,0.0012391577297778955,0.09791335016814817,0.16618647943444897,0.08787093234013077,0.08652455703668549,0.17263597212456422,0.18551707919924904,-0.1202764419530904,0.008169595938253948,0.06927405626792704,53.48198158777617,0.3854195161488572,0.7222222222222222,0.2222222222222222,0.5555555555555556,-0.009767016880100806,0.0012391577297778955,-0.011251442065512318,-7.210000991821289,-0.042999982833862305,JNJ
2022-05-31,0.10782499986323302,-0.06057721655284465,-0.15627637537770322,-0.1744213652616795,-0.254775226375788,0.33701087355912746,0.31981874412245154,-0.30772888809372856,0.030652672276500814,-0.11152411665847439,63.085392293011246,1.684449812155262,0.16666666666666666,0.4444444444444444,0.8888888888888888,-0.009767016880100806,0.10782499986323302,-0.14837774084731736,-7.210000991821289,-0.042999982833862305,JPM
2022-05-31,0.018638654313140268,-0.07710448984053098,-0.12951629033750556,-0.11065286115733786,-0.12692578955553024,0.11196378601100095,0.12247124060913052,-0.17305179385621017,-0.0056681780791422165,-0.09005976126351156,54.73727115303856,0.49632820386845444,0.2777777777777778,0.1111111111111111,0.7777777777777778,-0.009767016880100806,0.018638654313140268,-0.03622779426932621,-7.210000991821289,-0.042999982833862305,LQD
2022-05-31,-0.018077200379976732,-0.08797759719863218,-0.17400228312913502,0.09776492169821971,0.1179747757390135,0.38709787022254905,0.372370570469487,-0.26066962923712544,-0.03653099355791267,-0.09904631963017019,51.68736198872544,2.2443070747199183,0.7777777777777778,0.5555555555555556,0.3888888888888889,-0.009767016880100806,-0.018077200379976732,-0.05532049455063481,-7.210000991821289,-0.042999982833862305,MSFT
2022-05-31,0.006739246339428018,-0.23415298880670177,-0.4284041890431455,0.1502381770864698,0.1425383298295102,0.8049680801737481,0.7237787500136865,-0.5158579622869637,-0.1187473924945347,-0.22895986556799364,50.52117379211017,0.38564024304180844,0.8333333333333334,0.9444444444444444,0.6666666666666666,-0.009767016880100806,0.006739246339428018,-0.18797084691124422,-7.210000991821289,-0.042999982833862305,NVDA
2022-05-31,-0.02253321555448007,-0.16285010338364025,-0.22468511951534786,-0.1444158068418686,-0.12469230998629577,0.22344919028222707,0.20716613004799075,-0.25832971888274037,-0.04319552988289077,-0.15676167713025813,43.26867301306372,0.4815265770137569,0.2222222222222222,0.3333333333333333,0.3333333333333333,-0.009767016880100806,-0.02253321555448007,-0.012745507425421687,-7.210000991821289,-0.042999982833862305,TLT
2022-05-31,0.16034570128271985,0.24729524647975265,0.633522383298321,0.7464045317778802,0.5050726088331208,0.4251455824215322,0.364971495177859,-0.17675815684043894,0.10122964897466291,0.38033215525893116,64.23899604412169,0.27005116268666307,1.0,0.7222222222222222,1.0,-0.009767016880100806,0.16034570128271985,-0.17073447224791793,-7.210000991821289,-0.042999982833862305,XLE
2022-05-31,0.0278180856525978,-0.07557671508753916,-0.05744512343231245,-0.050365057312750316,-0.07606710181180254,0.2862809996808531,0.26293130095213657,-0.20210505844630988,-0.019423438441318885,-0.06716621708348036,55.54323444302016,0.34217332206248663,0.4444444444444444,0.3888888888888889,0.8333333333333334,-0.009767016880100806,0.0278180856525978,-0.10860885521281338,-7.210000991821289,-0.042999982833862305,XLF
2022-05-31,-0.006858972659253726,-0.08671705178129363,-0.16443974488530044,0.022272693390519516,0.029332859329935124,0.4135681611153306,0.3650098852150474,-0.2583548152782088,-0.03648272078969095,-0.09998207769964895,51.9710519912459,0.6051668978309872,0.6111111111111112,0.6111111111111112,0.4444444444444444,-0.009767016880100806,-0.006858972659253726,-0.09255716873699904,-7.210000991821289,-0.042999982833862305,XLK
2022-05-31,0.014890076037037847,0.02064092998313294,0.026379639815173217,0.08529819415267736,0.06937511734331903,0.2090689723826742,0.20953698465840667,-0.11762246476624805,-0.013066009103183451,-0.0008612570563563127,52.270535389714034,0.6642310432278822,0.6666666666666666,0.2777777777777778,0.7222222222222222,-0.009767016880100806,0.014890076037037847,-0.026080565714078685,-7.210000991821289,-0.042999982833862305,XLV
2022-05-31,0.137634392264101,0.23671707294666877,0.6386783198207355,0.7282932793289527,0.5191992182034268,0.38454295936844995,0.37974171987685496,-0.17216064883755433,0.10771504937333143,0.37101354318507185,64.74411694185818,0.5108633031005843,0.9444444444444444,0.5,0.9444444444444444,-0.009767016880100806,0.137634392264101,-0.1079165681347578,-7.210000991821289,-0.042999982833862305,XOM
2022-06-30,-0.08142979497667047,-0.2158475845874428,-0.22793646023583158,0.003950511871211537,0.0929491359299135,0.3852235672421432,0.4037553522233511,-0.2834624307272682,-0.06903954433803572,-0.1348145475445116,44.189320640584576,0.7565303712171869,0.7222222222222222,0.6111111111111112,0.5555555555555556,-0.11390848712922036,-0.08142979497667047,0.1886338780878163,2.519998550415039,0.12799978256225586,AAPL
2022-06-30,-0.11645921262241288,-0.3483949098893824,-0.36293238171639763,-0.3825287091416124,-0.30114002694647857,0.5243308822809502,0.5728003074999056,-0.4516282050569048,-0.09550208414539973,-0.2995069317305865,42.30411237889802,0.3291460122086187,0.16666666666666666,0.8333333333333334,0.3333333333333333,-0.11390848712922036,-0.11645921262241288,0.27059597129750057,2.519998550415039,0.12799978256225586,AMZN
2022-06-30,-0.37768830820493093,-0.5655401431183882,-0.5727435688707616,-0.4353808625516613,-0.09270684627556203,0.7990814104685532,0.6776125839185404,-0.7185358095700161,-0.2548232714245158,-0.47862606012038655,30.465462847853644,214.9843996425766,0.1111111111111111,0.9444444444444444,0.1111111111111111,-0.11390848712922036,-0.37768830820493093,0.20318230010918303,2.519998550415039,0.12799978256225586,BTC-USD
2022-06-30,-0.45050535928269975,-0.6747669122052278,-0.7101804924720553,-0.530764348636893,-0.14605963990736048,1.1175657244319226,0.8739610341471769,-0.7935123166505245,-0.33808438744377334,-0.6052591934030737,32.34440314159423,26.21880215113066,0.05555555555555555,1.0,0.05555555555555555,-0.11390848712922036,-0.45050535928269975,0.6184848487621166,2.519998550415039,0.12799978256225586,ETH-USD
2022-06-30,-0.01565965107712486,-0.06747848101009213,-0.01462330312249116,0.017086287192088045,0.03326688609792905,0.14947575300801483,0.13447416626902267,-0.1495135082216108,-0.025762940421983793,-0.021128271603734206,39.428336638412254,-0.13429534809510457,0.7777777777777778,0.16666666666666666,0.8333333333333334,-0.11390848712922036,-0.01565965107712486,-0.0258815174913124,2.519998550415039,0.12799978256225586,GLD
2022-06-30,-0.042184434403517046,-0.21647419559267533,-0.24776323799224276,-0.10751547138274908,-0.06820836842273159,0.4174847959970909,0.4072115335915431,-0.2938729888284859,-0.04405623245567847,-0.18114865966537697,44.061368885694385,0.28811850763887836,0.5555555555555556,0.6666666666666666,0.6666666666666666,-0.11390848712922036,-0.042184434403517046,0.06751838558623735,2.519998550415039,0.12799978256225586,GOOGL
2022-06-30,-0.008634551642586974,-0.04468083643666365,-0.10557052913498244,-0.10483349666850694,-0.0970368144111855,0.12417595121764247,0.10309361579304727,-0.16179764550274645,0.0021927157950414333,-0.0654380678697426,55.19518424072262,0.22798648696551305,0.6111111111111112,0.05555555555555555,1.0,-0.11390848712922036,-0.008634551642586974,0.02961485118598106,2.519998550415039,0.12799978256225586,IEF
2022-06-30,-0.011251442065512318,0.008016177967809401,0.051016763859165204,0.10507816760335809,0.11765337985613322,0.20743446504992202,0.19535458690052876,-0.1202764419530904,0.0016469832739500756,0.053759673178214396,52.601429496413026,0.570587650192434,0.8888888888888888,0.2222222222222222,0.9444444444444444,-0.11390848712922036,-0.011251442065512318,-0.01684400403346331,2.519998550415039,0.12799978256225586,JNJ
2022-06-30,-0.14837774084731736,-0.16780580231901487,-0.27928806878247436,-0.2575925181519684,-0.12824321596914767,0.28248989346275544,0.30793025969233306,-0.3356343618118127,-0.07748583270232645,-0.22382470616893801,35.94714173012932,-0.24013809817191767,0.2222222222222222,0.4444444444444444,0.2777777777777778,-0.11390848712922036,-0.14837774084731736,0.03348210385912731,2.519998550415039,0.12799978256225586,JPM
2022-06-30,-0.03622779426932621,-0.08403329475714216,-0.16076544190855813,-0.16141673915620303,-0.12989474498485476,0.13202667088191608,0.123234876646174,-0.19650117885562668,-0.01445513698315104,-0.10643938595886138,46.48321054430903,0.10536269232592399,0.3888888888888889,0.1111111111111111,0.7222222222222222,-0.11390848712922036,-0.03622779426932621,0.04444403777357753,2.519998550415039,0.12799978256225586,LQD
2022-06-30,-0.05532049455063481,-0.16503464985737126,-0.23299105506888085,-0.0441968674880161,0.011775027401835558,0.36064029504538103,0.376536718023664,-0.2908212058077433,-0.0330591372104071,-0.13748621835316865,47.11640586686338,1.108732957082728,0.6666666666666666,0.5,0.6111111111111112,-0.11390848712922036,-0.05532049455063481,0.09309687674355116,2.519998550415039,0.12799978256225586,MSFT
2022-06-30,-0.18797084691124422,-0.44432279408563313,-0.4843837277248457,-0.2416288015900605,-0.06607885255685075,0.6291475445226004,0.6852191014804733,-0.5455823031596783,-0.14589281740833782,-0.36083214683045695,37.90944103546083,-0.050946494355166294,0.2777777777777778,0.8888888888888888,0.16666666666666666,-0.11390848712922036,-0.18797084691124422,0.19816573444369867,2.519998550415039,0.12799978256225586,NVDA
2022-06-30,-0.012745507425421687,-0.12593260292139796,-0.2188362750236571,-0.19106819679729725,-0.1806248446708434,0.22078041804952891,0.2035650098145753,-0.28877677395011425,-0.008474188656593662,-0.14537012317364195,52.268095291582576,0.4094491128055038,0.3333333333333333,0.2777777777777778,0.8888888888888888,-0.11390848712922036,-0.012745507425421687,0.024310151140368275,2.519998550415039,0.12799978256225586,TLT
2022-06-30,-0.17073447224791793,-0.0540039406574101,0.3153810973979325,0.38940648019788515,0.6754663418413112,0.49042204316286714,0.4215264135555981,-0.22570017074297144,-0.10534064480011196,0.0814144107465733,36.97846532509068,-0.461178699569435,0.9444444444444444,0.7222222222222222,0.2222222222222222,-0.11390848712922036,-0.17073447224791793,0.09662965037085591,2.519998550415039,0.12799978256225586,XLE
2022-06-30,-0.10860885521281338,-0.1749047567611126,-0.18716106211954764,-0.12696890279342177,-0.02059707199019989,0.2774691450931737,0.26267072969171995,-0.2525187827593538,-0.06628020089938269,-0.15715518948189366,39.55658270744204,0.05825223184681105,0.5,0.3888888888888889,0.3888888888888889,-0.11390848712922036,-0.10860885521281338,0.07186017434698466,2.519998550415039,0.12799978256225586,XLF
2022-06-30,-0.09255716873699904,-0.1980724945705853,-0.2656245630981583,-0.13211149783167064,-0.04358878348250206,0.36760067337815105,0.3708781675042715,-0.2996422808280913,-0.06424352607295347,-0.16983761781516438,42.373157240133246,0.11956428419579224,0.4444444444444444,0.5555555555555556,0.5,-0.11390848712922036,-0.09255716873699904,0.1345186065921684,2.519998550415039,0.12799978256225586,XLK
2022-06-30,-0.026080565714078685,-0.059921587667745024,-0.08309246305804074,0.03323923204573509,0.06090832123429912,0.24597954155278717,0.22727704851926506,-0.16061082345550148,-0.0036463158942564577,-0.02147015363905036,52.76743729706245,0.7456614065652301,0.8333333333333334,0.3333333333333333,0.7777777777777778,-0.11390848712922036,-0.026080565714078685,0.032439037260111325,2.519998550415039,0.12799978256225586,XLV
2022-06-30,-0.1079165681347578,0.04755089540287605,0.42958579205043956,0.42666096586210456,0.599246118582343,0.5062850282502259,0.4062421555703529,-0.18529492694073546,-0.05957145282777454,0.15185586347294389,40.64767669405544,-0.9252515302853215,1.0,0.7777777777777778,0.4444444444444444,-0.11390848712922036,-0.1079165681347578,0.13183109106207214,2.519998550415039,0.12799978256225586,XOM
2022-07-29,0.1886338780878163,0.032342367635682434,-0.06764996698865866,0.12051596914359464,-0.0573077296549922,0.25793083427812274,0.39818194596319073,-0.2834624307272682,0.1267905036701289,0.024221262124345833,70.166249870096,1.1881747421031852,0.8888888888888888,0.5,0.7777777777777778,0.12200456539425414,0.1886338780878163,-0.031208036448998833,-7.379999160766602,-0.3299999237060547,AAPL
2022-07-29,0.27059597129750057,0.0858413764420427,-0.09776801695168214,-0.18890250385941765,-0.361640116557028,0.5430668344291454,0.6199099138556821,-0.4516282050569048,0.18423666390368787,-0.07979114903269413,68.2252712947032,1.5818694520352061,0.2777777777777778,0.8888888888888888,0.9444444444444444,0.12200456539425414,0.27059597129750057,-0.06061504624052039,-7.379999160766602,-0.3299999237060547,AMZN
2022-07-29,0.20318230010918303,-0.38345658665444504,-0.381426721127767,-0.43638393311321366,-0.5315622023066322,0.5805620480907107,0.6565366581479338,-0.7185358095700161,0.10240186113069027,-0.3053715872777598,60.589749533062104,253.27777591189178,0.05555555555555555,0.9444444444444444,0.8888888888888888,0.12200456539425414,0.20318230010918303,-0.1577369065173435,-7.379999160766602,-0.3299999237060547,BTC-USD
2022-07-29,0.6184848487621166,-0.38648747193308075,-0.3574301233563312,-0.29978354571359744,-0.5673629846940138,1.0547252430391272,0.9736567480822662,-0.7935123166505245,0.3505712990261618,-0.2656896984589514,67.21081402658697,30.935781328826167,0.1111111111111111,1.0,1.0,0.12200456539425414,0.6184848487621166,-0.10056810448622489,-7.379999160766602,-0.3299999237060547,ETH-USD
2022-07-29,-0.0258815174913124,-0.07240968454819718,-0.023737226017629398,-0.03368272861855759,-0.008008482815308415,0.13874447042121207,0.14133113850587137,-0.17476895295670025,-0.020404911037917417,-0.04487261444641444,51.97072919713841,0.7924115832722016,0.6666666666666666,0.2222222222222222,0.05555555555555555,0.12200456539425414,-0.0258815174913124,-0.02943328245830701,-7.379999160766602,-0.3299999237060547,GLD
2022-07-29,0.06751838558623735,0.01937194222150662,-0.14030300206625934,-0.13662112533937187,-0.19122809844020072,0.47938014532941925,0.43815565211652757,-0.29911205684775866,0.038134000027802095,-0.10842783964101699,55.83477802052368,0.31863511026151453,0.3333333333333333,0.7777777777777778,0.4444444444444444,0.12200456539425414,0.06751838558623735,-0.0696354993670053,-7.379999160766602,-0.3299999237060547,GOOGL
2022-07-29,0.02961485118598106,0.02703666967214624,-0.059202492815643715,-0.09630853488234303,-0.12230144691801681,0.10055835750542692,0.10701935808071905,-0.16179764550274645,0.02877337391873236,-0.027570843126469735,66.17819478486052,0.23295460790484485,0.4444444444444444,0.1111111111111111,0.2222222222222222,0.12200456539425414,0.02961485118598106,-0.03853843055376782,-7.379999160766602,-0.3299999237060547,IEF
2022-07-29,-0.01684400403346331,-0.026701348878519493,0.025996720361440184,0.039396543383181326,0.05720409339654675,0.13690485870247235,0.1747663420685034,-0.1202764419530904,-0.007321396351608778,0.02629800385729064,48.982729975882734,-0.030940966956152005,0.8333333333333334,0.16666666666666666,0.1111111111111111,0.12200456539425414,-0.01684400403346331,-0.0693099514760327,-7.379999160766602,-0.3299999237060547,JNJ
2022-07-29,0.03348210385912731,-0.024962932580813835,-0.21101551675568153,-0.218233222206348,-0.24356041108553772,0.2824773258510838,0.3114657702251726,-0.35719589721298983,-0.019759894285386492,-0.17158117620892,51.29715959670716,0.5205865061361314,0.16666666666666666,0.5555555555555556,0.3333333333333333,0.12200456539425414,0.03348210385912731,-0.014129742944218648,-7.379999160766602,-0.3299999237060547,JPM
2022-07-29,0.04444403777357753,0.025367917809286045,-0.09080882334390383,-0.1364013468826789,-0.17314990379164907,0.09759658326037846,0.11804018864539256,-0.19650117885562668,0.029778150153576988,-0.051676246703673656,66.80101981204965,0.30120970183684315,0.3888888888888889,0.05555555555555555,0.3888888888888889,0.12200456539425414,0.04444403777357753,-0.044291169950989806,-7.379999160766602,-0.3299999237060547,LQD
2022-07-29,0.09309687674355116,0.01395922588927645,-0.09326712185526864,-0.006589974288890965,-0.09119672112632837,0.3485701027996627,0.3710538127846782,-0.2908212058077433,0.07585249236265201,-0.04774970388637789,63.78756128868062,2.2095697420903577,0.7222222222222222,0.6666666666666666,0.5555555555555556,0.12200456539425414,0.09309687674355116,-0.0666634473576565,-7.379999160766602,-0.3299999237060547,MSFT
2022-07-29,0.19816573444369867,-0.020497573955897463,-0.2579460787274678,-0.06788213411072996,-0.2220459665189417,0.5256362836715105,0.6722119032774483,-0.5646475775218911,0.08112294417293708,-0.21818084132931015,60.53617741140789,0.27703716303891646,0.5,0.8333333333333334,0.8333333333333334,0.12200456539425414,0.19816573444369867,-0.16896974466941095,-7.379999160766602,-0.3299999237060547,NVDA
2022-07-29,0.024310151140368275,-0.011532023852098061,-0.16725256099743857,-0.20109510754582693,-0.22005567203961685,0.1649107223379097,0.2031684011431435,-0.28877677395011425,0.021795999488307904,-0.10565115342230491,56.291653128765304,0.21712138081905563,0.2222222222222222,0.2777777777777778,0.16666666666666666,0.12200456539425414,0.024310151140368275,-0.045531179338547556,-7.379999160766602,-0.3299999237060547,TLT
2022-07-29,0.09662965037085591,0.05521509205221431,0.21447133150070052,0.6618708228690326,0.515434880232378,0.36279110233011236,0.43700038924602025,-0.26043735879211327,0.011007558930848038,0.14943989523696244,61.4949497577025,0.5162487246778886,0.9444444444444444,0.7222222222222222,0.6111111111111112,0.12200456539425414,0.09662965037085591,0.026523935475713634,-7.379999160766602,-0.3299999237060547,XLE
2022-07-29,0.07186017434698466,-0.017974634893947128,-0.12897339027456578,-0.05987680099040371,-0.12290500056842502,0.21694720313974084,0.2723533470979616,-0.2525187827593538,0.03131106738961331,-0.08379699229113236,61.97215347931236,0.2151202073233197,0.5555555555555556,0.3888888888888889,0.5,0.12200456539425414,0.07186017434698466,-0.019578929129450473,-7.379999160766602,-0.3299999237060547,XLF
2022-07-29,0.1345186065921684,0.022449390218223675,-0.10562479717225226,-0.052207932823139624,-0.16458658177162155,0.25742965200511947,0.361504875440075,-0.2996422808280913,0.0827725856431345,-0.047091545866956075,66.21054508898446,0.6168292427928075,0.6111111111111112,0.4444444444444444,0.7222222222222222,0.12200456539425414,0.1345186065921684,-0.06212739731878614,-7.379999160766602,-0.3299999237060547,XLK
2022-07-29,0.032439037260111325,0.0204845998370613,0.016335265586685965,0.01670838064736735,-0.015236402387970416,0.16991012445686748,0.21435468199797117,-0.16061082345550148,0.030994401457047793,0.008513924596505351,59.01715663604125,0.3430644642118401,0.7777777777777778,0.3333333333333333,0.2777777777777778,0.12200456539425414,0.032439037260111325,-0.057703763300690825,-7.379999160766602,-0.3299999237060547,XLV
2022-07-29,0.13183109106207214,0.14865552578195929,0.3034292855263474,0.769285327328642,0.5632061544345848,0.343259026524831,0.4166026139671189,-0.20508628406656537,0.05997927382813639,0.2518125373849007,65.92132189511324,1.1107144576863437,1.0,0.6111111111111112,0.6666666666666666,0.12200456539425414,0.13183109106207214,-0.004242555753421473,-7.379999160766602,-0.3299999237060547,XOM
2022-08-31,-0.031208036448998833,0.05776936819597611,-0.04512040684606333,0.041302731939547144,0.07484658328787686,0.2680216353966042,0.3121423820143018,-0.2834624307272682,0.0083770532666807,-0.021149809770022565,39.38351264001544,-2.2677331854873986,0.8888888888888888,0.6111111111111112,0.7222222222222222,-0.056319958435314406,-0.031208036448998833,-0.12097709110914967,4.540000915527344,0.4909999370574951,AAPL
2022-08-31,-0.06061504624052039,0.05457549774373094,-0.17447566327384845,-0.26950352520885934,-0.22236728205231915,0.35701331753032134,0.48455637610858704,-0.4516282050569048,0.010045452138655042,-0.1124022220974853,41.52835497913185,-2.3044484331529667,0.2222222222222222,0.8333333333333334,0.4444444444444444,-0.056319958435314406,-0.06061504624052039,-0.10862189009783763,4.540000915527344,0.4909999370574951,AMZN
2022-08-31,-0.1577369065173435,-0.36935179208464997,-0.5358124029841189,-0.5749168590252389,-0.49530836117121857,0.46223846902097,0.47837795793732535,-0.7185358095700161,-0.10265946230272949,-0.3596514573537841,36.57622379515259,-227.76458697350938,0.05555555555555555,0.8888888888888888,0.1111111111111111,-0.056319958435314406,-0.1577369065173435,-0.030822039575552185,4.540000915527344,0.4909999370574951,BTC-USD
2022-08-31,-0.10056810448622489,-0.20009136758572432,-0.46777051492977195,-0.5475230346553812,-0.496930264980036,0.738071849154206,0.8227522114662827,-0.7935123166505245,-0.042876102211509726,-0.2787922867506517,44.92156499386887,-27.188873242360888,0.1111111111111111,1.0,0.16666666666666666,-0.056319958435314406,-0.10056810448622489,-0.14527160141821982,4.540000915527344,0.4909999370574951,ETH-USD
2022-08-31,-0.02943328245830701,-0.06935839172327041,-0.10713084475418622,-0.06140608179048923,-0.03294240236587209,0.12318247241963473,0.13526403752963556,-0.17476895295670025,-0.028394731794345374,-0.07039424764331281,34.46732543734578,-0.5057129233427947,0.7777777777777778,0.1111111111111111,0.7777777777777778,-0.056319958435314406,-0.02943328245830701,-0.028881810636775418,4.540000915527344,0.4909999370574951,GLD
2022-08-31,-0.0696354993670053,-0.04871557786986347,-0.19870867305248052,-0.2520948083987452,-0.19611594048096148,0.3020713333915405,0.39915213647280295,-0.29911205684775866,-0.05355340273533338,-0.14961640483905314,36.65136803833112,-1.3226644153811755,0.3333333333333333,0.6666666666666666,0.2222222222222222,-0.056319958435314406,-0.0696354993670053,-0.1161523448890962,4.540000915527344,0.4909999370574951,GOOGL
2022-08-31,-0.03853843055376782,-0.018612535090127946,-0.09270051391405965,-0.12769500839151637,-0.09273025638362187,0.08499968564195837,0.10756979403288983,-0.16179764550274645,-0.01741114244830555,-0.054700635683403,36.13698676384272,-0.23753849004280558,0.5555555555555556,0.05555555555555555,0.6666666666666666,-0.056319958435314406,-0.03853843055376782,-0.047349615622371055,4.540000915527344,0.4909999370574951,IEF
2022-08-31,-0.0693099514760327,-0.09528171980960665,-0.006697722037799836,-0.043523873600935126,0.02770640764451393,0.14742373508142026,0.16422728010278806,-0.12118817700304252,-0.05864183554916913,-0.05011660090164527,31.637881745410695,-0.2913534048505084,0.8333333333333334,0.2222222222222222,0.2777777777777778,-0.056319958435314406,-0.0693099514760327,0.012520213288736759,4.540000915527344,0.4909999370574951,JNJ
2022-08-31,-0.014129742944218648,-0.13229973649796578,-0.1848626032630889,-0.26864635799506775,-0.25816441182731453,0.2616738602682643,0.2747295138076682,-0.35719589721298983,-0.0129761087973429,-0.14975344593942275,42.51053094016699,-0.6660224119463745,0.2777777777777778,0.5,0.8888888888888888,-0.056319958435314406,-0.014129742944218648,-0.08115714961156373,4.540000915527344,0.4909999370574951,JPM
2022-08-31,-0.044291169950989806,-0.037977629309505434,-0.1121538734167743,-0.17180283325699097,-0.13342103713686748,0.12377239116452599,0.12219091675427017,-0.19650117885562668,-0.021353299527734904,-0.07782250281435088,36.28210160612539,-0.33925846257785375,0.4444444444444444,0.16666666666666666,0.6111111111111112,-0.056319958435314406,-0.044291169950989806,-0.0597984877288491,4.540000915527344,0.4909999370574951,LQD
2022-08-31,-0.0666634473576565,-0.03621220652212831,-0.12100394080168297,-0.1266074599307514,-0.06422550622644008,0.24441379725845852,0.3205354813369419,-0.2908212058077433,-0.03110474499711635,-0.09776185413735827,35.71882575326194,-3.5318934799098844,0.6111111111111112,0.4444444444444444,0.3333333333333333,-0.056319958435314406,-0.0666634473576565,-0.1092666814847637,4.540000915527344,0.4909999370574951,MSFT
2022-08-31,-0.16896974466941095,-0.1914528472272169,-0.380776579640113,-0.32536908240989715,-0.18819933057463656,0.5977953640108669,0.5892518785355105,-0.5646475775218911,-0.11044634645060103,-0.3239984763085968,34.80581139288192,-0.3901294200089439,0.16666666666666666,0.9444444444444444,0.05555555555555555,-0.056319958435314406,-0.16896974466941095,-0.19553413978888057,4.540000915527344,0.4909999370574951,NVDA
2022-08-31,-0.045531179338547556,-0.03478882508453618,-0.19197356470656435,-0.23486805978320635,-0.1983688480399467,0.1800063323982244,0.198585884222041,-0.28877677395011425,-0.027480296486882216,-0.12407584455593712,40.59873966099255,-0.23143268060812716,0.3888888888888889,0.3333333333333333,0.5555555555555556,-0.056319958435314406,-0.045531179338547556,-0.082350740985915,4.540000915527344,0.4909999370574951,TLT
2022-08-31,0.026523935475713634,-0.06648204249012668,0.16437251090555272,0.7408445079527515,0.6958635330271246,0.324780243998867,0.40049761444837007,-0.26043735879211327,0.07634714928655417,0.13719552259048395,55.666923585716184,0.08536807258559298,0.9444444444444444,0.7222222222222222,1.0,-0.056319958435314406,0.026523935475713634,-0.09558728807723382,4.540000915527344,0.4909999370574951,XLE
2022-08-31,-0.019578929129450473,-0.06325995473410628,-0.1340556902462553,-0.12340925075369236,-0.10590380471122218,0.20955745578894008,0.23800738925974854,-0.2525187827593538,-0.0017518733872253778,-0.0869182203948976,40.87461874510693,-0.2703759324577894,0.6666666666666666,0.3888888888888889,0.8333333333333334,-0.056319958435314406,-0.019578929129450473,-0.07655942961803985,4.540000915527344,0.4909999370574951,XLF
2022-08-31,-0.06212739731878614,-0.0344500485682,-0.118179693703937,-0.14164353777804906,-0.08478351988525956,0.2671184186297184,0.3035657692512144,-0.2996422808280913,-0.024093940665487312,-0.09613755006959368,36.03546493123086,-0.9464999354899523,0.5,0.5555555555555556,0.3888888888888889,-0.056319958435314406,-0.06212739731878614,-0.11967130434944251,4.540000915527344,0.4909999370574951,XLK
2022-08-31,-0.057703763300690825,-0.05250940890965006,-0.03295232195927689,-0.06364147232368644,-0.0063013188334428705,0.15200652527859032,0.19066035208581725,-0.16061082345550148,-0.040788706960694254,-0.050194718433870245,32.06383627579963,-0.9002503927852787,0.7222222222222222,0.2777777777777778,0.5,-0.056319958435314406,-0.057703763300690825,-0.025386856295955496,4.540000915527344,0.4909999370574951,XLV
2022-08-31,-0.004242555753421473,0.005404107374090028,0.24340042480024282,0.832600305261386,0.8404083402539755,0.34505649206010003,0.4015758797489624,-0.20508628406656537,0.06413639055500697,0.18920411745252363,54.47599692573779,0.14116356070943437,1.0,0.7777777777777778,0.9444444444444444,-0.056319958435314406,-0.004242555753421473,-0.08662013692145021,4.540000915527344,0.4909999370574951,XOM
2022-09-30,-0.12097709110914967,0.012229116383814187,-0.20625809343671364,-0.017848523209083478,0.11732182046335238,0.36648705300908685,0.3063784353513271,-0.2834624307272682,-0.1345739461618627,-0.13367830629720523,28.54123438390161,-1.3041193379892193,0.8333333333333334,0.7222222222222222,0.16666666666666666,-0.08430491082901997,-0.12097709110914967,0.10955139246183188,5.75,0.6710000038146973,AAPL
2022-09-30,-0.10862189009783763,0.0639299592699083,-0.3067378230185456,-0.3120327255934575,-0.22819814984905362,0.39090943563226965,0.4380919925921886,-0.4516282050569048,-0.12878151510991387,-0.17711180989788367,34.50501935526353,-0.9575683221704621,0.2777777777777778,0.8333333333333334,0.3888888888888889,-0.08430491082901997,-0.10862189009783763,-0.09345130582826322,5.75,0.6710000038146973,AMZN
2022-09-30,-0.030822039575552185,-0.01783888692548108,-0.57329042337896,-0.5562595998436819,-0.5421476568018697,0.45628893771755497,0.4664447087534078,-0.7185358095700161,-0.05801012082328716,-0.3124537053941586,46.41263006100994,77.4258164362841,0.1111111111111111,0.8888888888888888,0.8333333333333334,-0.08430491082901997,-0.030822039575552185,0.05475483351418764,5.75,0.6710000038146973,BTC-USD
2022-09-30,-0.14527160141821982,0.24424257077867062,-0.5953311467399476,-0.5575880506978639,-0.48239469984124284,0.6791053160968185,0.6662528114014846,-0.7935123166505245,-0.15278342432588154,-0.32497489149890946,39.98981552296086,2.06276523171573,0.05555555555555555,1.0,0.1111111111111111,-0.08430491082901997,-0.14527160141821982,0.184292000561459,5.75,0.6710000038146973,ETH-USD
2022-09-30,-0.028881810636775418,-0.08185924252243737,-0.1438139861904787,-0.05815371441218731,-0.03014247297191075,0.15195632556225902,0.1369248552765209,-0.21032844203783363,-0.0372345711601213,-0.09064346164261516,41.225533736175244,0.047145908288543925,0.7222222222222222,0.16666666666666666,0.8888888888888888,-0.08430491082901997,-0.028881810636775418,-0.017844407703562548,5.75,0.6710000038146973,GLD
2022-09-30,-0.1161523448890962,-0.1221791166865751,-0.3122046862763005,-0.284463938939547,-0.19043054883630517,0.3120960284462517,0.3691445831928539,-0.3616459988826226,-0.13170331584441208,-0.22112344039133014,30.241412692359333,-0.3561592911822675,0.3333333333333333,0.6111111111111112,0.2777777777777778,-0.08430491082901997,-0.1161523448890962,-0.011918552134511984,5.75,0.6710000038146973,GOOGL
2022-09-30,-0.047349615622371055,-0.05693793623851018,-0.09907473805905986,-0.15551106047878238,-0.11353739696129317,0.13123323599744863,0.10934358366124776,-0.17802081453334972,-0.05001396305253303,-0.08541806897154747,34.58924721881492,-0.09734914079892709,0.6666666666666666,0.05555555555555555,0.7777777777777778,-0.08430491082901997,-0.047349615622371055,-0.014540372309693628,5.75,0.6710000038146973,IEF
2022-09-30,0.012520213288736759,-0.07353033420525967,-0.06610358848247211,0.0381915934017345,0.025353943334736284,0.1995423731204523,0.16085765238229455,-0.12124255513141446,-0.02084778975551338,-0.04184649517004335,44.393210469364824,0.06883382095584312,0.8888888888888888,0.2222222222222222,1.0,-0.08430491082901997,0.012520213288736759,0.06494838726217833,5.75,0.6710000038146973,JNJ
2022-09-30,-0.08115714961156373,-0.06381006974587966,-0.220908172115155,-0.34335496175666136,-0.28535653516186665,0.26545509980240717,0.2647966206240445,-0.3780275795213669,-0.09320476599730265,-0.19018849738322652,31.166242755857496,-1.0364186229990742,0.2222222222222222,0.4444444444444444,0.6111111111111112,-0.08430491082901997,-0.08115714961156373,0.21537089861858272,5.75,0.6710000038146973,JPM
2022-09-30,-0.0597984877288491,-0.061505527567951246,-0.14037031019778223,-0.20940975342844925,-0.1591268081862569,0.14493644264811714,0.12546714618506394,-0.23093332459768856,-0.06655369390889143,-0.11430810148078407,30.860735650084266,-0.2740510927750006,0.4444444444444444,0.1111111111111111,0.7222222222222222,-0.08430491082901997,-0.0597984877288491,-0.0074523448566361505,5.75,0.6710000038146973,LQD
2022-09-30,-0.1092666814847637,-0.09124957757958219,-0.24122488535147413,-0.16696043207257272,-0.06477107051971376,0.2764368310150114,0.29388601393600844,-0.31677402423056766,-0.12055107121630748,-0.17081507986268407,29.338329267086507,-0.46838919141838264,0.6111111111111112,0.5555555555555556,0.3333333333333333,-0.08430491082901997,-0.1092666814847637,-0.0033061362622882617,5.75,0.6710000038146973,MSFT
2022-09-30,-0.19553413978888057,-0.19898370852516234,-0.5548935052613742,-0.41355813088615134,-0.2710170833601986,0.5282350843626004,0.5523135388768137,-0.6360040216964284,-0.23155640995765503,-0.40606761903530053,31.748114789267362,0.033983906361801264,0.16666666666666666,0.9444444444444444,0.05555555555555555,-0.08430491082901997,-0.19553413978888057,0.11187076264712292,5.75,0.6710000038146973,NVDA
2022-09-30,-0.082350740985915,-0.10283992008637932,-0.21582162418707096,-0.2768551923776402,-0.21195947087746714,0.24053511303027453,0.20616678584478332,-0.33624484838384316,-0.08292854631052271,-0.1686362634175934,35.46418837919208,-0.18468803300353187,0.3888888888888889,0.3888888888888889,0.5555555555555556,-0.08430491082901997,-0.082350740985915,-0.059644280895430835,5.75,0.6710000038146973,TLT
2022-09-30,-0.09558728807723382,0.018112389006135654,-0.03686969203232571,0.44535032236316097,0.5981092517932112,0.389750551774088,0.35763190765658226,-0.26043735879211327,-0.05802407266962284,-0.004912090830578308,40.3855103452362,-0.31734228254153274,0.9444444444444444,0.7777777777777778,0.4444444444444444,-0.08430491082901997,-0.09558728807723382,0.24965285575829488,5.75,0.6710000038146973,XLE
2022-09-30,-0.07655942961803985,-0.02958003704818224,-0.19931110462439783,-0.17532582703657484,-0.10695479556164889,0.23385215991647212,0.2202564450345872,-0.25633873340982327,-0.08634587707097141,-0.14195277607575096,31.525008575466842,-0.22797511633699163,0.5555555555555556,0.3333333333333333,0.6666666666666666,-0.08430491082901997,-0.07655942961803985,0.11923581348391799,5.75,0.6710000038146973,XLF
2022-09-30,-0.11967130434944251,-0.06330040852671337,-0.24883483327307532,-0.19749833190353638,-0.08840678253317658,0.2665080382175216,0.26955537106507094,-0.3229364711374072,-0.13610257895368927,-0.18181852217681815,25.79001348399629,-0.3412208413561444,0.5,0.5,0.2222222222222222,-0.08430491082901997,-0.11967130434944251,0.07652827606931667,5.75,0.6710000038146973,XLK
2022-09-30,-0.025386856295955496,-0.0518345243930427,-0.10865010506315409,-0.03411106491393723,-0.00895145799575936,0.21311636001403747,0.1779135043389614,-0.16061082345550148,-0.055876929705935496,-0.07023475647440147,36.909931107179,-0.2670439516261487,0.7777777777777778,0.2777777777777778,0.9444444444444444,-0.08430491082901997,-0.025386856295955496,0.09611120136722029,5.75,0.6710000038146973,XLV
2022-09-30,-0.08662013692145021,0.029405807943172713,0.07835497584379159,0.5514935698965364,0.6986290508608568,0.3329607362610483,0.3363552371028776,-0.20508628406656537,-0.0569361408324881,0.0427392674130902,40.433224089285424,-0.6332790491414921,1.0,0.6666666666666666,0.5,-0.08430491082901997,-0.08662013692145021,0.2691559411858464,5.75,0.6710000038146973,XOM
2022-10-31,0.10955139246183188,-0.055116763640574606,-0.024557002637444536,0.029367113407154255,-0.07226729613377125,0.4236279594894712,0.36015750465033,-0.2834624307272682,0.012568941630971109,-0.01948887949449496,56.35980015539341,1.6740132105278098,0.8333333333333334,0.7222222222222222,0.6666666666666666,0.07462860905219845,0.10955139246183188,-0.03302744363434784,-5.740001678466797,0.27300024032592773,AAPL
2022-10-31,-0.09345130582826322,-0.24090400327541028,-0.175742158064927,-0.39248554332685504,-0.3298600940259506,0.5209347612008184,0.42221997120065435,-0.4516282050569048,-0.15270497198680144,-0.22246243798444276,32.50110763474174,-0.8060103431970775,0.2222222222222222,0.9444444444444444,0.05555555555555555,0.07462860905219845,-0.09345130582826322,-0.05759470309709913,-5.740001678466797,0.27300024032592773,AMZN
2022-10-31,0.05475483351418764,-0.1390006475236405,-0.4691565203359127,-0.6706340390696782,-0.6877322099269703,0.24673655320725416,0.40625103437375737,-0.7185358095700161,0.044325054439652956,-0.1662144937765494,58.440256840333674,149.9546773589084,0.05555555555555555,0.3888888888888889,0.4444444444444444,0.07462860905219845,0.05475483351418764,-0.16233625149087516,-5.740001678466797,0.27300024032592773,BTC-USD
2022-10-31,0.184292000561459,-0.08955185804906796,-0.4414286587578543,-0.6437588322871644,-0.6991948205814563,0.48557062090360675,0.5410396030308141,-0.7935123166505245,0.1409084398961653,-0.07041568264711828,65.35514860653859,31.89613555340857,0.1111111111111111,0.8333333333333334,0.8333333333333334,0.07462860905219845,0.184292000561459,-0.17614505548377224,-5.740001678466797,0.27300024032592773,ETH-USD
2022-10-31,-0.017844407703562548,-0.0742839853017232,-0.14131478990723978,-0.0884487895242938,-0.07188716571439246,0.16436230467057364,0.14517479379342685,-0.21032844203783363,-0.03083017519006237,-0.09933997114704951,39.610986436388885,0.02511408065860965,0.7222222222222222,0.16666666666666666,0.16666666666666666,0.07462860905219845,-0.017844407703562548,0.0849186596373046,-5.740001678466797,0.27300024032592773,GLD
2022-10-31,-0.011918552134511984,-0.18750014888542388,-0.17176044871464957,-0.3616174765133694,-0.35391710383217667,0.4660863920617961,0.36364270553936634,-0.3845372366339529,-0.08095324589626662,-0.20021299375814905,41.19099189459532,-0.24631087077152025,0.2777777777777778,0.7777777777777778,0.2777777777777778,0.07462860905219845,-0.011918552134511984,0.068564473457567,-5.740001678466797,0.27300024032592773,GOOGL
2022-10-31,-0.014540372309693628,-0.09738132742281147,-0.07297752453243089,-0.16408764705936751,-0.15175383196588044,0.1027884978656237,0.1067861873858542,-0.19061301672777542,-0.02802649802731294,-0.08188193306085967,43.50850535733784,0.2270245140171253,0.6111111111111112,0.05555555555555555,0.2222222222222222,0.07462860905219845,-0.014540372309693628,0.036122673172579,-5.740001678466797,0.27300024032592773,IEF
2022-10-31,0.06494838726217833,0.003546111179918876,-0.023249923650377702,0.09625349495851299,0.02939589192375358,0.16694782292668836,0.17435084439964108,-0.12739780543282198,0.05077562268048341,0.02083219737123465,67.15190452126588,0.9624182537519306,0.8888888888888888,0.2222222222222222,0.5,0.07462860905219845,0.06494838726217833,0.029768901797389002,-5.740001678466797,0.27300024032592773,JNJ
2022-10-31,0.21537089861858272,0.10095568424638435,0.07347260172607806,-0.23566349067401848,-0.3711084326646762,0.39834714684443784,0.3226072726820136,-0.3877157439338341,0.1069852832355136,0.019384856991200072,69.0933284615891,1.4094310406660382,0.4444444444444444,0.6666666666666666,0.8888888888888888,0.07462860905219845,0.21537089861858272,0.097712129292711,-5.740001678466797,0.27300024032592773,JPM
2022-10-31,-0.0074523448566361505,-0.10813748339920537,-0.08551278838089338,-0.21944623272192054,-0.21358560142350436,0.1274208621410672,0.13128890168127877,-0.2454190292770655,-0.031653346354219125,-0.09846495576810788,44.738887268525964,0.316608675902734,0.5,0.1111111111111111,0.3333333333333333,0.07462860905219845,-0.0074523448566361505,0.06647621082904731,-5.740001678466797,0.27300024032592773,LQD
2022-10-31,-0.0033061362622882617,-0.17139460466322542,-0.15982791477664615,-0.29414960294466364,-0.29180822443481325,0.4869123741131551,0.3489519341141126,-0.3387463549893053,-0.05992231441672691,-0.1456053605764921,44.73543546378236,0.3800771388864632,0.3888888888888889,0.8888888888888888,0.3888888888888889,0.07462860905219845,-0.0033061362622882617,0.10222282447562359,-5.740001678466797,0.27300024032592773,MSFT
2022-10-31,0.11187076264712292,-0.2566749579861666,-0.27191131800811574,-0.4716698486537755,-0.5248277325969206,0.5883150765291085,0.574421470773826,-0.663350915259306,0.006561824899559365,-0.2791932542095388,56.54629151159987,0.2860170894808807,0.16666666666666666,1.0,0.7222222222222222,0.07462860905219845,0.11187076264712292,0.2541551382415801,-5.740001678466797,0.27300024032592773,NVDA
2022-10-31,-0.059644280895430835,-0.17637288748935342,-0.18587097499606087,-0.33634575085740626,-0.2942519137603137,0.19635002626651055,0.20415860949024556,-0.3910114407016708,-0.07499037817787924,-0.18640959714425853,38.851324533508944,0.26288049468470565,0.3333333333333333,0.2777777777777778,0.1111111111111111,0.07462860905219845,-0.059644280895430835,0.0715103219521569,-5.740001678466797,0.27300024032592773,TLT
2022-10-31,0.24965285575829488,0.16017933125751083,0.22423873982997078,0.637101777169069,0.3100452414648134,0.3405490343328782,0.3613072726579954,-0.26043735879211327,0.12333715918528876,0.19520612331568477,71.73492192838168,0.2909003073241738,0.9444444444444444,0.5555555555555556,0.9444444444444444,0.07462860905219845,0.24965285575829488,0.012777784131409842,-5.740001678466797,0.27300024032592773,XLE
2022-10-31,0.11923581348391799,0.013311999689809895,-0.004901913538269853,-0.13958349344862253,-0.23124644852713994,0.3136334905284444,0.259284118015953,-0.2580533369853154,0.04798574842370318,-0.018935109420750385,63.0140629047917,0.328848211706142,0.6666666666666666,0.4444444444444444,0.7777777777777778,0.07462860905219845,0.11923581348391799,0.06856976953722471,-5.740001678466797,0.27300024032592773,XLF
2022-10-31,0.07652827606931667,-0.1111793226269584,-0.0912258404065851,-0.20138755017268994,-0.25815933721383444,0.36908850954369893,0.30657995918939723,-0.33559072094357156,-0.0031944935081887893,-0.08849281770540829,54.74977924730995,0.6509757785704107,0.5555555555555556,0.6111111111111112,0.5555555555555556,0.07462860905219845,0.07652827606931667,0.06326720858118784,-5.740001678466797,0.27300024032592773,XLK
2022-10-31,0.09611120136722029,0.006640354592312159,0.027260979435973054,0.007138219894900821,-0.08117149187175543,0.21755272710370802,0.1989725502449676,-0.16061082345550148,0.052842363735405184,0.027388628669996695,65.3631601108253,0.9456746273686503,0.7777777777777778,0.3333333333333333,0.6111111111111112,0.07462860905219845,0.09611120136722029,0.04723153626011101,-5.740001678466797,0.27300024032592773,XLV
2022-10-31,0.2691559411858464,0.1543034180271019,0.3258969995458336,0.7965213158522977,0.41552448958612853,0.3351594726378292,0.3482176049613969,-0.20508628406656537,0.13883245606142425,0.25988001745209854,72.85899362356568,0.6801038962786778,1.0,0.5,1.0,0.07462860905219845,0.2691559411858464,0.01287175846399169,-5.740001678466797,0.27300024032592773,XOM
2022-11-30,-0.03302744363434784,-0.05689126984441106,-0.002408474363213342,-0.09927919049787204,-0.0685146092589537,0.47596357619841967,0.4238597688051936,-0.2834624307272682,0.0152676487524539,-0.03742611246701244,51.495435766691905,-0.2025030317166973,0.6666666666666666,0.7222222222222222,0.2222222222222222,0.0326147742290994,-0.03302744363434784,-0.12227255415652016,-5.299999237060547,-0.37400007247924805,AAPL
2022-11-30,-0.05759470309709913,-0.23846333145101073,-0.19690208871484693,-0.4494549540561681,-0.4158086252771175,0.6090450475231268,0.5068470317237294,-0.5338820133249675,-0.08951670310307758,-0.23223172381789614,46.40955299644281,0.8712452189775313,0.2222222222222222,0.8888888888888888,0.16666666666666666,0.0326147742290994,-0.05759470309709913,-0.1298943525647971,-5.299999237060547,-0.37400007247924805,AMZN
2022-11-30,-0.16233625149087516,-0.14370230556216612,-0.4599773935607341,-0.6988257491114641,-0.640459251788601,0.48956100530104063,0.4994397982502421,-0.7185358095700161,-0.06910644942156541,-0.20726781186149956,49.1639614824739,154.43095513146807,0.1111111111111111,0.7777777777777778,0.1111111111111111,0.0326147742290994,-0.16233625149087516,-0.032966087869978566,-5.299999237060547,-0.37400007247924805,BTC-USD
2022-11-30,-0.17614505548377224,-0.1660544759273549,-0.3329197763310441,-0.7202430157753038,-0.6604293194004303,0.776271991716836,0.7427648077932637,-0.7935123166505245,-0.030385189849070682,-0.12236505535861941,53.56031388673696,15.58240539199241,0.05555555555555555,1.0,0.05555555555555555,0.0326147742290994,-0.17614505548377224,-0.07444366698036353,-5.299999237060547,-0.37400007247924805,ETH-USD
2022-11-30,0.0849186596373046,0.034783657547064806,-0.03698727272192315,-0.004169199041729632,-0.08211478149782858,0.18686577756123057,0.16994421673323193,-0.21032844203783363,0.047443506419377446,-0.017071103687924416,63.67083485966012,-0.005555091530847545,0.7777777777777778,0.2777777777777778,0.8333333333333334,0.0326147742290994,0.0849186596373046,0.02930648566594085,-5.299999237060547,-0.37400007247924805,GLD
2022-11-30,0.068564473457567,-0.06680825095981913,-0.1122692262777002,-0.288289078975675,-0.3339560328807927,0.4931213542483503,0.42856398286159275,-0.44320037404815904,0.044258339801168,-0.11203308461984585,58.425137558925,0.6617654777864456,0.3333333333333333,0.8333333333333334,0.6666666666666666,0.0326147742290994,0.068564473457567,-0.12634921215613282,-5.299999237060547,-0.37400007247924805,GOOGL
2022-11-30,0.036122673172579,-0.027289595750751627,-0.04539420228237323,-0.14324907833149458,-0.17311825727627617,0.10505968004864535,0.11494111329788569,-0.19061301672777542,0.024962682519001023,-0.03424886888753775,63.57326327108232,0.17955804522423457,0.5555555555555556,0.05555555555555555,0.4444444444444444,0.0326147742290994,0.036122673172579,-0.01488055387280085,-5.299999237060547,-0.37400007247924805,IEF
2022-11-30,0.029768901797389002,0.11038103228002072,0.004582017880414124,0.17152996673511467,0.1376629889388694,0.16167711603885285,0.1746990929881344,-0.12739780543282198,0.05596693207296233,0.04562491037478145,65.90344547338302,0.2020532778299473,0.8888888888888888,0.16666666666666666,0.3888888888888889,0.0326147742290994,0.029768901797389002,-0.007584148108495503,-5.299999237060547,-0.37400007247924805,JNJ
2022-11-30,0.097712129292711,0.22585340186668468,0.06367331981458713,-0.10255369119200497,-0.18243928908187734,0.22422463258200134,0.3131959421556686,-0.3877157439338341,0.14035271297763918,0.1322883917890343,69.4598342942719,-0.23336413658412303,0.6111111111111112,0.3888888888888889,0.8888888888888888,0.0326147742290994,0.097712129292711,-0.02952680491026316,-5.299999237060547,-0.37400007247924805,JPM
2022-11-30,0.06647621082904731,-0.0047699389404014525,-0.04256641727699939,-0.16656966315582966,-0.21851952403487185,0.1499890818840241,0.14429075594241586,-0.2454190292770655,0.04778933383904582,-0.020658934988598943,66.71472681570046,0.25128407887951476,0.5,0.1111111111111111,0.6111111111111112,0.0326147742290994,0.06647621082904731,-0.015511188549292454,-5.299999237060547,-0.37400007247924805,LQD
2022-11-30,0.10222282447562359,-0.021459326072465812,-0.056894443047032284,-0.22099696318862316,-0.29324359874149464,0.452929065743684,0.41461808544217227,-0.37148484613572896,0.07769415692681947,-0.034781849581626334,62.647507095907734,1.3658170563507226,0.3888888888888889,0.6666666666666666,0.9444444444444444,0.0326147742290994,0.10222282447562359,-0.06004526032079327,-5.299999237060547,-0.37400007247924805,MSFT
2022-11-30,0.2541551382415801,0.12179420044633016,-0.09297649323209911,-0.48154916309207163,-0.586613473007147,0.7157945380641464,0.6228884119210787,-0.663350915259306,0.23823005459754643,-0.0476901847770016,64.89951316091182,0.015685479383490852,0.16666666666666666,0.9444444444444444,1.0,0.0326147742290994,0.2541551382415801,-0.13644167486741,-5.299999237060547,-0.37400007247924805,NVDA
2022-11-30,0.0715103219521569,-0.07537581805635807,-0.10754240699092776,-0.30806434793855086,-0.354242663009695,0.21121374595653875,0.21947440650187527,-0.3910114407016708,0.03428387989185744,-0.09657263920695491,60.64737130807261,0.5416166326231089,0.2777777777777778,0.3333333333333333,0.7777777777777778,0.0326147742290994,0.0715103219521569,-0.026200151636036284,-5.299999237060547,-0.37400007247924805,TLT
2022-11-30,0.012777784131409842,0.14464340450232216,0.06854517304815544,0.7454924577395396,0.7234703259575634,0.3188867976245561,0.3600334851796911,-0.26043735879211327,0.07130928153695626,0.166591320872564,54.039562285802575,-0.26889732688153767,0.9444444444444444,0.5555555555555556,0.2777777777777778,0.0326147742290994,0.012777784131409842,-0.030489353830060018,-5.299999237060547,-0.37400007247924805,XLE
2022-11-30,0.06856976953722471,0.1044178895669734,0.03455246386542954,-0.024877530118523006,-0.08745081726972093,0.2382187359211935,0.2676442454843791,-0.2580533369853154,0.09648862579934159,0.06085386714323615,65.54113665026452,-0.009843252844213168,0.7222222222222222,0.4444444444444444,0.7222222222222222,0.0326147742290994,0.06856976953722471,-0.05220421540929254,-5.299999237060547,-0.37400007247924805,XLF
2022-11-30,0.06326720858118784,0.007656986522402542,-0.027056845603380397,-0.18704736970026004,-0.23542019942048698,0.4262472966544313,0.3613009052346562,-0.33559072094357156,0.08274435553231796,-0.009897043163624941,60.57776738711363,0.11099381173079526,0.4444444444444444,0.6111111111111112,0.5555555555555556,0.0326147742290994,0.06326720858118784,-0.08210269550241511,-5.299999237060547,-0.37400007247924805,XLK
2022-11-30,0.04723153626011101,0.11874109642393171,0.05999666272777726,0.08795899289582176,0.03889059412893259,0.16638715432708331,0.2005245993519706,-0.16061082345550148,0.07873146490338345,0.07225701057396106,70.25137698737888,0.1925658146918927,0.8333333333333334,0.2222222222222222,0.5,0.0326147742290994,0.04723153626011101,-0.018776961288828775,-5.299999237060547,-0.37400007247924805,XLV
2022-11-30,0.01287175846399169,0.1741426986797283,0.1804878918958972,0.9344399152606908,0.9098567011032539,0.28330096904351726,0.3300699986506971,-0.20508628406656537,0.07562888937553414,0.2206995634297637,54.763626543963085,-0.6685636374624702,1.0,0.5,0.3333333333333333,0.0326147742290994,0.01287175846399169,-0.009340695745638006,-5.299999237060547,-0.37400007247924805,XOM
2022-12-30,-0.12227255415652016,-0.05828117959216805,-0.046764790536572454,-0.2640418499538276,-0.161518585830559,0.2885215656237596,0.40414963328417197,-0.3034916374928013,-0.09153837680774257,-0.1410124955013834,37.473199141547504,-0.7890859349374093,0.5,0.8333333333333334,0.2222222222222222,-0.05220683845017651,-0.12227255415652016,0.11052091502162464,1.0900001525878906,0.17599987983703613,AAPL
2022-12-30,-0.1298943525647971,-0.2566371681415929,-0.20911401257812123,-0.4961521476592685,-0.4209348556397535,0.33406599592949826,0.49393076071375025,-0.5338820133249675,-0.11149659993262129,-0.29633944146946367,38.902142302288475,-0.0008509084253769394,0.2222222222222222,0.8888888888888888,0.1111111111111111,-0.05220683845017651,-0.1298943525647971,0.22773806254069018,1.0900001525878906,0.17599987983703613,AMZN
2022-12-30,-0.032966087869978566,-0.14559663631074882,-0.1608382413043521,-0.6414627418395624,-0.6292402431154545,0.2523281164775901,0.49014219672644455,-0.7185358095700161,-0.01185905397281517,-0.1601172447524668,43.40836873042935,-16.63490873217799,0.1111111111111111,0.5555555555555556,0.5,-0.05220683845017651,-0.032966087869978566,0.3937156109435136,1.0900001525878906,0.17599987983703613,BTC-USD
2022-12-30,-0.07444366698036353,-0.09694873543509064,0.12361482696717219,-0.6743545041972774,-0.6481624249273936,0.37952161492069186,0.7264401049758911,-0.7935123166505245,-0.02205792607217949,-0.1346730174461409,44.54801738455074,-0.513397997689724,0.05555555555555555,0.9444444444444444,0.3333333333333333,-0.05220683845017651,-0.07444366698036353,0.32295865836261073,1.0900001525878906,0.17599987983703613,ETH-USD
2022-12-30,0.02930648566594085,0.09678671622114754,0.007004586422612924,-0.007721146890383723,-0.035973379233463665,0.15871915698970493,0.1705089575269609,-0.21032844203783363,0.04483348300612988,0.020269464115555413,61.00211929179782,-0.07460181062442106,0.8333333333333334,0.2777777777777778,1.0,-0.05220683845017651,0.02930648566594085,0.05759257431981046,1.0900001525878906,0.17599987983703613,GLD
2022-12-30,-0.12634921215613282,-0.07757439639747654,-0.19027554185471374,-0.3908954954863042,-0.3028055225395724,0.27420600077343144,0.4207384902619714,-0.44320037404815904,-0.06073542258768527,-0.19483466790144122,40.954374917141756,-0.35215533180434133,0.2777777777777778,0.7222222222222222,0.16666666666666666,-0.05220683845017651,-0.12634921215613282,0.12025379399869496,1.0900001525878906,0.17599987983703613,GOOGL
2022-12-30,-0.01488055387280085,0.005863169101856469,-0.05140860388513091,-0.15155189950586934,-0.1387358113479179,0.09886438236863897,0.10222007930199843,-0.19061301672777542,-0.0017963187923616397,-0.037008178274349546,41.10116690156109,-0.32031958935850935,0.6111111111111112,0.05555555555555555,0.8333333333333334,-0.05220683845017651,-0.01488055387280085,0.03581115949288072,1.0900001525878906,0.17599987983703613,IEF
2022-12-30,-0.007584148108495503,0.08833356965299721,0.008308038549609043,0.05974865164959264,0.0678473642170816,0.11479030522784066,0.1488782086419668,-0.12739780543282198,0.012344396518915612,0.029213552526331732,51.46171631095471,-0.2731333094820261,0.8888888888888888,0.1111111111111111,0.9444444444444444,-0.05220683845017651,-0.007584148108495503,-0.07489382143232126,1.0900001525878906,0.17599987983703613,JNJ
2022-12-30,-0.02952680491026316,0.29473485821679146,0.2121177366115563,-0.1264122851836691,-0.09983323677934985,0.1784095976982047,0.2878186586703695,-0.3877157439338341,0.022858252045401706,0.10327981388012297,57.76007495453909,-0.031994909129468396,0.6666666666666666,0.3888888888888889,0.6111111111111112,-0.05220683845017651,-0.02952680491026316,0.051408290702617876,1.0900001525878906,0.17599987983703613,JPM
2022-12-30,-0.015511188549292454,0.04210942776064197,-0.021986062377312154,-0.17921690525195255,-0.16628499460692614,0.11850590723738713,0.13335015771076875,-0.2454190292770655,0.005283866334939713,-0.02552287312973789,42.61178186430925,-0.47949074474583087,0.5555555555555556,0.16666666666666666,0.7777777777777778,-0.05220683845017651,-0.015511188549292454,0.05159833326362362,1.0900001525878906,0.17599987983703613,LQD
2022-12-30,-0.06004526032079327,0.03261428006337419,-0.06161133679505315,-0.28024750149985034,-0.23426898326424628,0.25964300133843304,0.40873164803626294,-0.37148484613572896,-0.0033279790890234917,-0.07734555838429513,46.74990496986494,-1.2464631712686813,0.3888888888888889,0.6666666666666666,0.3888888888888889,-0.05220683845017651,-0.06004526032079327,0.03331649083001409,1.0900001525878906,0.17599987983703613,MSFT
2022-12-30,-0.13644167486741,0.20419618630759095,-0.03541923663575075,-0.5026464624858031,-0.42406491485351183,0.5394850609907271,0.6208384257106377,-0.663350915259306,-0.04591483088562909,-0.14085049415298057,41.05700511930091,-0.35750483806273614,0.16666666666666666,1.0,0.05555555555555555,-0.05220683845017651,-0.13644167486741,0.3368690408023851,1.0900001525878906,0.17599987983703613,NVDA
2022-12-30,-0.026200151636036284,-0.018798435975686534,-0.11970512640857733,-0.3123455774677454,-0.2938441881177625,0.23841227276324906,0.21664190270869085,-0.3910114407016708,-0.009596902532306828,-0.09606602336227088,38.84722452468474,-0.8975293708809085,0.3333333333333333,0.4444444444444444,0.6666666666666666,-0.05220683845017651,-0.026200151636036284,0.07643629644615046,1.0900001525878906,0.17599987983703613,TLT
2022-12-30,-0.030489353830060018,0.2270326943701504,0.24925718785382922,0.6432492906914251,0.694926504606314,0.28345380306245216,0.32155046324183495,-0.26043735879211327,-0.005012976191309915,0.1059151212590741,53.255248938674455,0.1607442032013822,0.9444444444444444,0.7777777777777778,0.5555555555555556,-0.05220683845017651,-0.030489353830060018,0.028123892765907543,1.0900001525878906,0.17599987983703613,XLE
2022-12-30,-0.05220421540929254,0.13354627653534146,0.1000159356795971,-0.10586421519062439,-0.05661557125884897,0.15922722460165575,0.2473112924333808,-0.2580533369853154,-0.002399568327071888,0.01437561457021097,49.754786306477016,-0.017415995566548922,0.7222222222222222,0.3333333333333333,0.4444444444444444,-0.05220683845017651,-0.05220421540929254,0.06900532196997422,1.0900001525878906,0.17599987983703613,XLF
2022-12-30,-0.08210269550241511,0.05065941432655241,-0.01584775582275577,-0.27726276570440833,-0.2126164541999771,0.2551008111265056,0.3559881849484855,-0.33559072094357156,-0.029550414504490696,-0.07697194759980053,43.415655667997854,-0.36127498431749555,0.4444444444444444,0.6111111111111112,0.2777777777777778,-0.05220683845017651,-0.08210269550241511,0.09257487193182157,1.0900001525878906,0.17599987983703613,XLK
2022-12-30,-0.018776961288828775,0.12632847736096298,0.06794577642661737,-0.020792468549101883,-0.0020540765766369207,0.1377125098347859,0.17760044247638673,-0.16061082345550148,0.012510868645671414,0.044342800158845286,50.675899159406285,-0.3628226278532287,0.7777777777777778,0.2222222222222222,0.7222222222222222,-0.05220683845017651,-0.018776961288828775,-0.018329363127182696,1.0900001525878906,0.17599987983703613,XLV
2022-12-30,-0.009340695745638006,0.27348481829773674,0.31093266828314614,0.8740907169123575,0.8917610815990129,0.24569128707931426,0.29842467039585163,-0.20508628406656537,0.013004514343531337,0.17042881314578673,56.69270912381763,0.40923650093916863,1.0,0.5,0.8888888888888888,-0.05220683845017651,-0.009340695745638006,0.0517679084775593,1.0900001525878906,0.17599987983703613,XOM
2023-01-31,0.11052091502162464,-0.05745830861244605,-0.10940815623804123,-0.16965666506890642,-0.25229383463261956,0.2516871400948775,0.35587940917988636,-0.30885189002876046,0.03898575822765138,-0.02350081904382506,62.48359535903108,1.4172650306461048,0.4444444444444444,0.6111111111111112,0.7222222222222222,0.10924822429502085,0.11052091502162464,0.023183380798293962,-2.270000457763672,-0.34999990463256836,AAPL
2023-01-31,0.22773806254069018,0.006735599331973763,-0.23579103678696822,-0.3105062316570073,-0.43840319903730185,0.36240622801081973,0.45899564737929377,-0.5338820133249675,0.1267959311367255,-0.08454613853061477,66.9245181185959,1.009461788684829,0.16666666666666666,0.8333333333333334,0.8333333333333334,0.10924822429502085,0.22773806254069018,-0.08629878923214462,-2.270000457763672,-0.34999990463256836,AMZN
2023-01-31,0.3937156109435136,0.12897828782534804,-0.027950425222506237,-0.3987161073035259,-0.5685749029607132,0.44378772310467185,0.3288226925999269,-0.7185358095700161,0.21991525150248048,0.17455223858723135,70.17280067885036,-48.977131942501956,0.1111111111111111,0.8888888888888888,1.0,0.10924822429502085,0.3937156109435136,0.00034877106732977836,-2.270000457763672,-0.34999990463256836,BTC-USD
2023-01-31,0.32295865836261073,0.008787941517006459,-0.08155089302333596,-0.40983227062651717,-0.553903120371186,0.5126313183206772,0.4300535529130823,-0.7935123166505245,0.1560715925345173,0.10439660595262468,58.39847424753525,-11.909394579673915,0.05555555555555555,0.9444444444444444,0.8888888888888888,0.10924822429502085,0.32295865836261073,0.012202527095311444,-2.270000457763672,-0.34999990463256836,ETH-USD
2023-01-31,0.05759257431981046,0.1810282360414377,0.09329675191441544,0.06734491980988278,0.009221268876953514,0.12593500919827968,0.15887951516232685,-0.21032844203783363,0.05326007495926355,0.08162467366687753,64.70986109860122,-0.2326838015177679,0.8888888888888888,0.2222222222222222,0.5,0.10924822429502085,0.05759257431981046,-0.05367596391642193,-2.270000457763672,-0.34999990463256836,GLD
2023-01-31,0.12025379399869496,0.04581538733428148,-0.15027515349756349,-0.2694941003921467,-0.3479103543132438,0.32545367561276506,0.38099466435294077,-0.44320037404815904,0.0568817017603358,-0.0599432121525193,60.36689207608212,0.7769478171766424,0.2222222222222222,0.7777777777777778,0.7777777777777778,0.10924822429502085,0.12025379399869496,-0.0888304056679664,-2.270000457763672,-0.34999990463256836,GOOGL
2023-01-31,0.03581115949288072,0.05725720892343178,-0.04569990150886882,-0.10219684623375813,-0.13323664691371517,0.09980090544050894,0.10121819926213335,-0.19061301672777542,0.01412278152683566,0.0033873389751255534,55.970789886543685,-0.05034410082519225,0.6111111111111112,0.05555555555555555,0.2777777777777778,0.10924822429502085,0.03581115949288072,-0.032707960447476925,-2.270000457763672,-0.34999990463256836,IEF
2023-01-31,-0.07489382143232126,-0.05457943157508516,-0.051226865127668275,-0.026561875253945377,0.052244755573038315,0.1797252320659511,0.15607508641650436,-0.12739780543282198,-0.06627480248224216,-0.046429650637065834,27.506123541237656,-0.836258787295407,0.7777777777777778,0.3333333333333333,0.05555555555555555,0.10924822429502085,-0.07489382143232126,-0.05542578801302667,-2.270000457763672,-0.34999990463256836,JNJ
2023-01-31,0.051408290702617876,0.12006545963712867,0.23314243451553618,-0.027069753537118935,-0.07464088397790059,0.19506220635820168,0.20072618255151603,-0.3877157439338341,0.04010382040897609,0.15488533790046288,59.761705957490115,-0.026778314786240376,0.7222222222222222,0.3888888888888889,0.3333333333333333,0.10924822429502085,0.051408290702617876,0.024221121645339183,-2.270000457763672,-0.34999990463256836,JPM
2023-01-31,0.05159833326362362,0.10410873637408402,-0.015286803776486058,-0.104707450456758,-0.14863639355084213,0.10329606890542996,0.12588909972603676,-0.2454190292770655,0.023629495827063085,0.031167498024728957,60.39505403996428,-0.04528572755233562,0.5555555555555556,0.1111111111111111,0.3888888888888889,0.10924822429502085,0.05159833326362362,-0.04169074353917912,-2.270000457763672,-0.34999990463256836,LQD
2023-01-31,0.03331649083001409,0.07055677081688305,-0.1129308836868157,-0.1956652670520429,-0.2215988614467257,0.3184816732083358,0.3525628799920933,-0.37148484613572896,0.02346766152124946,-0.023055938330996506,57.71583437915863,1.4695691919884901,0.3888888888888889,0.7222222222222222,0.2222222222222222,0.10924822429502085,0.03331649083001409,0.009017999580744007,-2.270000457763672,-0.34999990463256836,MSFT
2023-01-31,0.3368690408023851,0.44787744638073734,0.07624356366184348,-0.20136924334040485,-0.4026110768634008,0.5424093740815067,0.616321703436869,-0.663350915259306,0.1776180148924591,0.20872485035803123,64.59732336545912,0.2702292534727643,0.3333333333333333,1.0,0.9444444444444444,0.10924822429502085,0.3368690408023851,0.18830911830730712,-2.270000457763672,-0.34999990463256836,NVDA
2023-01-31,0.07643629644615046,0.12319301747985745,-0.07490777822094485,-0.2296318214723022,-0.2843346317185097,0.1991723058948496,0.21508266852985283,-0.3910114407016708,0.023739401320884035,-0.008513580075021898,55.8566358433795,-0.027687797594499908,0.2777777777777778,0.4444444444444444,0.6111111111111112,0.10924822429502085,0.07643629644615046,-0.04850538867428433,-2.270000457763672,-0.34999990463256836,TLT
2023-01-31,0.028123892765907543,0.009513661713172139,0.17121688494170928,0.42240932973126033,0.3834999261661234,0.24990326249936332,0.28178665052562946,-0.26043735879211327,0.02412582758530446,0.11651353316450952,53.599455876193375,0.014065515887144886,0.9444444444444444,0.5555555555555556,0.16666666666666666,0.10924822429502085,0.028123892765907543,-0.06938732068072706,-2.270000457763672,-0.34999990463256836,XLE
2023-01-31,0.06900532196997422,0.08267354181920106,0.09708609167206372,-0.04440882099395549,-0.10609315092550609,0.15986083444584046,0.19165647711520803,-0.2580533369853154,0.04383579031918994,0.09157758555131212,65.16770525376181,0.06890450846015522,0.6666666666666666,0.2777777777777778,0.5555555555555556,0.10924822429502085,0.06900532196997422,-0.022975822312090277,-2.270000457763672,-0.34999990463256836,XLF
2023-01-31,0.09257487193182157,0.06632041217083828,-0.05223236895761474,-0.1523401327528927,-0.22416313149475153,0.22168975864108917,0.31572101853753,-0.33559072094357156,0.04686040426785043,0.027258813992386832,62.11889291303602,0.3628297192587626,0.5,0.5,0.6666666666666666,0.10924822429502085,0.09257487193182157,0.004118886426759616,-2.270000457763672,-0.34999990463256836,XLK
2023-01-31,-0.018329363127182696,0.008733048544496969,0.015431393675816363,0.0320187351765695,0.05128817794137097,0.12365160454395749,0.14321298175738473,-0.16061082345550148,-0.016107182210517768,0.02676366513266215,46.22903659286735,-0.14944979863072744,0.8333333333333334,0.16666666666666666,0.1111111111111111,0.10924822429502085,-0.018329363127182696,-0.046415610976249355,-2.270000457763672,-0.34999990463256836,XLV
2023-01-31,0.0517679084775593,0.05535531163132412,0.21820024344909483,0.5878378729468761,0.5096846558527168,0.2838652400761738,0.26745425447835947,-0.20508628406656537,0.055674804129949296,0.19179394233393188,59.593763805082816,0.2567626096700679,1.0,0.6666666666666666,0.4444444444444444,0.10924822429502085,0.0517679084775593,-0.04529145654119604,-2.270000457763672,-0.34999990463256836,XOM
2023-02-28,0.023183380798293962,-0.0026676682925600437,-0.05940717110028382,-0.10184710221672866,-0.1221975311184913,0.26154659583827033,0.2950723421422094,-0.30885189002876046,0.0489066526481472,0.004486194092684359,50.11319377424503,-1.125749518558738,0.5555555555555556,0.5555555555555556,0.8888888888888888,-0.018322413615537644,0.023183380798293962,0.11864847191340311,1.3000011444091797,0.38699984550476074,AAPL
2023-02-28,-0.08629878923214462,-0.023927880015404246,-0.25668528948338154,-0.3863756166219773,-0.32841898845428286,0.4713058224357016,0.41039662172660324,-0.5338820133249675,0.0014219819739949013,-0.13887509158530986,43.867150902335915,-1.0361941465040612,0.16666666666666666,0.8888888888888888,0.1111111111111111,-0.018322413615537644,-0.08629878923214462,0.0961476943206232,1.3000011444091797,0.38699984550476074,AMZN
2023-02-28,0.00034877106732977836,0.34824032291936136,0.15449508006396973,-0.46409770301844866,-0.46428454506944994,0.46123021539532366,0.387563886250787,-0.7152114966270662,0.02566127007874419,0.1720334742877876,49.512360198701096,-166.4979553440004,0.05555555555555555,0.8333333333333334,0.6666666666666666,-0.018322413615537644,0.00034877106732977836,0.23031275933019146,1.3000011444091797,0.38699984550476074,BTC-USD
2023-02-28,0.012202527095311444,0.23941442665782064,0.03360411358235327,-0.4498854148615946,-0.45651727750862925,0.4517710610325571,0.4208084641059248,-0.7842533679074555,0.007658478126681301,0.11883937539823752,49.028248670288804,-8.170643762928066,0.1111111111111111,0.7777777777777778,0.8333333333333334,-0.018322413615537644,0.012202527095311444,0.13458347779136814,1.3000011444091797,0.38699984550476074,ETH-USD
2023-02-28,-0.05367596391642193,0.030155944993180306,0.06598853660389592,-0.04821171582075823,0.005774182930275984,0.13484919050442276,0.1459255693349467,-0.21032844203783363,-0.019812746291196448,0.026485286646716677,39.49957755087567,-0.5382517879057638,0.6666666666666666,0.2777777777777778,0.2777777777777778,-0.018322413615537644,-0.05367596391642193,0.07916128247166143,1.3000011444091797,0.38699984550476074,GLD
2023-02-28,-0.0888304056679664,-0.10822865078022226,-0.1678063348776737,-0.33317043379681144,-0.26816086670228234,0.4944836409332354,0.39593934002067116,-0.44320037404815904,-0.03534080851023591,-0.12503395630938952,40.613300815266086,-1.0700083382386052,0.2222222222222222,0.9444444444444444,0.05555555555555555,-0.018322413615537644,-0.0888304056679664,0.15178760597860297,1.3000011444091797,0.38699984550476074,GOOGL
2023-02-28,-0.032707960447476925,-0.0129774123948595,-0.03991285980746462,-0.1289134311055925,-0.09945855721362173,0.08196809850534513,0.0955862697539365,-0.19061301672777542,-0.018307461810934567,-0.02567902255368759,39.51932537151177,-0.14301563638373266,0.3888888888888889,0.05555555555555555,0.5555555555555556,-0.018322413615537644,-0.032707960447476925,0.037210925247429305,1.3000011444091797,0.38699984550476074,IEF
2023-02-28,-0.05542578801302667,-0.1327958274351293,-0.03707293566987757,-0.04352235348943534,0.012601905040951378,0.1904278315372363,0.15015738929553532,-0.15376831118293655,-0.08578397705698226,-0.09125925309801874,25.622559759139932,-0.2167704714361527,0.7777777777777778,0.4444444444444444,0.2222222222222222,-0.018322413615537644,-0.05542578801302667,0.01135329328139778,1.3000011444091797,0.38699984550476074,JNJ
2023-02-28,0.024221121645339183,0.04507791320928045,0.2811123151233321,0.04428255747723031,0.019587016326771067,0.15418032159998446,0.18220980426819153,-0.3877157439338341,0.04107534199448337,0.16459340188331617,59.35608222425984,-0.17147914451445945,0.8888888888888888,0.3333333333333333,0.9444444444444444,-0.018322413615537644,0.024221121645339183,-0.09096611774919572,1.3000011444091797,0.38699984550476074,JPM
2023-02-28,-0.04169074353917912,-0.007875082948145207,-0.012607458223733436,-0.12334735636677585,-0.0852090411076345,0.10414672083370838,0.1125798403018698,-0.2454190292770655,-0.021657491566769216,-0.009962315359159146,37.654242668961004,-0.2532104391040453,0.4444444444444444,0.1111111111111111,0.5,-0.018322413615537644,-0.04169074353917912,0.038484765690768974,1.3000011444091797,0.38699984550476074,LQD
2023-02-28,0.009017999580744007,-0.019970347791357868,-0.041001123658788385,-0.15704376692046074,-0.1645776057218057,0.33950558759604654,0.326216414556271,-0.37148484613572896,0.013537787674742452,-0.008129886812608733,45.88195899672025,-2.350447267934559,0.3333333333333333,0.7222222222222222,0.7777777777777778,-0.018322413615537644,0.009017999580744007,0.15588166070997067,1.3000011444091797,0.38699984550476074,MSFT
2023-02-28,0.18830911830730712,0.37186056115676114,0.5389452213267025,-0.04704907630357591,-0.1980614227265548,0.7269660187638611,0.6245796951194417,-0.663350915259306,0.24208444595640066,0.4148590805244534,62.62387240799148,-0.019868632337492365,0.7222222222222222,1.0,1.0,-0.018322413615537644,0.18830911830730712,0.19666264412241397,1.3000011444091797,0.38699984550476074,NVDA
2023-02-28,-0.04850538867428433,-0.0026114711954468017,-0.07779044747411745,-0.2548303026789568,-0.21684296636972056,0.15427209075608334,0.20023866727055878,-0.3910114407016708,-0.02489251463717046,-0.04594357622471401,42.687868977580386,-0.2597484622554579,0.2777777777777778,0.3888888888888889,0.3333333333333333,-0.018322413615537644,-0.04850538867428433,0.04839350458865321,1.3000011444091797,0.38699984550476074,TLT
2023-02-28,-0.06938732068072706,-0.07238662986469324,0.06178652605355017,0.23631504338665632,0.3284958080422884,0.27779199208918015,0.27169474770899005,-0.26043735879211327,-0.04156014538449748,0.025637982407181292,38.98054002544586,-0.19273723747707594,0.9444444444444444,0.6111111111111112,0.16666666666666666,-0.018322413615537644,-0.06938732068072706,5.329717173085946e-05,1.3000011444091797,0.38699984550476074,XLE
2023-02-28,-0.022975822312090277,-0.010080336299919779,0.09328498582449063,-0.053276087586078935,-0.0310128100879683,0.12342886391408295,0.15614515632676873,-0.2580533369853154,0.006839137665802131,0.0624968883942314,44.95652298312743,-0.1558749479543558,0.6111111111111112,0.16666666666666666,0.6111111111111112,-0.018322413615537644,-0.022975822312090277,-0.09547696487135537,1.3000011444091797,0.38699984550476074,XLF
2023-02-28,0.004118886426759616,0.007002243840334765,0.014712846449449257,-0.10520560694139669,-0.10887604530295869,0.24815615795858337,0.26407032779200146,-0.33559072094357156,0.027755953990908466,0.032996079320834815,48.134524590638435,-0.5039645355129678,0.5,0.5,0.7222222222222222,-0.018322413615537644,0.004118886426759616,0.10857967108963229,1.3000011444091797,0.38699984550476074,XLK
2023-02-28,-0.046415610976249355,-0.08147142778036998,0.027595661981697495,-0.006266001115879605,0.04210388752428473,0.12345565995010015,0.13295736955579615,-0.16061082345550148,-0.04682885610693022,-0.021118492188875404,31.344945081163544,-0.39752931534297553,0.8333333333333334,0.2222222222222222,0.3888888888888889,-0.018322413615537644,-0.046415610976249355,0.02197813029486806,1.3000011444091797,0.38699984550476074,XLV
2023-02-28,-0.04529145654119604,-0.00524748174734202,0.16798140629963143,0.4522685767517467,0.5211643246538231,0.28564015525982583,0.2708343677176841,-0.20508628406656537,-0.008379435063005536,0.10619508110472275,43.4296429702399,-0.6333843501702738,1.0,0.6666666666666666,0.4444444444444444,-0.018322413615537644,-0.04529145654119604,-0.00227443935568461,1.3000011444091797,0.38699984550476074,XOM
2023-03-31,0.11864847191340311,0.27108283344407225,0.1970026265515965,-0.049888853039674386,-0.15066156096812178,0.2181207912117673,0.24110693044408,-0.30885189002876046,0.0891987221654873,0.11303893363838169,69.6972103984986,0.5844974608445188,0.6111111111111112,0.4444444444444444,0.7222222222222222,0.06891787011258221,0.11864847191340311,0.028987022816197694,-2.0,-0.4219999313354492,AAPL
2023-03-31,0.0961476943206232,0.2296428680419922,-0.08592919543781108,-0.3663092841140274,-0.42189294456462356,0.29437236194222105,0.38613467378224364,-0.5338820133249675,0.054181832504613725,-0.03927717613801407,64.02672888731334,0.6549745041507856,0.16666666666666666,0.5555555555555556,0.6111111111111112,0.06891787011258221,0.0961476943206232,0.02091195675834423,-2.0,-0.4219999313354492,AMZN
2023-03-31,0.23031275933019146,0.7153041388977903,0.46556162602436646,-0.3746308190470995,-0.49169902026102297,0.5870106135812987,0.4987343986843332,-0.6673961608979899,0.16387334946996823,0.3989845438293851,63.980930590174474,13.953677119680833,0.1111111111111111,1.0,1.0,0.06891787011258221,0.23031275933019146,0.030260646332236574,-2.0,-0.4219999313354492,BTC-USD
2023-03-31,0.13458347779136814,0.5193231146011625,0.37202665992327644,-0.44478354488662775,-0.5106429222870565,0.5425633703576034,0.48643921880712676,-0.6886940950225028,0.10170306348606717,0.2679403604411914,59.734234673389494,2.728401206327433,0.05555555555555555,0.9444444444444444,0.7777777777777778,0.06891787011258221,0.13458347779136814,0.03868818213580938,-2.0,-0.4219999313354492,ETH-USD
2023-03-31,0.07916128247166143,0.08005188563967502,0.18458656099919768,0.01422644567423248,-0.0601715775502113,0.2083366224001378,0.1639496928464914,-0.21032844203783363,0.04006067995513529,0.10295690049786943,60.09176623257692,0.2486173708452215,0.8333333333333334,0.3333333333333333,0.5555555555555556,0.06891787011258221,0.07916128247166143,0.008623522653246951,-2.0,-0.4219999313354492,GLD
2023-03-31,0.15178760597860297,0.17567705734355532,0.08447461926176758,-0.254103439019463,-0.35240094865685356,0.3226702815766768,0.38610116639808917,-0.44320037404815904,0.06483664104832076,0.024146840418412863,60.86245297171669,0.21900992604514702,0.2222222222222222,0.7222222222222222,0.8333333333333334,0.06891787011258221,0.15178760597860297,0.034801883976950165,-2.0,-0.4219999313354492,GOOGL
2023-03-31,0.037210925247429305,0.03921470168385288,0.045307793212960634,-0.058255802590707284,-0.09204176847188805,0.13657182850276936,0.11113199020410877,-0.19061301672777542,0.01725696412399591,0.01430608675392575,57.72939568567091,0.034205497844296606,0.5,0.1111111111111111,0.3888888888888889,0.06891787011258221,0.037210925247429305,0.008147711047129524,-2.0,-0.4219999313354492,IEF
2023-03-31,0.01135329328139778,-0.11624769576258764,-0.038182700040235384,-0.10176227503209812,-0.11184575070348124,0.14065785100081582,0.15621909933315933,-0.165970800434876,-0.0172188060600984,-0.06834796429704437,51.24268022377334,0.5344447237627565,0.3888888888888889,0.16666666666666666,0.2777777777777778,0.06891787011258221,0.01135329328139778,0.05612888857506837,-2.0,-0.4219999313354492,JNJ
2023-03-31,-0.09096611774919572,-0.021084520926560324,0.26743599400437246,-0.012550974704088058,0.08626206852812635,0.39428604208426143,0.26833001215630753,-0.3877157439338341,-0.04743031843375478,0.04780317772836851,46.42491172136968,0.2734809880886142,0.7777777777777778,0.8888888888888888,0.1111111111111111,0.06891787011258221,-0.09096611774919572,0.06918051229540323,-2.0,-0.4219999313354492,JPM
2023-03-31,0.038484765690768974,0.046539686420961957,0.09060887374495019,-0.06248023216708243,-0.09722337890117472,0.09563970759194068,0.1035339910976663,-0.2454190292770655,0.01660407428098165,0.030197428870073484,63.24285061823485,0.16980586762152727,0.4444444444444444,0.05555555555555555,0.4444444444444444,0.06891787011258221,0.038484765690768974,0.0060401082800589645,-2.0,-0.4219999313354492,LQD
2023-03-31,0.15588166070997067,0.20516260424044286,0.244468114937046,-0.05572856341220811,-0.18307256816602013,0.25684353235541135,0.30219375536334886,-0.37148484613572896,0.10799432563708211,0.14306173069935246,69.24023348267022,1.3796728345726885,0.5555555555555556,0.5,0.8888888888888888,0.06891787011258221,0.15588166070997067,0.06576494369245256,-2.0,-0.4219999313354492,MSFT
2023-03-31,0.19666264412241397,0.9010346362291746,1.2892186589858108,0.018946092991432018,-0.14851015196627326,0.35104224796463696,0.5414765661253824,-0.663350915259306,0.20700951673692058,0.6083672214724873,72.699290783585,0.07016565413093367,0.8888888888888888,0.8333333333333334,0.9444444444444444,0.06891787011258221,0.19666264412241397,-0.0010080966308545491,-2.0,-0.4219999313354492,NVDA
2023-03-31,0.04839350458865321,0.07378909219043761,0.05360353668950513,-0.17378688984806612,-0.21192461939555207,0.21711510632848957,0.19489101651907437,-0.3910114407016708,0.02030426843522104,0.010233131100592763,56.92448806257434,0.004068427821816878,0.2777777777777778,0.3888888888888889,0.5,0.06891787011258221,0.04839350458865321,0.0033833048409275257,-2.0,-0.4219999313354492,TLT
2023-03-31,5.329717173085946e-05,-0.04316387553954726,0.17406920786740177,0.1307816377486941,0.13072137349747104,0.3155023041720149,0.2797249511091265,-0.26043735879211327,-0.01676933715061435,0.027337188546689095,54.084899015571224,0.29883469165761645,0.9444444444444444,0.6111111111111112,0.2222222222222222,0.06891787011258221,5.329717173085946e-05,0.027767574112621318,-2.0,-0.4219999313354492,XLE
2023-03-31,-0.09547696487135537,-0.05527630181411691,0.0708880304333055,-0.14255184584140246,-0.05204387189912962,0.3273504774373309,0.22176607622975802,-0.2580533369853154,-0.06758453849304158,-0.03710454331573587,44.247108519437596,0.14538742753147837,0.3333333333333333,0.7777777777777778,0.05555555555555555,0.06891787011258221,-0.09547696487135537,0.03172627482670065,-2.0,-0.4219999313354492,XLF
2023-03-31,0.10857967108963229,0.2161951133237885,0.2778068454715865,-0.040156007876530064,-0.13416778500003423,0.20699366855150517,0.22133346878996316,-0.33559072094357156,0.07913962541277453,0.13742395088257386,70.49464325056866,0.3446770458781403,0.6666666666666666,0.2777777777777778,0.6666666666666666,0.06891787011258221,0.10857967108963229,-0.0011916809145763319,-2.0,-0.4219999313354492,XLK
2023-03-31,0.02197813029486806,-0.04332035039410764,0.07753553306282424,-0.03953881581373342,-0.06019399465118902,0.15064475862470128,0.12923751900830888,-0.16061082345550148,0.001552342029388587,0.0008341103711813069,57.033274669901076,0.4971326299172143,0.7222222222222222,0.2222222222222222,0.3333333333333333,0.06891787011258221,0.02197813029486806,0.03143831388981999,-2.0,-0.4219999313354492,XLV
2023-03-31,-0.00227443935568461,0.0018479710570060703,0.27583818138348737,0.37580645126637746,0.37894277297847645,0.3199898016044799,0.28925420478474995,-0.20508628406656537,-0.006629224934146416,0.08630918419887879,55.13498678887661,0.7414260507719503,1.0,0.6666666666666666,0.16666666666666666,0.06891787011258221,-0.00227443935568461,0.07915346268485646,-2.0,-0.4219999313354492,XOM
2023-04-28,0.028987022816197694,0.17776056519649064,0.11008843516986189,0.082827990539599,0.052324243678064875,0.19804529715981656,0.22711694896145077,-0.30885189002876046,0.07458357087922196,0.12660676570317975,66.13783422904604,-0.0968474190949169,0.7222222222222222,0.4444444444444444,0.5,0.029933585076244038,0.028987022816197694,0.04605850835445868,-2.9200010299682617,-0.04200005531311035,AAPL
2023-04-28,0.02091195675834423,0.022495876627663947,0.029382999171223112,-0.15152299057847463,-0.1689028580724471,0.37890634180041993,0.38748885745460926,-0.5338820133249675,0.06577588024692815,-0.012898806997544199,55.38126496597369,0.24645707664359717,0.16666666666666666,0.8888888888888888,0.3888888888888889,0.029933585076244038,0.02091195675834423,0.14348037288458837,-2.9200010299682617,-0.04200005531311035,AMZN
2023-04-28,0.030260646332236574,0.2679849008800561,0.4315274223839596,-0.24008300186713727,-0.26240315900816613,0.38119821365320616,0.4619241035494969,-0.6673961608979899,0.059345497468356934,0.35433958575554336,56.54424976494611,-97.9509343221896,0.1111111111111111,0.9444444444444444,0.5555555555555556,0.029933585076244038,0.030260646332236574,-0.07227623038787756,-2.9200010299682617,-0.04200005531311035,BTC-USD
2023-04-28,0.03868818213580938,0.19285886524615337,0.20334163919197912,-0.327847846624014,-0.35288360362985094,0.44897983052193263,0.4646926110117586,-0.6877031511638012,0.03365281401421294,0.24890654625818986,49.74891991246309,-19.278051731861495,0.05555555555555555,1.0,0.7777777777777778,0.029933585076244038,0.03868818213580938,-0.00971318347221084,-2.9200010299682617,-0.04200005531311035,ETH-USD
2023-04-28,0.008623522653246951,0.030042914439707857,0.2165097662877098,0.044598944244656824,0.035667839172314864,0.13292624483375143,0.16369856398510046,-0.21032844203783363,0.028130056866031206,0.10068270688981906,52.48501591265073,-0.5975697409815921,0.6111111111111112,0.2777777777777778,0.3333333333333333,0.029933585076244038,0.008623522653246951,-0.013419890078922081,-2.9200010299682617,-0.04200005531311035,GLD
2023-04-28,0.034801883976950165,0.08599751271095046,0.13575290939986906,-0.059324519947621224,-0.09096079682694913,0.28316651337890575,0.3755378795681189,-0.44320037404815904,0.07401429962984007,0.06673737876851149,58.72406857340965,-0.2357111793407629,0.3333333333333333,0.7222222222222222,0.7222222222222222,0.029933585076244038,0.034801883976950165,0.14468059444374215,-2.9200010299682617,-0.04200005531311035,GOOGL
2023-04-28,0.008147711047129524,0.011460354705999709,0.06937375155316938,-0.008666497635139603,-0.01667831856187496,0.08444812646231588,0.106648870022544,-0.19061301672777542,0.019802365556611745,0.022914207143647003,56.30087709884241,-0.025078857304219715,0.4444444444444444,0.1111111111111111,0.2777777777777778,0.029933585076244038,0.008147711047129524,-0.01438337719334537,-2.9200010299682617,-0.04200005531311035,IEF
2023-04-28,0.05612888857506837,0.008918068512966615,-0.046148106172304026,-0.06832508987756614,-0.11783976349756708,0.21634707204970344,0.1874533747489674,-0.165970800434876,0.03846832178892701,-0.010568652890796226,56.77752602270512,-0.19304172976923306,0.2777777777777778,0.5,0.8333333333333334,0.029933585076244038,0.05612888857506837,-0.04563243906662662,-2.9200010299682617,-0.04200005531311035,JNJ
2023-04-28,0.06918051229540323,-0.004537663755523003,0.11498297919711997,0.1969036795590262,0.11945893681640007,0.2977929803263556,0.2978285643735839,-0.3877157439338341,0.032217842970827304,0.1001936961712302,57.97104523432378,0.2971061133408248,0.8888888888888888,0.7777777777777778,0.9444444444444444,0.029933585076244038,0.06918051229540323,-0.018301596288453292,-2.9200010299682617,-0.04200005531311035,JPM
2023-04-28,0.0060401082800589645,0.0012006163786715263,0.1054343474068089,0.010905573988039485,0.0048362542088891125,0.06929891861254743,0.09236110310794435,-0.2454190292770655,0.020710063737123363,0.03392550200653255,58.25688211607045,-0.05146637465970905,0.5,0.05555555555555555,0.2222222222222222,0.029933585076244038,0.0060401082800589645,-0.01768954401131817,-2.9200010299682617,-0.04200005531311035,LQD
2023-04-28,0.06576494369245256,0.24300741006934978,0.3307099990253004,0.11802539470865381,0.049035625843668385,0.3394788646010614,0.31399351135526243,-0.37148484613572896,0.12572389961160768,0.20370998930334494,68.64059208996366,0.961616477164565,0.7777777777777778,0.8333333333333334,0.8888888888888888,0.029933585076244038,0.06576494369245256,0.07110543332422381,-2.9200010299682617,-0.04200005531311035,MSFT
2023-04-28,-0.0010080966308545491,0.4205716129662249,1.0568135993825032,0.4975427026773902,0.49905389385725685,0.2827981584826584,0.4928046632058162,-0.663350915259306,0.09099599379700574,0.511973251499223,60.044841726368354,-0.12544144699364312,1.0,0.6666666666666666,0.1111111111111111,0.029933585076244038,-0.0010080966308545491,0.363436671024731,-2.9200010299682617,-0.04200005531311035,NVDA
2023-04-28,0.0033833048409275257,0.0009157546817073481,0.12422158674407568,-0.08473857569566423,-0.08782474265959839,0.15202018463303466,0.1775797199352029,-0.3910114407016708,0.021268676749101267,0.018306905326456402,54.398104566024735,-0.03196723619597308,0.2222222222222222,0.3333333333333333,0.16666666666666666,0.029933585076244038,0.0033833048409275257,-0.030152730468818056,-2.9200010299682617,-0.04200005531311035,TLT
2023-04-28,0.027767574112621318,-0.04349548786923074,-0.03439562751369574,0.18213028014694288,0.1501922320983895,0.23321961221108845,0.27889749313668516,-0.26043735879211327,0.02170780806414596,0.036978143670041375,52.35302652842312,-0.12392778798120896,0.8333333333333334,0.5555555555555556,0.4444444444444444,0.029933585076244038,0.027767574112621318,-0.10031727762698073,-2.9200010299682617,-0.04200005531311035,XLE
2023-04-28,0.03172627482670065,-0.0882213195406315,-0.012841346671818021,-0.01768031303898765,-0.04788730215675385,0.1318625509837447,0.2148768872533643,-0.2580533369853154,0.0011578765711992567,-0.010943530694266235,55.129596060870135,0.06856872245787315,0.3888888888888889,0.2222222222222222,0.6666666666666666,0.029933585076244038,0.03172627482670065,-0.04250819622387725,-2.9200010299682617,-0.04200005531311035,XLF
2023-04-28,-0.0011916809145763319,0.11181927026291838,0.18555558252623583,0.07740227816156131,0.07868772974188243,0.17205753210146954,0.20984111575470807,-0.33559072094357156,0.049540448860495356,0.1197010259699367,60.55183412453333,-0.13490982742257873,0.6666666666666666,0.3888888888888889,0.05555555555555555,0.029933585076244038,-0.0011916809145763319,0.08917320815371643,-2.9200010299682617,-0.04200005531311035,XLK
2023-04-28,0.03143831388981999,0.005180360559207564,0.013958649443946092,0.04160015533536443,0.009852107788415942,0.12684654839512646,0.13365530049592114,-0.16061082345550148,0.02990739861392888,0.026292406515713518,55.98025154008431,-0.2626714854581591,0.5555555555555556,0.16666666666666666,0.6111111111111112,0.029933585076244038,0.03143831388981999,-0.04268719468618987,-2.9200010299682617,-0.04200005531311035,XLV
2023-04-28,0.07915346268485646,0.02793372790289239,0.08483531974730574,0.4383798954542977,0.33287798741405283,0.2625574189268606,0.2890035667317611,-0.20508628406656537,0.06408984675603113,0.13922126045949468,61.787782771607645,0.010025704489108556,0.9444444444444444,0.6111111111111112,1.0,0.029933585076244038,0.07915346268485646,-0.12906311079520172,-2.9200010299682617,-0.04200005531311035,XOM
2023-05-31,0.04605850835445868,0.20409154717400346,0.20087943033226763,0.1979871430110023,0.1452391366669734,0.2051855299451676,0.20388470605721354,-0.30885189002876046,0.059426492227984795,0.16623985091960303,67.03952456401171,0.025749157875947226,0.8888888888888888,0.5555555555555556,0.7222222222222222,0.017877223215868827,0.04605850835445868,0.0943300005783787,2.160000801086426,0.18500018119812012,AAPL
2023-05-31,0.14348037288458837,0.2796349096402979,0.24901595905890228,0.0030821078820266745,-0.12278152588521274,0.2586747907371313,0.3193461874364762,-0.5338820133249675,0.13260432816432344,0.14884159965935928,67.46627348857768,0.5333431551897458,0.5555555555555556,0.7777777777777778,0.8888888888888888,0.017877223215868827,0.14348037288458837,0.08110796675057008,2.160000801086426,0.18500018119812012,AMZN
2023-05-31,-0.07227623038787756,0.17592960183336293,0.5854357061062494,-0.14382887764662533,-0.07712710356517394,0.2637286686413698,0.30086827451116416,-0.6673961608979899,-0.031549623448258735,0.1834801139282478,48.10271522360586,132.46766696749432,0.05555555555555555,0.8888888888888888,0.16666666666666666,0.017877223215868827,-0.07227623038787756,0.11967798146804087,2.160000801086426,0.18500018119812012,BTC-USD
2023-05-31,-0.00971318347221084,0.16703167262526764,0.4464358914183637,-0.0351112220298323,-0.025647154070649658,0.24454812217210609,0.35809941206171175,-0.6877031511638012,-0.005994440858465344,0.18021510264050833,53.54958841807278,11.160775268462839,0.3333333333333333,0.6666666666666666,0.6666666666666666,0.017877223215868827,-0.00971318347221084,0.03151246505785199,2.160000801086426,0.18500018119812012,ETH-USD
2023-05-31,-0.013419890078922081,0.0738603406472107,0.10624361401012572,0.06532667976184725,0.07981771479973254,0.13866174379196755,0.16221140811553914,-0.21032844203783363,-0.015136988906805926,0.0703818144192605,44.24508597155122,-0.509150889176337,0.6666666666666666,0.2777777777777778,0.6111111111111112,0.017877223215868827,-0.013419890078922081,-0.02221370606110007,2.160000801086426,0.18500018119812012,GLD
2023-05-31,0.14468059444374215,0.36431273184188195,0.21665500563235573,0.08006208950312033,-0.05645112291959775,0.28049499587486243,0.28950483110388825,-0.44320037404815904,0.11861292901599851,0.21867587554247003,66.2496842273687,0.13889484984448153,0.7222222222222222,0.9444444444444444,0.9444444444444444,0.017877223215868827,0.14468059444374215,-0.02579966708571202,2.160000801086426,0.18500018119812012,GOOGL
2023-05-31,-0.01438337719334537,0.03062167178521169,0.017246869327375514,-0.0289302408299823,-0.014759150058988535,0.08657655302162466,0.10795826064426395,-0.19061301672777542,-0.007252249960657209,0.011812602486975576,47.85946289937622,-0.115330945143786,0.3888888888888889,0.1111111111111111,0.5555555555555556,0.017877223215868827,-0.01438337719334537,-0.01255246666233445,2.160000801086426,0.18500018119812012,IEF
2023-05-31,-0.04563243906662662,0.019378534803371483,-0.11599068119545208,-0.11194013469023689,-0.06947815321673467,0.08818662765061713,0.1576861593864091,-0.165970800434876,-0.02294023278469126,-0.05001743836343919,35.27983525745711,-0.452074098630592,0.1111111111111111,0.2222222222222222,0.2222222222222222,0.017877223215868827,-0.04563243906662662,0.067457543546658,2.160000801086426,0.18500018119812012,JNJ
2023-05-31,-0.018301596288453292,-0.04586639955608751,-0.002856047925218541,0.06063541783642035,0.08040862023044282,0.19790112431431775,0.3090835706590087,-0.3877157439338341,0.010868860210939468,0.057138863432683484,48.119173632171275,-0.19849430708499893,0.6111111111111112,0.4444444444444444,0.4444444444444444,0.017877223215868827,-0.018301596288453292,0.07169689064735651,2.160000801086426,0.18500018119812012,JPM
2023-05-31,-0.01768954401131817,0.026276045421137484,0.01819403643575157,-0.02514683578812482,-0.007591583425935355,0.08146704456000989,0.08782725561487284,-0.2454190292770655,-0.006079184055822973,0.017903978906786522,50.57270335139343,-0.0014186024729808677,0.4444444444444444,0.05555555555555555,0.5,0.017877223215868827,-0.01768954401131817,0.008101200911059703,2.160000801086426,0.18500018119812012,LQD
2023-05-31,0.07110543332422381,0.3194928050250414,0.29314207480049714,0.21956947667403903,0.1386082440913874,0.20394568222848833,0.27013859003942603,-0.37148484613572896,0.10296629841732718,0.26478994221199126,67.78913246407626,0.7669959061233342,0.9444444444444444,0.5,0.7777777777777778,0.017877223215868827,0.07110543332422381,0.036998895846964475,2.160000801086426,0.18500018119812012,MSFT
2023-05-31,0.363436671024731,0.629928947859856,1.2360352410566713,1.0281365255998307,0.4875179527594229,0.9248137291719987,0.5951166116164789,-0.663350915259306,0.3129448643077286,0.9081540576504845,72.4384918254232,0.9470097354474283,1.0,1.0,1.0,0.017877223215868827,0.363436671024731,0.11821049625017022,2.160000801086426,0.18500018119812012,NVDA
2023-05-31,-0.030152730468818056,0.02022165985393487,0.017557380376255427,-0.09187318956079027,-0.06363935954761979,0.14927024660894186,0.1830291352777745,-0.3910114407016708,-0.013114083337378513,-0.00042173667745337706,50.31670635057991,0.021684622877883974,0.16666666666666666,0.3333333333333333,0.3888888888888889,0.017877223215868827,-0.030152730468818056,0.0021708166027267772,2.160000801086426,0.18500018119812012,TLT
2023-05-31,-0.10031727762698073,-0.07528598894078575,-0.14222291979002488,-0.08342644139029065,0.01877421430539261,0.2507753877647352,0.2684261006740637,-0.26043735879211327,-0.0647760297864145,-0.0767411300897698,35.392250098829535,-0.01766901092876605,0.2777777777777778,0.7222222222222222,0.1111111111111111,0.017877223215868827,-0.10031727762698073,0.06913390215244797,2.160000801086426,0.18500018119812012,XLE
2023-05-31,-0.04250819622387725,-0.10644932506826643,-0.11545661637259863,-0.08489346307240808,-0.044266976157261384,0.17853826987234517,0.22693369979030603,-0.2580533369853154,-0.01540134771488022,-0.05154523445815429,42.16715595114787,-0.028363835799672776,0.2222222222222222,0.3888888888888889,0.3333333333333333,0.017877223215868827,-0.04250819622387725,0.06616035087626071,2.160000801086426,0.18500018119812012,XLF
2023-05-31,0.08917320815371643,0.20599639927967273,0.2144410801379948,0.1815821353382987,0.08484318792713119,0.22443614857239094,0.19953392694320393,-0.33559072094357156,0.09006931501171511,0.20527947648357792,71.07947635476484,0.512524468230463,0.8333333333333334,0.6111111111111112,0.8333333333333334,0.017877223215868827,0.08917320815371643,0.06053190652069551,2.160000801086426,0.18500018119812012,XLK
2023-05-31,-0.04268719468618987,0.009110511759138129,-0.07310316242205861,-0.0174924454744515,0.026318199309450785,0.08780225762508168,0.12499183848038697,-0.16061082345550148,-0.02699425950872647,-0.019031131576392135,35.412067841069515,-0.5085622214755743,0.5,0.16666666666666666,0.2777777777777778,0.017877223215868827,-0.04268719468618987,0.042606448692104726,2.160000801086426,0.18500018119812012,XLV
2023-05-31,-0.12906311079520172,-0.06226312792280175,-0.06718388504283657,0.10117812907230284,0.26436041775394825,0.25887536969606,0.28989995688911974,-0.20508628406656537,-0.06661046640442903,-0.027640893047975124,36.51815280863644,-0.11015081382222225,0.7777777777777778,0.8333333333333334,0.05555555555555555,0.017877223215868827,-0.12906311079520172,0.049618249901867806,2.160000801086426,0.18500018119812012,XOM
2023-06-30,0.0943300005783787,0.17791561567283143,0.4972283183274413,0.4272107496354338,0.30418680734432924,0.15231177061285406,0.18380918911236158,-0.30885189002876046,0.09878839239743908,0.25753932983064187,77.68640559558318,0.3974199495562245,0.8333333333333334,0.4444444444444444,0.8888888888888888,0.0477082931107782,0.0943300005783787,0.012785391554662295,-4.350000381469727,0.18199992179870605,AAPL
2023-06-30,0.08110796675057008,0.2620776401867071,0.5519047691708518,0.22737973575041215,0.13529802156530524,0.2855570068603209,0.3168411271405714,-0.5338820133249675,0.1129590269625882,0.2508311894176918,64.37875752038441,-0.30034946221885805,0.5555555555555556,0.8333333333333334,0.8333333333333334,0.0477082931107782,0.08110796675057008,0.025467873963526566,-4.350000381469727,0.18199992179870605,AMZN
2023-06-30,0.11967798146804087,0.0701851809178311,0.8356930702154362,0.5404434252273989,0.3757914781959726,0.35986308553347923,0.3398798639187654,-0.6673961608979899,0.10916816785528516,0.23623670684287368,66.17117627921748,223.65358223096678,0.8888888888888888,0.8888888888888888,1.0,0.0477082931107782,0.11967798146804087,-0.04092037651288716,-4.350000381469727,0.18199992179870605,BTC-USD
2023-06-30,0.03151246505785199,0.061012910018454436,0.612021439081281,0.8112911903406856,0.7559566672217577,0.4245179621985448,0.36351409317825223,-0.6877031511638012,0.06002988496524542,0.1530199357761124,60.412030283323574,12.582802905650997,0.9444444444444444,1.0,0.3333333333333333,0.0477082931107782,0.03151246505785199,-0.039844325996528096,-4.350000381469727,0.18199992179870605,ETH-USD
2023-06-30,-0.02221370606110007,-0.027016684397242807,0.050872464712701015,0.05823339171092545,0.08227472431419924,0.11324016596100145,0.1259653174425599,-0.21032844203783363,-0.026224775016106316,0.03462937942133504,41.09267883030756,-0.1648349948383312,0.3333333333333333,0.2777777777777778,0.1111111111111111,0.0477082931107782,-0.02221370606110007,0.02288664235862692,-4.350000381469727,0.18199992179870605,GLD
2023-06-30,-0.02579966708571202,0.1539574750244832,0.3566813285363837,0.09853805362495027,0.12763054631557158,0.23896497147175863,0.2684913929498523,-0.44320037404815904,0.020109047420028503,0.17505529401269349,47.732147860198054,-0.9117598424892581,0.4444444444444444,0.7222222222222222,0.05555555555555555,0.0477082931107782,-0.02579966708571202,0.10877198938926536,-4.350000381469727,0.18199992179870605,GOOGL
2023-06-30,-0.01255246666233445,-0.018825580374717932,0.019650881790715058,-0.03276794649238812,-0.020472459697907675,0.08040720181783104,0.0861616815368919,-0.19061301672777542,-0.013095674130711998,0.0015541720483711607,44.3544243540655,0.014090997761425444,0.16666666666666666,0.1111111111111111,0.16666666666666666,0.0477082931107782,-0.01255246666233445,-0.006516909225797174,-4.350000381469727,0.18199992179870605,IEF
2023-06-30,0.067457543546658,0.07592798078982899,-0.04914616778348224,-0.041246437490383925,-0.10183447734686457,0.10479983564118565,0.15098156023584744,-0.165970800434876,0.03189063173706996,0.013900755242856278,66.90023304310384,0.18113312086108113,0.1111111111111111,0.16666666666666666,0.6666666666666666,0.0477082931107782,0.067457543546658,0.01214357307075642,-4.350000381469727,0.18199992179870605,JNJ
2023-06-30,0.07169689064735651,0.12486677650128208,0.10114949941254814,0.3347228388988863,0.24542942183274374,0.1828618487350952,0.23477791405457388,-0.3877157439338341,0.04804085767699573,0.1090759304488027,66.12619415347547,0.09652410651190024,0.6666666666666666,0.5555555555555556,0.7777777777777778,0.0477082931107782,0.07169689064735651,0.09354266308656056,-4.350000381469727,0.18199992179870605,JPM
2023-06-30,0.008101200911059703,-0.0037503215878917917,0.04261482604239175,0.01969183144151332,0.01149748707766518,0.07563780815806066,0.08155267406686481,-0.2454190292770655,0.005636358117896645,0.025592561614393494,55.656068875229096,0.06468608065549966,0.2222222222222222,0.05555555555555555,0.2777777777777778,0.0477082931107782,0.008101200911059703,0.0005379162760601464,-4.350000381469727,0.18199992179870605,LQD
2023-06-30,0.036998895846964475,0.18378258640121614,0.42665050468177657,0.33875265994899517,0.29098754618786216,0.2443446939584241,0.26481362062144853,-0.37148484613572896,0.0661115763580804,0.2775891439414626,59.31569688596102,-1.0187071196904327,0.7222222222222222,0.7777777777777778,0.3888888888888889,0.0477082931107782,0.036998895846964475,-0.013566958215250224,-4.350000381469727,0.18199992179870605,MSFT
2023-06-30,0.11821049625017022,0.5230722431178707,1.8954130876463342,1.792859766336739,1.4976154093548324,0.4140945834325723,0.6074131590088473,-0.663350915259306,0.22123354196921952,0.884662367421774,62.61256527829609,-0.4656622470276699,1.0,0.9444444444444444,0.9444444444444444,0.0477082931107782,0.11821049625017022,0.10465215982970189,-4.350000381469727,0.18199992179870605,NVDA
2023-06-30,0.0021708166027267772,-0.02475895787548843,0.04720319328973566,-0.07815239733847801,-0.08014922467358754,0.14197920924184698,0.15667214410111793,-0.3910114407016708,-2.7504947673784308e-05,0.008339483644133727,51.340807606602574,0.06117819773377238,0.05555555555555555,0.3888888888888889,0.2222222222222222,0.0477082931107782,0.0021708166027267772,-0.02544256503923037,-4.350000381469727,0.18199992179870605,TLT
2023-06-30,0.06913390215244797,-0.011409590054070717,-0.05408098346856682,0.18169613052951816,0.10528356471575062,0.20874545167169536,0.23492114085656732,-0.26043735879211327,0.018046517730000877,-0.01595362138779377,57.7985489173709,0.1026520368743992,0.5,0.6666666666666666,0.7222222222222222,0.0477082931107782,0.06913390215244797,0.07773820511653118,-4.350000381469727,0.18199992179870605,XLE
2023-06-30,0.06616035087626071,0.05322724144382307,-0.004991265433075376,0.09452546416400742,0.026604922293756106,0.13327884799819315,0.15096275702355463,-0.2580533369853154,0.03572460584570614,0.01265736329900835,64.28997932612089,0.024956159318842264,0.3888888888888889,0.3333333333333333,0.6111111111111112,0.0477082931107782,0.06616035087626071,0.04805695530156506,-4.350000381469727,0.18199992179870605,XLF
2023-06-30,0.06053190652069551,0.1537264248477761,0.40315644001239037,0.3809195593699468,0.3021009088735034,0.17236228782195315,0.1882469753041115,-0.33559072094357156,0.09036989415408292,0.2496486383321348,66.97811440179362,-0.17956533647698358,0.7777777777777778,0.5,0.5555555555555556,0.0477082931107782,0.06053190652069551,0.025825386821741514,-4.350000381469727,0.18199992179870605,XLK
2023-06-30,0.042606448692104726,0.02947910118145769,-0.015118294205134108,0.051800257983469544,0.008818101310324566,0.10712552373670434,0.11179204825450874,-0.14509541931131176,0.013347444511867312,0.01988577349636822,60.08344616376709,0.14893706587969802,0.2777777777777778,0.2222222222222222,0.4444444444444444,0.0477082931107782,0.042606448692104726,0.010698485030546712,-4.350000381469727,0.18199992179870605,XLV
2023-06-30,0.049618249901867806,-0.01349050945182051,-0.011667468465825781,0.2956374027151316,0.23438917228836775,0.1905599444416335,0.2517119677930649,-0.20508628406656537,0.00045742677048554725,0.008347228389435024,55.57138616208691,0.323917356532191,0.6111111111111112,0.6111111111111112,0.5,0.0477082931107782,0.049618249901867806,-9.323606389943784e-05,-4.350000381469727,0.18199992179870605,XOM
2023-07-31,0.012785391554662295,0.15936907034312942,0.36545917155865393,0.21606680118009836,0.20071518736401983,0.1427024927092599,0.16214010521201475,-0.30885189002876046,0.05743800209020389,0.23743049634821634,66.6058807670731,-0.09544388974267903,0.7777777777777778,0.3888888888888889,0.5555555555555556,0.023151270596997342,0.012785391554662295,-0.04238377184857489,0.039999961853027344,0.1400001049041748,AAPL
2023-07-31,0.025467873963526566,0.26770978230938347,0.29622802517189806,-0.009410924795708042,-0.03401257089061693,0.2624278560946389,0.2760457502995781,-0.5338820133249675,0.05611598115661476,0.2676358136479948,60.18911094680621,-0.35846711006450227,0.2777777777777778,0.7222222222222222,0.6666666666666666,0.023151270596997342,0.025467873963526566,0.0323907994336623,0.039999961853027344,0.1400001049041748,AMZN
2023-07-31,-0.04092037651288716,-0.0037542402205160696,0.2632245809661651,0.2279169167766384,0.28030758521598176,0.2211187526109773,0.31328001187831794,-0.6589166674279067,-0.00732418649013411,0.09564962800798038,43.50822636140361,-111.96100807562387,0.8333333333333334,0.6111111111111112,0.05555555555555555,0.023151270596997342,-0.04092037651288716,-0.11285070504336647,0.039999961853027344,0.1400001049041748,BTC-USD
2023-07-31,-0.039844325996528096,-0.019207512643141356,0.1699470135104546,0.07453678976869194,0.11912767779447231,0.30822948686189444,0.34208633594765453,-0.67776692734051,-0.0018640627686165034,0.04438533838081926,45.73712439769361,-4.697607287686722,0.4444444444444444,0.8888888888888888,0.1111111111111111,0.023151270596997342,-0.039844325996528096,-0.11341852341775926,0.039999961853027344,0.1400001049041748,ETH-USD
2023-07-31,0.02288664235862692,-0.013257559024801524,0.016387059703444784,0.11121267106161925,0.08634977234557062,0.10334888719156665,0.1181285958581401,-0.21032844203783363,0.00796091154593892,0.04307798323174605,54.11737595559635,0.1025027971981578,0.5,0.16666666666666666,0.6111111111111112,0.023151270596997342,0.02288664235862692,-0.012777635059315506,0.039999961853027344,0.1400001049041748,GLD
2023-07-31,0.10877198938926536,0.23644510612623648,0.34277630985672003,0.14099039378010958,0.029057736576291626,0.31870308466346864,0.2821926615944675,-0.44320037404815904,0.0802628253746569,0.2739563773897271,69.76658568872605,1.2263267722623383,0.5555555555555556,0.9444444444444444,1.0,0.023151270596997342,0.10877198938926536,0.025994694652548445,0.039999961853027344,0.1400001049041748,GOOGL
2023-07-31,-0.006516909225797174,-0.0330978443769534,-0.02201680270751749,-0.06671053850111264,-0.06058847889238628,0.08439880094714308,0.08549719008407913,-0.19061301672777542,-0.008084774399999994,-0.006293850599162987,45.15320112504827,-0.033847015519241685,0.1111111111111111,0.05555555555555555,0.2777777777777778,0.023151270596997342,-0.006516909225797174,-0.0073089051744865685,0.039999961853027344,0.1400001049041748,IEF
2023-07-31,0.01214357307075642,0.031118079075267424,0.04031366074941922,-0.012978346840262223,-0.02482051023137044,0.27881430790754924,0.1791663825282188,-0.165970800434876,0.035624940050678955,0.02404515046354949,54.91276839068315,0.8128930142405333,0.2222222222222222,0.7777777777777778,0.5,0.023151270596997342,0.01214357307075642,-0.02791218814798757,0.039999961853027344,0.1400001049041748,JNJ
2023-07-31,0.09354266308656056,0.1504977842814874,0.14527721218494372,0.41228992962890776,0.2914813269769212,0.150361691195842,0.18382667441721884,-0.3877157439338341,0.09728923744627616,0.17256517449897646,72.1531324696131,0.21656640733021826,0.9444444444444444,0.5,0.8888888888888888,0.023151270596997342,0.09354266308656056,-0.07362636137970202,0.039999961853027344,0.1400001049041748,JPM
2023-07-31,0.0005379162760601464,-0.009198968186998835,-0.008009396240199584,-0.023173761947993587,-0.023698930183782774,0.0981903633112505,0.08920412792701508,-0.2454190292770655,0.007937265203343369,0.02010194111819974,53.0896650724758,-0.010665515988316249,0.16666666666666666,0.1111111111111111,0.3888888888888889,0.023151270596997342,0.0005379162760601464,-0.012290427705715423,0.039999961853027344,0.1400001049041748,LQD
2023-07-31,-0.013566958215250224,0.09566585430167729,0.3619207758569494,0.2081178591279904,0.2247337710242827,0.2845233117746832,0.2420979023060312,-0.37148484613572896,0.0017122360904218148,0.21330870570156746,47.54220533970311,-1.8385298529758503,0.7222222222222222,0.8333333333333334,0.2222222222222222,0.023151270596997342,-0.013566958215250224,-0.022225719293331947,0.039999961853027344,0.1400001049041748,MSFT
2023-07-31,0.10465215982970189,0.6841628418234773,1.3924739247069584,1.5748846626946538,1.3309461170940993,0.3201635701387882,0.6078620004867135,-0.663350915259306,0.13157459404686045,0.8213569223439705,64.63131038475615,-0.12469254842968991,1.0,1.0,0.9444444444444444,0.023151270596997342,0.10465215982970189,0.056196557654731416,0.039999961853027344,0.1400001049041748,NVDA
2023-07-31,-0.02544256503923037,-0.05277633792002445,-0.051908913416850666,-0.12292831026387585,-0.10003078497735718,0.13797622849358246,0.15003517760445453,-0.3910114407016708,-0.013507006756609985,-0.016556109448566003,43.431994725999125,-0.12341964122740204,0.05555555555555555,0.3333333333333333,0.16666666666666666,0.023151270596997342,-0.02544256503923037,-0.031420675786870245,0.039999961853027344,0.1400001049041748,TLT
2023-07-31,0.07773820511653118,0.036656225441290324,-0.008433642836953692,0.1613392600495014,0.07757083727390968,0.1980906653257186,0.2260650781795264,-0.238416066702821,0.08259507399487664,0.04909961666126739,70.45803873128409,0.1639642194708838,0.6666666666666666,0.5555555555555556,0.8333333333333334,0.023151270596997342,0.07773820511653118,0.016460902584092274,0.039999961853027344,0.1400001049041748,XLE
2023-07-31,0.04805695530156506,0.06989824999241412,-0.02448958539612911,0.07021890814315523,0.021145752365350656,0.1092935846877931,0.14490257550049196,-0.2580533369853154,0.05480841701271166,0.050116675058171856,65.08204581702141,-0.0010376410290727778,0.3888888888888889,0.2222222222222222,0.7777777777777778,0.023151270596997342,0.04805695530156506,-0.026889262206196585,0.039999961853027344,0.1400001049041748,XLF
2023-07-31,0.025825386821741514,0.1849339191924706,0.31743236534635266,0.248619751962879,0.21718546645780434,0.14892045208305,0.18032229316119167,-0.33559072094357156,0.049549384758781345,0.23581450540212257,61.744707705600675,-0.15813716435508152,0.8888888888888888,0.4444444444444444,0.7222222222222222,0.023151270596997342,0.025825386821741514,-0.015082638515759195,0.039999961853027344,0.1400001049041748,XLK
2023-07-31,0.010698485030546712,0.008778667539254714,0.014004504761544911,0.02965200746357155,0.018752894868000247,0.1253777802307627,0.10872163004909902,-0.14509541931131176,0.023351573835880934,0.022853450832682976,56.53663939047144,0.19518185529873577,0.3333333333333333,0.2777777777777778,0.4444444444444444,0.023151270596997342,0.010698485030546712,-0.007007269027951013,0.039999961853027344,0.1400001049041748,XLV
2023-07-31,-9.323606389943784e-05,-0.08593397844256057,-0.06040070691109567,0.1446200875855006,0.1447268174081957,0.2533246211581939,0.2448939925909595,-0.18925355102729002,0.02144224078678625,-0.00450664465179651,57.9860384251677,0.358907879541327,0.6111111111111112,0.6666666666666666,0.3333333333333333,0.023151270596997342,-9.323606389943784e-05,0.04533278325786427,0.039999961853027344,0.1400001049041748,XOM
2023-08-31,-0.04238377184857489,0.06134659515737928,0.2779584638509096,0.20203856672986276,0.25524038899201673,0.2650814597637819,0.1906739669921793,-0.30885189002876046,0.007451714249325336,0.15394243902258387,59.87209508861641,1.4835392138092969,0.6666666666666666,0.7777777777777778,0.2222222222222222,-0.01826768583467322,-0.04238377184857489,-0.08867820123665349,-0.06000041961669922,0.13399982452392578,AAPL
2023-08-31,0.0323907994336623,0.14455127227649656,0.4646077638782229,0.0886644960275329,0.05450813454046721,0.36007107052661214,0.30509533946486067,-0.5338820133249675,0.03982696374161376,0.2667562900835396,58.249561951941715,-0.17403663813281567,0.4444444444444444,0.8888888888888888,0.8888888888888888,-0.01826768583467322,0.0323907994336623,-0.07890726899285905,-0.06000041961669922,0.13399982452392578,AMZN
2023-08-31,-0.11285070504336647,-0.047325559243323156,0.12027807579582062,0.29335552680980603,0.45787809804101687,0.3929630540655298,0.27648548194369776,-0.5959534796642056,-0.09293513542262133,-0.05779888029894753,36.63274576194042,92.7512530529691,0.8333333333333334,0.9444444444444444,0.1111111111111111,-0.01826768583467322,-0.11285070504336647,0.03780148007285433,-0.06000041961669922,0.13399982452392578,BTC-USD
2023-08-31,-0.11341852341775926,-0.12191858242595177,0.024748825452607592,0.05918460137650006,0.19468388338051223,0.34696345638461784,0.2978370069555976,-0.6073066250760947,-0.08996863125177745,-0.08718858406059837,37.35760765393812,4.396588655534828,0.2777777777777778,0.8333333333333334,0.05555555555555555,-0.01826768583467322,-0.11341852341775926,0.013553814250435225,-0.06000041961669922,0.13399982452392578,ETH-USD
2023-08-31,-0.012777635059315506,-0.012615198329099075,0.060313379472192175,0.1302819077250934,0.14491116476378108,0.06754425995504812,0.09690035792408196,-0.21032844203783363,0.004491833640679399,0.014437529388969583,57.978202473880465,0.5309378821044465,0.5,0.05555555555555555,0.5555555555555556,-0.01826768583467322,-0.012777635059315506,-0.047605861131121974,-0.06000041961669922,0.13399982452392578,GLD
2023-08-31,0.025994694652548445,0.10824462760382136,0.5119922554352587,0.2582703766872405,0.22639072428474094,0.21277416706778507,0.265965712181234,-0.44320037404815904,0.07988143707671291,0.2575499808294279,66.14206987969771,0.4279769463138756,0.7222222222222222,0.7222222222222222,0.8333333333333334,-0.01826768583467322,0.025994694652548445,-0.038995645633203346,-0.06000041961669922,0.13399982452392578,GOOGL
2023-08-31,-0.0073089051744865685,-0.026157699409175783,0.0036629798900718047,-0.03639607992022276,-0.029301335427864172,0.08328722198561338,0.0818908132683808,-0.19061301672777542,-0.003485110489126808,-0.015829566321099664,53.67345734457456,0.1735406928164952,0.1111111111111111,0.1111111111111111,0.6666666666666666,-0.01826768583467322,-0.0073089051744865685,-0.03138807735520144,-0.06000041961669922,0.13399982452392578,IEF
2023-08-31,-0.02791218814798757,0.05026339775111288,0.07061596355713995,0.03092508681304218,0.06052670781761327,0.17645904637937251,0.1994824802489283,-0.165970800434876,-0.023443013457260964,-0.006748128737437908,37.3171750183951,-0.9624266905664967,0.2222222222222222,0.5,0.3333333333333333,-0.01826768583467322,-0.02791218814798757,-0.03667749506370621,-0.06000041961669922,0.13399982452392578,JNJ
2023-08-31,-0.07362636137970202,0.08566013209347578,0.035864810692761706,0.32705916578139616,0.43253122763495555,0.14483673093542304,0.16529378736300113,-0.3877157439338341,-0.02338417017980765,0.058442203031521034,37.665410157626866,-0.5137523347354608,0.9444444444444444,0.3888888888888889,0.16666666666666666,-0.01826768583467322,-0.07362636137970202,-0.008952259886439218,-0.06000041961669922,0.13399982452392578,JPM
2023-08-31,-0.012290427705715423,-0.0037531847548297748,0.022424241813216117,0.009534070897623481,0.022096068738753027,0.09221302375934305,0.08957144815151001,-0.2454190292770655,0.00010842976881897393,-0.00014652830945227624,55.45304869320824,0.23189995832127402,0.16666666666666666,0.16666666666666666,0.6111111111111112,-0.01826768583467322,-0.012290427705715423,-0.03557288867633357,-0.06000041961669922,0.13399982452392578,LQD
2023-08-31,-0.022225719293331947,0.0001946206731568978,0.31974960560298116,0.2656383888250162,0.2944075271751878,0.15595943423880482,0.23362039213091546,-0.37148484613572896,-0.01392476659841324,0.14194291453731256,51.32214899701671,1.2794526452526345,0.7777777777777778,0.4444444444444444,0.4444444444444444,-0.01826768583467322,-0.022225719293331947,-0.03664264810995965,-0.06000041961669922,0.13399982452392578,MSFT
2023-08-31,0.056196557654731416,0.30464951828459474,1.1264860166634776,2.2725454935623133,2.0984246917344165,0.5060593953324919,0.41246542308513434,-0.663350915259306,0.10757010735588679,0.6819971141390164,65.24733301447972,0.47136563302829004,1.0,1.0,1.0,-0.01826768583467322,0.056196557654731416,-0.11857812958962244,-0.06000041961669922,0.13399982452392578,NVDA
2023-08-31,-0.031420675786870245,-0.054014705903534965,-0.03488531305949172,-0.10996201642043668,-0.08108921868363561,0.17920587498380114,0.15415645732810715,-0.3910114407016708,-0.018317859182747864,-0.048964800938338215,51.77016325939011,0.41947627895823203,0.05555555555555555,0.5555555555555556,0.2777777777777778,-0.01826768583467322,-0.031420675786870245,-0.07951131772569975,-0.06000041961669922,0.13399982452392578,TLT
2023-08-31,0.016460902584092274,0.17121346934634918,0.08303750504584073,0.14995463006832743,0.1313318861009427,0.14002782107966832,0.18455920124451078,-0.238416066702821,0.048100474461361564,0.062212376724554375,60.8958682504813,-0.06008910152903202,0.5555555555555556,0.3333333333333333,0.7777777777777778,-0.01826768583467322,0.016460902584092274,0.02403301904836841,-0.06000041961669922,0.13399982452392578,XLE
2023-08-31,-0.026889262206196585,0.08735079643339727,-0.028396961959379796,0.062239013671271604,0.09159109278717459,0.11538978462900436,0.12052183813909884,-0.2580533369853154,0.0005704389390350784,0.015244996789489207,50.34314772515185,0.0066912194586979945,0.3333333333333333,0.2777777777777778,0.3888888888888889,-0.01826768583467322,-0.026889262206196585,-0.030882294425773393,-0.06000041961669922,0.13399982452392578,XLF
2023-08-31,-0.015082638515759195,0.07151184080495665,0.29223942179631157,0.31125194198512585,0.3313319403864592,0.191012479488605,0.1742579255538007,-0.33559072094357156,0.019090462594433255,0.17294485057287057,60.56730328918133,0.4812009359005446,0.8888888888888888,0.6111111111111112,0.5,-0.01826768583467322,-0.015082638515759195,-0.06478353021587213,-0.06000041961669922,0.13399982452392578,XLK
2023-08-31,-0.007007269027951013,0.04637677305255039,0.05590980094793485,0.08504833089805564,0.09270521027469414,0.10001240306545235,0.1088024063843488,-0.14509541931131176,0.0005677370943226734,0.010097837238104868,46.86999588589733,-0.09952242373593151,0.3888888888888889,0.2222222222222222,0.7222222222222222,-0.01826768583467322,-0.007007269027951013,-0.029591694836542892,-0.06000041961669922,0.13399982452392578,XLV
2023-08-31,0.04533278325786427,0.09709806788468378,0.028789310540120905,0.2016067857106787,0.14949689223921014,0.19709431787116638,0.2141761434376999,-0.18925355102729002,0.0515634396675988,0.03585383674084541,61.65332770466514,0.1383310944063787,0.6111111111111112,0.6666666666666666,0.9444444444444444,-0.01826768583467322,0.04533278325786427,0.057469010972635015,-0.06000041961669922,0.13399982452392578,XOM
2023-09-29,-0.08867820123665349,-0.11614568941820691,0.04110579441403872,0.2462063704316908,0.367471262207026,0.22258399747834642,0.21233639473505886,-0.30885189002876046,-0.05507678779696257,0.03206560275382797,38.27907511305648,-0.5108837436352034,0.5,0.7777777777777778,0.1111111111111111,-0.032994999363038645,-0.08867820123665349,-0.0025701203032729714,3.950000762939453,0.48000001907348633,AAPL
2023-09-29,-0.07890726899285905,-0.024854233266337178,0.23070966811727822,0.12495577651842504,0.22132738501624716,0.32477898746735895,0.31718622913180544,-0.5338820133249675,-0.056353049968912106,0.12339892116419016,37.26233920722582,-1.553357888125338,0.4444444444444444,1.0,0.2222222222222222,-0.032994999363038645,-0.07890726899285905,0.046963447626806376,3.950000762939453,0.48000001907348633,AMZN
2023-09-29,0.03780148007285433,-0.1169899194154349,-0.05501569715733867,0.3849327314415931,0.33448714232356846,0.20535237376803125,0.27002567596556337,-0.3098272271623127,0.009781900521847575,-0.038691101187618315,55.441248678075105,67.02619727320145,0.7777777777777778,0.7222222222222222,0.9444444444444444,-0.032994999363038645,0.03780148007285433,0.28820381396030026,3.950000762939453,0.48000001907348633,BTC-USD
2023-09-29,0.013553814250435225,-0.13720599590166727,-0.08456442296515376,0.25600201713405735,0.2392060485342089,0.25221185636989846,0.2561638481288074,-0.27868989112204223,0.004662487340670207,-0.07606393171538806,58.27993550753339,9.248086059819805,0.5555555555555556,0.8888888888888888,0.8333333333333334,-0.032994999363038645,0.013553814250435225,0.08904084926326483,3.950000762939453,0.48000001907348633,ETH-USD
2023-09-29,-0.047605861131121974,-0.03825661727025775,-0.06423973471260391,0.10848903457649328,0.16389737120075432,0.08124070740362063,0.08915426147071924,-0.20917967055324527,-0.03864918527782191,-0.04079383437377604,24.846231192374702,-0.687257797472562,0.3333333333333333,0.16666666666666666,0.3333333333333333,-0.032994999363038645,-0.047605861131121974,0.07372411557093361,3.950000762939453,0.48000001907348633,GLD
2023-09-29,-0.038995645633203346,0.09323295922604125,0.2615443452420263,0.3681128234881823,0.423628121216608,0.1979552909982593,0.2556794196505768,-0.44320037404815904,-0.005083402573347495,0.16838180402925107,45.55720563199661,-0.817853257327955,0.6666666666666666,0.6111111111111112,0.3888888888888889,-0.032994999363038645,-0.038995645633203346,-0.0518110175641594,3.950000762939453,0.48000001907348633,GOOGL
2023-09-29,-0.03138807735520144,-0.04473378961234231,-0.06271723043524735,-0.020251016529736487,0.011497959673111735,0.05528718057431764,0.07539535829120642,-0.19061301672777542,-0.02256251104997742,-0.04426100086081741,33.10900646955302,-0.11166616808009833,0.1111111111111111,0.05555555555555555,0.6111111111111112,-0.032994999363038645,-0.03138807735520144,-0.019277493167435544,3.950000762939453,0.48000001907348633,IEF
2023-09-29,-0.03667749506370621,-0.05219427856309633,0.019770696046655045,-0.0191669025503165,0.018177289976784916,0.13226719541730722,0.20246483799504203,-0.165970800434876,-0.059205921262207695,-0.03631477845222675,30.161336691803356,-0.4526168836187485,0.16666666666666666,0.3333333333333333,0.4444444444444444,-0.032994999363038645,-0.03667749506370621,-0.04757625037861002,3.950000762939453,0.48000001907348633,JNJ
2023-09-29,-0.008952259886439218,0.0039601960519908275,0.12932146946859802,0.431342679206411,0.44427217910047245,0.1470597663778245,0.15201620472662966,-0.3877157439338341,-0.034269996231983124,0.03750945262512029,42.39916397620903,0.0033176937798147232,0.9444444444444444,0.3888888888888889,0.7777777777777778,-0.032994999363038645,-0.008952259886439218,-0.03402236476666931,3.950000762939453,0.48000001907348633,JPM
2023-09-29,-0.03557288867633357,-0.04691370536610462,-0.050488085471993904,0.03554611971080002,0.07374223261882751,0.06824312252620941,0.08820491501753877,-0.2454190292770655,-0.025739254856486093,-0.03547163102285644,32.34176273261784,-0.19600465808944967,0.2222222222222222,0.1111111111111111,0.5555555555555556,-0.032994999363038645,-0.03557288867633357,-0.024118901067440968,3.950000762939453,0.48000001907348633,LQD
2023-09-29,-0.03664264810995965,-0.07083330078246164,0.09993135839761846,0.3688295041452285,0.4208948542923141,0.18610934050200476,0.2163920466911783,-0.37148484613572896,-0.03464509488730261,0.06966440869039436,39.442020613839446,-1.644482909390697,0.7222222222222222,0.5555555555555556,0.5,-0.032994999363038645,-0.03664264810995965,0.07081558224716633,3.950000762939453,0.48000001907348633,MSFT
2023-09-29,-0.11857812958962244,0.028381170175615367,0.5662988156395552,2.585600474309446,3.0679731178442866,0.2629368313976865,0.3890318586832308,-0.663350915259306,-0.03190901763881726,0.3534535699980954,46.85035101964065,-0.13297821424019252,1.0,0.9444444444444444,0.05555555555555555,-0.032994999363038645,-0.11857812958962244,-0.06250707271488931,3.950000762939453,0.48000001907348633,NVDA
2023-09-29,-0.07951131772569975,-0.1311174278996139,-0.15263005490099335,-0.10720802895929493,-0.03008913826638626,0.1527580849929417,0.1578444663680261,-0.3910114407016708,-0.06292340545703201,-0.11694378902467462,29.458784577787796,-0.34260698903683573,0.05555555555555555,0.4444444444444444,0.16666666666666666,-0.032994999363038645,-0.07951131772569975,-0.05463187866994812,3.950000762939453,0.48000001907348633,TLT
2023-09-29,0.02403301904836841,0.12180641035723005,0.1090070590950254,0.3020510393910534,0.2714932186474286,0.20376642534830933,0.18378810807099627,-0.2021924470668044,0.022194756371457736,0.08191101932389855,51.987273202219654,-0.08060709110187136,0.6111111111111112,0.6666666666666666,0.8888888888888888,-0.032994999363038645,0.02403301904836841,-0.057528445448852716,3.950000762939453,0.48000001907348633,XLE
2023-09-29,-0.030882294425773393,-0.011620617735630723,0.0409880902822517,0.11478168570688863,0.150305767085694,0.11456422980759194,0.11493630847164776,-0.2580533369853154,-0.03509390621283226,-0.01445016781487074,34.41254036492916,-0.13241575774293257,0.3888888888888889,0.2777777777777778,0.6666666666666666,-0.032994999363038645,-0.030882294425773393,-0.024419515106869683,3.950000762939453,0.48000001907348633,XLF
2023-09-29,-0.06478353021587213,-0.05510101588824867,0.09015492678154646,0.3930074280660363,0.4895026692457398,0.1540842453044573,0.16988732494334421,-0.33559072094357156,-0.03760166187269187,0.07009818944283097,39.21365833917136,-0.33144248244317,0.8888888888888888,0.5,0.2777777777777778,-0.032994999363038645,-0.06478353021587213,0.00048810929934428593,3.950000762939453,0.48000001907348633,XLK
2023-09-29,-0.029591694836542892,-0.026082456928867903,0.002627756865722697,0.08036703445789017,0.1133118180351016,0.08948910623839365,0.10183508712011692,-0.14509541931131176,-0.030217321063870872,-0.017350955032154003,34.191785791732826,-0.2438668879644007,0.2777777777777778,0.2222222222222222,0.7222222222222222,-0.032994999363038645,-0.029591694836542892,-0.03262396487897856,3.950000762939453,0.48000001907348633,XLV
2023-09-29,0.057469010972635015,0.10530396064899894,0.09039284712072915,0.39116482706407396,0.3155608463500159,0.22550418430551447,0.2259633038989963,-0.1571056945493915,0.06024826237632541,0.08626403923362846,58.30751830124028,-0.05748879587343314,0.8333333333333334,0.8333333333333334,1.0,-0.032994999363038645,0.057469010972635015,-0.09976176988455987,3.950000762939453,0.48000001907348633,XOM
2023-10-31,-0.0025701203032729714,-0.12954639154128178,0.0091769908156063,0.12027570654392661,0.12316236895224297,0.15944985663264843,0.22046220156212212,-0.30885189002876046,-0.03366145829095346,0.00084764426180306,41.61371045970153,-0.5812466245386245,0.5,0.3333333333333333,0.6666666666666666,0.003243729112007179,-0.0025701203032729714,0.11378022655739528,0.6199989318847656,0.3020000457763672,AAPL
2023-10-31,0.046963447626806376,-0.004413497682645429,0.26211474812289404,0.29919946472097747,0.24092151227048508,0.4266155655721977,0.36861144462154366,-0.5338820133249675,0.007199986817301163,0.13132130584117285,55.50891614966214,0.6411885656812857,0.7777777777777778,1.0,0.7777777777777778,0.003243729112007179,0.046963447626806376,0.0976782655173829,0.6199989318847656,0.3020000457763672,AMZN
2023-10-31,0.28820381396030026,0.18602973696658198,0.18157709642533382,0.6914600151936814,0.3130375774883465,0.4130123436197797,0.3181463477953475,-0.200577733429132,0.21420164798139774,0.22630397974614058,82.65312939292686,334.5815084492515,0.9444444444444444,0.9444444444444444,1.0,0.003243729112007179,0.28820381396030026,0.08783270039094293,0.6199989318847656,0.3020000457763672,BTC-USD
2023-10-31,0.08904084926326483,-0.021390030384694336,-0.040186693748784585,0.15498331726261072,0.060550959171050245,0.2768676737037692,0.27877938971884186,-0.27868989112204223,0.10469820743866154,0.020317556247643198,72.16357731447076,16.72798598027787,0.6111111111111112,0.7222222222222222,0.9444444444444444,0.003243729112007179,0.08904084926326483,0.12997660282981038,0.6199989318847656,0.3020000457763672,ETH-USD
2023-10-31,0.07372411557093361,0.009542035514861658,-0.00384202760899488,0.2118359021790206,0.1286287460672786,0.1494435463456284,0.11405716232619256,-0.20729986991266447,0.035742637586545056,0.025286843516955315,65.08188675710446,0.747035889677254,0.6666666666666666,0.2222222222222222,0.8888888888888888,0.003243729112007179,0.07372411557093361,0.02531372564947043,0.6199989318847656,0.3020000457763672,GLD
2023-10-31,-0.0518110175641594,-0.06509953615906294,0.1559531032312751,0.3128771001247279,0.38461543473330106,0.39485577039355124,0.28643030461734187,-0.44320037404815904,-0.07357355359577966,0.06122892283803871,35.15920812953833,-1.8003468052350318,0.8333333333333334,0.8333333333333334,0.2777777777777778,0.003243729112007179,-0.0518110175641594,0.06810124022438546,0.6199989318847656,0.3020000457763672,GOOGL
2023-10-31,-0.019277493167435544,-0.057003504897343626,-0.0882146561402638,-0.02496068622551717,-0.005794904285858271,0.10415908082824435,0.08371255445517595,-0.18747254618097153,-0.022734480431424897,-0.056842189348490724,41.7653058509269,0.060381990023403054,0.2777777777777778,0.05555555555555555,0.6111111111111112,0.003243729112007179,-0.019277493167435544,0.04554435263906176,0.6199989318847656,0.3020000457763672,IEF
2023-10-31,-0.04757625037861002,-0.10811795565248705,-0.08036429967066994,-0.12280374560930907,-0.07898532062078845,0.15711317795077293,0.15239935094594032,-0.17433327959095235,-0.06222516595683458,-0.06987959623982676,32.52667476175044,-0.4880004733217689,0.05555555555555555,0.2777777777777778,0.3333333333333333,0.003243729112007179,-0.04757625037861002,0.05095414400362763,0.6199989318847656,0.3020000457763672,JNJ
2023-10-31,-0.03402236476666931,-0.11315476863665141,0.020313473684135497,0.13763215660329986,0.17770030599984454,0.1883475021636511,0.15840788858519,-0.23853175499535384,-0.037997904763365065,-0.007536488767914573,38.74486052683438,-0.6901475096022986,0.5555555555555556,0.5,0.3888888888888889,0.003243729112007179,-0.03402236476666931,0.12239334016884618,0.6199989318847656,0.3020000457763672,JPM
2023-10-31,-0.024118901067440968,-0.07040114576901124,-0.07895249605575272,0.018157546453279272,0.04332130990851568,0.11441882086065042,0.09418169567115489,-0.23130018055645596,-0.028851546860869992,-0.05416313139074436,40.591738108762534,0.06526046572429589,0.4444444444444444,0.1111111111111111,0.5555555555555556,0.003243729112007179,-0.024118901067440968,0.0757445228752418,0.6199989318847656,0.3020000457763672,LQD
2023-10-31,0.07081558224716633,0.008650499203795237,0.10514391090193942,0.4706260525991366,0.3733700526779278,0.25823059060699566,0.2066575288801959,-0.37148484613572896,0.03342944430291128,0.1074617354785794,58.29906977938753,0.7568704323078319,0.8888888888888888,0.6666666666666666,0.8333333333333334,0.003243729112007179,0.07081558224716633,0.12294530528694159,0.6199989318847656,0.3020000457763672,MSFT
2023-10-31,-0.06250707271488931,-0.12723651059401797,0.46987583855775306,2.023260614149347,2.2248356506586333,0.39743040219332487,0.4076693411326346,-0.6036194866511833,-0.08426367661950407,0.1580646833241579,39.773455506886414,-0.3452629208483482,1.0,0.8888888888888888,0.1111111111111111,0.003243729112007179,-0.06250707271488931,0.1468858452041817,0.6199989318847656,0.3020000457763672,NVDA
2023-10-31,-0.05463187866994812,-0.15714163642286405,-0.20162461423772982,-0.10244915700092705,-0.05058059104394608,0.24679820425508844,0.19690865321382658,-0.3836981178094767,-0.06582393588130264,-0.1498850444748111,39.492618163094534,0.13545888086968505,0.1111111111111111,0.6111111111111112,0.2222222222222222,0.003243729112007179,-0.05463187866994812,0.09923887572756795,0.6199989318847656,0.3020000457763672,TLT
2023-10-31,-0.057528445448852716,-0.018991229544003452,0.016968849105714723,-0.018010432621157424,0.04193019156585143,0.23554303578759545,0.19964304870269528,-0.17344013286075,-0.043555097190523084,0.014347522973851667,37.62528791290266,-0.24911901752252363,0.3333333333333333,0.5555555555555556,0.16666666666666666,0.003243729112007179,-0.057528445448852716,-0.00716061039882776,0.6199989318847656,0.3020000457763672,XLE
2023-10-31,-0.024419515106869683,-0.07997019424350149,-0.01566172088026152,-0.02830194996477886,-0.003979615129688141,0.1663561724303869,0.13299664982593665,-0.2028010745492994,-0.033145278942811496,-0.03429545418130875,43.93005756897714,-0.042142069988540865,0.2222222222222222,0.3888888888888889,0.5,0.003243729112007179,-0.024419515106869683,0.10939458849286376,0.6199989318847656,0.3020000457763672,XLF
2023-10-31,0.00048810929934428593,-0.07843945934912488,0.09198834320657356,0.2946128763421285,0.2939812720500634,0.1739960277661541,0.1735809862996583,-0.32270834507993396,-0.023351964792314495,0.040376564364292156,45.35299273761685,-0.2013422332798933,0.7222222222222222,0.4444444444444444,0.7222222222222222,0.003243729112007179,0.00048810929934428593,0.12895565552242783,0.6199989318847656,0.3020000457763672,XLK
2023-10-31,-0.03262396487897856,-0.06782833327143689,-0.05964510811971391,-0.046519023831057216,-0.014363658440577742,0.12199235087958042,0.10147225487658991,-0.12002627592124793,-0.04336542489345152,-0.04471461220571482,33.60751011642262,-0.49210616618161973,0.16666666666666666,0.16666666666666666,0.4444444444444444,0.003243729112007179,-0.03262396487897856,0.054360016890671714,0.6199989318847656,0.3020000457763672,XLV
2023-10-31,-0.09976176988455987,-0.004870336752888282,-0.09038578778191819,-0.01321837524170355,0.09613388073039131,0.29320926937003056,0.2462351130730331,-0.1557584902163226,-0.05647761566816356,-0.02592455609907507,37.37873070627182,-0.42960253789047664,0.3888888888888889,0.7777777777777778,0.05555555555555555,0.003243729112007179,-0.09976176988455987,-0.02050558989186113,0.6199989318847656,0.3020000457763672,XOM
2023-11-30,0.11378022655739528,0.012403496031345496,0.07451100343829609,0.29035816169473416,0.1585392979036151,0.1517610088285615,0.1907411913577938,-0.30885189002876046,0.06153221528551889,0.08749837974442354,65.1353471387101,-0.010993702843616227,0.6111111111111112,0.5,0.7222222222222222,0.08063517820500725,0.11378022655739528,0.01358274011651539,-5.219999313354492,-0.5229997634887695,AAPL
2023-11-30,0.0976782655173829,0.05854649773683218,0.21156074074852094,0.5132587005641278,0.3785994932229655,0.20991087046983062,0.32967392564879516,-0.5198483491885342,0.08544142511382402,0.1954321367407028,61.00496482950976,-0.10906043083694295,0.8333333333333334,0.8333333333333334,0.5555555555555556,0.08063517820500725,0.0976782655173829,0.04004385139407618,-5.219999313354492,-0.5229997634887695,AMZN
2023-11-30,0.08783270039094293,0.45432334652465167,0.3854966808297513,1.1966159084791816,1.0192589427489782,0.4010028707478185,0.3592320328874981,-0.200577733429132,0.09856218067320888,0.2788145468626937,59.85827705438564,-135.7993066288443,0.9444444444444444,0.9444444444444444,0.5,0.08063517820500725,0.08783270039094293,0.11631760357878007,-5.219999313354492,-0.5229997634887695,BTC-USD
2023-11-30,0.12997660282981038,0.24726987667749967,0.09520450141038705,0.5841430992829377,0.40192557555240915,0.41306136395998727,0.41309825860392047,-0.2737697304234308,0.10123430424752611,0.14439543752536355,57.665233149388555,-9.275786281395845,0.8888888888888888,1.0,0.9444444444444444,0.08063517820500725,0.12997660282981038,0.12089049120582551,-5.219999313354492,-0.5229997634887695,ETH-USD
2023-11-30,0.02531372564947043,0.04849458682561836,0.03526761966582659,0.14525819304678422,0.1169831870936251,0.1104111489002336,0.1244282765196096,-0.14161138266974083,0.04805099347200814,0.04697143869723974,67.16461838995505,0.5105028103062146,0.5,0.2222222222222222,0.16666666666666666,0.08063517820500725,0.02531372564947043,0.012821182352028115,-5.219999313354492,-0.5229997634887695,GLD
2023-11-30,0.06810124022438546,-0.026731473252869287,0.07861961598339384,0.3123079549594454,0.22863629919927564,0.18236608235425036,0.2799023925533427,-0.41878378769134184,-0.006074690642652758,0.09871025286550283,46.44110838725251,0.040615201356033026,0.6666666666666666,0.5555555555555556,0.3888888888888889,0.08063517820500725,0.06810124022438546,0.054025445261882465,-5.219999313354492,-0.5229997634887695,GOOGL
2023-11-30,0.04554435263906176,-0.006796106913488642,-0.03277603580086885,-0.01609445048002034,-0.05895379087792818,0.10153915616391261,0.0929865873530952,-0.15312954381607802,0.026010195457104812,-0.009182724070642245,61.824106570054724,0.1354688293627384,0.3333333333333333,0.05555555555555555,0.2222222222222222,0.08063517820500725,0.04554435263906176,0.037722880804648584,-5.219999313354492,-0.5229997634887695,IEF
2023-11-30,0.05095414400362763,-0.03575878738397187,0.01270725221376301,-0.10475735182208579,-0.14816202658712385,0.1256503162277459,0.1392115688787918,-0.17433327959095235,0.01765660524580248,-0.015022015560402058,63.97012123540595,0.8032570719804045,0.05555555555555555,0.3888888888888889,0.2777777777777778,0.08063517820500725,0.05095414400362763,0.013449100622039634,-5.219999313354492,-0.5229997634887695,JNJ
2023-11-30,0.12239334016884618,0.07450076291593621,0.16654264020185594,0.1632109385146283,0.03636657211423033,0.10883839645764577,0.15612351305799468,-0.21291807374131166,0.07041637367426978,0.10397437385579034,76.18608641892168,0.5637041483416332,0.5555555555555556,0.16666666666666666,0.7777777777777778,0.08063517820500725,0.12239334016884618,0.08982574626892759,-5.219999313354492,-0.5229997634887695,JPM
2023-11-30,0.0757445228752418,0.012454373189102474,0.00865444487068845,0.027005940591748656,-0.04530683749448716,0.10880942978703033,0.10573597502298941,-0.18107566703653422,0.045890934081840085,0.0205109059375177,67.9986868981062,0.2488501608189959,0.4444444444444444,0.1111111111111111,0.4444444444444444,0.08063517820500725,0.0757445228752418,0.04875260349411592,-5.219999313354492,-0.5229997634887695,LQD
2023-11-30,0.12294530528694159,0.15840574364220705,0.1586311933478235,0.4982747452943803,0.33423661708219377,0.18662110959655137,0.21762386804165357,-0.3077130638730299,0.10443447969229269,0.19503452747242367,66.59790627087222,-0.235054393370298,0.7777777777777778,0.6111111111111112,0.8333333333333334,0.08063517820500725,0.12294530528694159,-0.007574324259850385,-5.219999313354492,-0.5229997634887695,MSFT
2023-11-30,0.1468858452041817,-0.05229752458827619,0.23641957802302338,1.764677749191899,1.410595405595663,0.3042656584748389,0.3386855162029027,-0.5338630124296777,0.03751164493745063,0.2280126394804718,49.132348838890444,-0.26909328889075557,1.0,0.8888888888888888,1.0,0.08063517820500725,0.1468858452041817,0.05893412352881233,-5.219999313354492,-0.5229997634887695,NVDA
2023-11-30,0.09923887572756795,-0.043441608947418,-0.0951098291196818,-0.07922232819080133,-0.1623497929876696,0.20726844406594455,0.21264402429800902,-0.32126200463788823,0.04861750728291536,-0.05100803172935153,59.87062272882012,0.2667970200812524,0.1111111111111111,0.7777777777777778,0.6111111111111112,0.08063517820500725,0.09923887572756795,0.08685760406893661,-5.219999313354492,-0.5229997634887695,TLT
2023-11-30,-0.00716061039882776,-0.041788871193351285,0.12226978053591653,-0.037342704444012,-0.03039977499010027,0.19502591290723306,0.2132668162812907,-0.17344013286075,-0.026755650099259953,0.009958054498409252,46.26197926862815,0.08788158784228606,0.2777777777777778,0.6666666666666666,0.1111111111111111,0.08063517820500725,-0.00716061039882776,0.0007720304183138627,-5.219999313354492,-0.5229997634887695,XLE
2023-11-30,0.10939458849286376,0.048879688731453985,0.14050016490496042,0.008821874892642967,-0.09065549322432787,0.11642596706553963,0.14140996920025697,-0.2028010745492994,0.07000667430185437,0.07556655590896222,76.69363128743711,0.10284871305697219,0.3888888888888889,0.2777777777777778,0.6666666666666666,0.08063517820500725,0.10939458849286376,0.05253859505738334,-5.219999313354492,-0.5229997634887695,XLF
2023-11-30,0.12895565552242783,0.05633327724699555,0.13187361440646073,0.3745938148594783,0.21757998920106436,0.14726707861597127,0.16797611579436356,-0.30280438735001214,0.07987691837997923,0.14159722677421582,72.13498717941542,0.04314121278135197,0.7222222222222222,0.4444444444444444,0.8888888888888888,0.08063517820500725,0.12895565552242783,0.04182677040130489,-5.219999313354492,-0.5229997634887695,XLK
2023-11-30,0.054360016890671714,-0.010219809650752976,0.03568300160898419,-0.04002870107540246,-0.08952228503924897,0.1180255846641806,0.11126690591991474,-0.12002627592124793,0.021665764899040818,0.009727271949482752,62.336573448211844,0.3500394787847527,0.2222222222222222,0.3333333333333333,0.3333333333333333,0.08063517820500725,0.054360016890671714,0.0432610948054315,-5.219999313354492,-0.5229997634887695,XLV
2023-11-30,-0.02050558989186113,-0.06754675822417566,0.02299264994506678,-0.04573597064850943,-0.02575857554293015,0.2013254111893922,0.24540083612548952,-0.1557584902163226,-0.0465276514603995,-0.03986680097075279,41.04541017751203,0.11763766362438877,0.16666666666666666,0.7222222222222222,0.05555555555555555,0.08063517820500725,-0.02050558989186113,-0.026863931129327834,-5.219999313354492,-0.5229997634887695,XOM
2023-12-29,0.01358274011651539,0.12600698348648254,-0.004773873900270509,0.49008073913583194,0.47011258199260686,0.14068790455981878,0.15595543557739383,-0.30885189002876046,0.03199946643909124,0.07481852789285437,51.12144389877826,-0.8627517651336438,0.6111111111111112,0.3888888888888889,0.3333333333333333,0.04428797822165799,0.01358274011651539,-0.04222732637277793,-0.4700002670288086,-0.48600029945373535,AAPL
2023-12-29,0.04004385139407618,0.19524857739583057,0.16554159044197703,0.8088095528738839,0.7391666230701266,0.18525760782104572,0.2921277717619501,-0.5090806984139115,0.06217878874419824,0.18950552996092185,59.01225662889257,-0.14101702460687182,0.8333333333333334,0.7222222222222222,0.4444444444444444,0.04428797822165799,0.04004385139407618,0.021455801332457725,-0.4700002670288086,-0.48600029945373535,AMZN
2023-12-29,0.11631760357878007,0.5643519345406034,0.3813385277813184,1.5357135630697591,1.271498321750518,0.35396115961800395,0.3543500961416245,-0.200577733429132,0.04498839147205458,0.32516065716950293,50.17693580566477,-297.8837180653852,0.9444444444444444,0.9444444444444444,0.9444444444444444,0.04428797822165799,0.11631760357878007,0.01147767184566062,-0.4700002670288086,-0.48600029945373535,BTC-USD
2023-12-29,0.12089049120582551,0.37935739087439546,0.19010128635514856,0.9184687882827105,0.7115577331902161,0.42598733025308166,0.45334135576505064,-0.2737697304234308,0.06332019076209727,0.24019955824172667,55.0345718723131,-0.48164164414803423,0.8888888888888888,1.0,1.0,0.04428797822165799,0.12089049120582551,-0.007887301166036975,-0.4700002670288086,-0.48600029945373535,ETH-USD
2023-12-29,0.012821182352028115,0.11501896513101872,0.07236211133292247,0.12691581500094395,0.11265032232438021,0.15946074224310725,0.14276948319545965,-0.12093357562335272,0.02875033074378841,0.0504524240509423,59.846040469205164,0.24298696618597515,0.5,0.5555555555555556,0.2222222222222222,0.04428797822165799,0.012821182352028115,-0.014228180398366375,-0.4700002670288086,-0.48600029945373535,GLD
2023-12-29,0.054025445261882465,0.06747673681452837,0.1670007518927048,0.5832481304807535,0.5020966880807898,0.2588098286163823,0.29263849555664745,-0.4175674984122243,0.04561821834641422,0.11830007474618642,59.78778638024051,0.5620321827249848,0.7777777777777778,0.8333333333333334,0.7222222222222222,0.04428797822165799,0.054025445261882465,0.0029350051684655654,-0.4700002670288086,-0.48600029945373535,GOOGL
2023-12-29,0.037722880804648584,0.06406950096781538,0.016469639778610823,0.03644416451375121,-0.0012322329155024514,0.08720255799532083,0.09903573736964899,-0.15155189950586934,0.041117772225571336,0.026271267634465634,66.32964372354505,-0.004053116796699285,0.3333333333333333,0.05555555555555555,0.3888888888888889,0.04428797822165799,0.037722880804648584,0.0007262912102730112,-0.4700002670288086,-0.48600029945373535,IEF
2023-12-29,0.013449100622039634,0.014415613359975543,-0.038531077742489206,-0.0857835907143607,-0.09791581173192887,0.1543030581577208,0.14382188035833204,-0.17433327959095235,0.031087787715309956,-0.004665704748785138,57.98744105547708,-0.04085590237152881,0.05555555555555555,0.5,0.2777777777777778,0.04428797822165799,0.013449100622039634,0.013780707640336454,-0.4700002670288086,-0.48600029945373535,JNJ
2023-12-29,0.08982574626892759,0.18159655525495588,0.18627590926812254,0.3062671236557586,0.1986018206376836,0.10994641443759559,0.14721129388529608,-0.18899331613550074,0.1106381481993679,0.18008970899921972,81.00032982167694,0.1976656908603438,0.5555555555555556,0.16666666666666666,0.8888888888888888,0.04428797822165799,0.08982574626892759,0.031364730278615305,-0.4700002670288086,-0.48600029945373535,JPM
2023-12-29,0.04875260349411592,0.10097916922279926,0.04932815686366232,0.09404509372979075,0.043187011011724286,0.09927061935610267,0.11080843254737606,-0.17921690525195255,0.05904485225694778,0.06336457059442435,69.67963204042537,-0.06364946482531764,0.3888888888888889,0.1111111111111111,0.6111111111111112,0.04428797822165799,0.04875260349411592,-0.004427927767570949,-0.4700002670288086,-0.48600029945373535,LQD
2023-12-29,-0.007574324259850385,0.19335945343634986,0.1088298643294987,0.5819126855519055,0.5939860527813503,0.14247120027798377,0.20459265138838378,-0.29714382406363726,0.035058366780867045,0.1429434570430279,57.954212009436695,-0.49192104859261887,0.7222222222222222,0.4444444444444444,0.1111111111111111,0.04428797822165799,-0.007574324259850385,0.05728111143768855,-0.4700002670288086,-0.48600029945373535,MSFT
2023-12-29,0.05893412352881233,0.1385631828025311,0.17087693824934003,2.390172411030408,2.201495103144785,0.2883045534275496,0.3347510165217266,-0.5243058420704358,0.06083076820319433,0.22001192189064978,58.3109002737144,0.06229490896907608,1.0,0.8888888888888888,0.7777777777777778,0.04428797822165799,0.05893412352881233,0.24241735115321084,-0.4700002670288086,-0.48600029945373535,NVDA
2023-12-29,0.08685760406893661,0.1294465440712924,-0.018643581737443404,0.02767957495992679,-0.054448741847562654,0.19064306011122886,0.21881224221611908,-0.3123455774677454,0.08659961456949605,0.033832916155576154,63.374342154757095,-0.06851565187339181,0.2777777777777778,0.7777777777777778,0.8333333333333334,0.04428797822165799,0.08685760406893661,-0.02245146143371557,-0.4700002670288086,-0.48600029945373535,TLT
2023-12-29,0.0007720304183138627,-0.06355471053423123,0.05051032867153138,-0.006302303046912483,-0.007068876077870989,0.18471414828020782,0.20652634976255044,-0.17344013286075,-0.0030876356030480334,0.008459036457133529,49.56021870320049,0.09760612589496945,0.16666666666666666,0.6666666666666666,0.16666666666666666,0.04428797822165799,0.0007720304183138627,-0.005128879459365243,-0.4700002670288086,-0.48600029945373535,XLE
2023-12-29,0.05253859505738334,0.13916642695893233,0.12592860937397843,0.12030880082589945,0.06438738311997128,0.11812397828587752,0.13916945901931693,-0.2028010745492994,0.07804719381646241,0.12349903160814457,70.19041965527452,-0.020339048291905915,0.4444444444444444,0.3333333333333333,0.6666666666666666,0.04428797822165799,0.05253859505738334,0.030851256330234778,-0.4700002670288086,-0.48600029945373535,XLF
2023-12-29,0.04182677040130489,0.17675032707207472,0.11191018860357449,0.5601839418544972,0.4975464119179087,0.11405341111949573,0.15140204263778384,-0.29084585934860374,0.06726045915017975,0.15236375848672323,67.61367709985979,-0.11136465082187708,0.6666666666666666,0.2777777777777778,0.5,0.04428797822165799,0.04182677040130489,0.027015650996347507,-0.4700002670288086,-0.48600029945373535,XLK
2023-12-29,0.0432610948054315,0.06408731201713214,0.0363333005328903,0.020665708800856386,-0.021658419083277702,0.11204647997615105,0.11740572425734386,-0.12002627592124793,0.05138534057812327,0.04730572845824743,68.64333173262027,0.1379794005429673,0.2222222222222222,0.2222222222222222,0.5555555555555556,0.04428797822165799,0.0432610948054315,0.02932984353777357,-0.4700002670288086,-0.48600029945373535,XLV
2023-12-29,-0.026863931129327834,-0.14190971773931083,-0.05154941242284283,-0.06261542974479317,-0.03673843746944361,0.18199261171308492,0.22960968271509727,-0.17681707893760068,-0.03241280054054774,-0.059665179309637995,42.032597025739115,0.14607081920011633,0.1111111111111111,0.6111111111111112,0.05555555555555555,0.04428797822165799,-0.026863931129327834,0.028305498740329282,-0.4700002670288086,-0.48600029945373535,XOM
2024-01-31,-0.04222732637277793,0.0812376298819939,-0.058832803467866346,0.28512538047494806,0.3417853900633796,0.24067434592635062,0.18628632329528663,-0.1900831331141093,-0.03363917125530924,0.013213448074597123,39.61300336725543,-0.1431473561375226,0.6111111111111112,0.7777777777777778,0.05555555555555555,0.022254991281864454,-0.04222732637277793,-0.018543329245984674,1.9000005722045898,0.10100007057189941,AAPL
2024-01-31,0.021455801332457725,0.1661281930928784,0.16098148901499543,0.5048967427670372,0.4732862066121175,0.2206159887400387,0.20364295600405144,-0.4641348843949493,0.029419355408093928,0.16408800820339287,53.103562266467016,0.15283887956979347,0.8333333333333334,0.7222222222222222,0.6111111111111112,0.022254991281864454,0.021455801332457725,0.1389175127740745,1.9000005722045898,0.10100007057189941,AMZN
2024-01-31,0.01147767184566062,0.22830489674761067,0.4568061336043332,0.8402733176712729,0.8193909454405399,0.4165312522582829,0.4101246986321213,-0.200577733429132,-0.0068669582042995,0.25311616768553,51.71865481332148,212.93535761619432,0.9444444444444444,1.0,0.5,0.022254991281864454,0.01147767184566062,0.43716858418659976,1.9000005722045898,0.10100007057189941,BTC-USD
2024-01-31,-0.007887301166036975,0.256590131254254,0.22971163016561835,0.4386974491913378,0.4501351014680579,0.3866606542623619,0.45956142243279124,-0.2737697304234308,-0.021903653928556643,0.17642486781940403,45.187972512573054,-14.769639061252363,0.7222222222222222,0.9444444444444444,0.2222222222222222,0.022254991281864454,-0.007887301166036975,0.46412031614766525,1.9000005722045898,0.10100007057189941,ETH-USD
2024-01-31,-0.014228180398366375,0.023684071362296777,0.03345210112723418,0.050387342409056624,0.0655481537639564,0.09304665331203439,0.12302139825140349,-0.12093357562335272,0.0026976140778844915,0.033424084376291185,52.27148197255777,0.0016804883581953423,0.3888888888888889,0.2222222222222222,0.16666666666666666,0.022254991281864454,-0.014228180398366375,0.004563548019519192,1.9000005722045898,0.10100007057189941,GLD
2024-01-31,0.0029350051684655654,0.12911013140435723,0.05560558557743489,0.4174421728658102,0.4132941472391014,0.32823382384350613,0.25669506746941295,-0.37658901652739774,0.006896511223325019,0.08534974696964803,43.61729262352508,-0.0764498210074751,0.6666666666666666,0.8333333333333334,0.4444444444444444,0.022254991281864454,0.0029350051684655654,-0.011705774367416488,1.9000005722045898,0.10100007057189941,GOOGL
2024-01-31,0.0007262912102730112,0.08577331291458257,0.02388042855445116,0.00133785516287932,0.0006111201014482592,0.06676390997103314,0.0854894837976165,-0.14690296814502202,0.016943577818107514,0.028571839021961365,62.53923711656465,0.004812171686979061,0.2222222222222222,0.05555555555555555,0.3888888888888889,0.022254991281864454,0.0007262912102730112,-0.020826425440735208,1.9000005722045898,0.10100007057189941,IEF
2024-01-31,0.013780707640336454,0.07976620570653803,-0.0369759090370958,0.0018471174595005024,-0.011771372340091624,0.11615580857676001,0.12855237696162133,-0.17433327959095235,0.011258212813570978,0.0045756912891468104,48.96310462330275,-0.48019897216306007,0.2777777777777778,0.3333333333333333,0.5555555555555556,0.022254991281864454,0.013780707640336454,0.023318411702155206,1.9000005722045898,0.10100007057189941,JNJ
2024-01-31,0.031364730278615305,0.2615789103795385,0.11882524065866296,0.28136505254370237,0.24239758731865035,0.14085596937470563,0.12215165248307108,-0.13486560950968796,0.061586383072190554,0.1779561831590848,65.5534365529785,0.05407448819708183,0.5555555555555556,0.4444444444444444,0.8888888888888888,0.022254991281864454,0.031364730278615305,0.06710268216676196,1.9000005722045898,0.10100007057189941,JPM
2024-01-31,-0.004427927767570949,0.12319432581164258,0.04412015835325089,0.03575738628261971,0.040364043117522064,0.07277571220518486,0.09561054187478571,-0.13178259124515146,0.016180690564598477,0.054465592403088126,59.46026580824325,-0.05069314425514726,0.3333333333333333,0.1111111111111111,0.3333333333333333,0.022254991281864454,-0.004427927767570949,-0.019320366493465246,1.9000005722045898,0.10100007057189941,LQD
2024-01-31,0.05728111143768855,0.17827610112478398,0.18846877759941472,0.6186003196699552,0.5309081966564086,0.17204256473874227,0.16970557340946602,-0.21154691836574224,0.04490366248904265,0.16765062961925703,58.847863174250406,0.7400160218902698,0.8888888888888888,0.5,0.9444444444444444,0.022254991281864454,0.05728111143768855,0.042318397420675335,1.9000005722045898,0.10100007057189941,MSFT
2024-01-31,0.24241735115321084,0.5088867473321108,0.3169012627200154,2.1506519324713045,1.5359046455258145,0.3358029503230025,0.3043933594829193,-0.31770171723043816,0.1924194929215779,0.4083930867236607,74.0135895550149,0.347322174028978,1.0,0.8888888888888888,1.0,0.022254991281864454,0.24241735115321084,0.2858096254638496,1.9000005722045898,0.10100007057189941,NVDA
2024-01-31,-0.02245146143371557,0.16789300763841508,-0.015631610748706004,-0.06672910423663614,-0.045294572142535294,0.13491365034408614,0.18001119678109825,-0.2729079308141815,0.015119041066829597,0.019128797338034298,56.83294738291782,0.002270599607297419,0.1111111111111111,0.3888888888888889,0.1111111111111111,0.022254991281864454,-0.02245146143371557,-0.02252214181992418,1.9000005722045898,0.10100007057189941,TLT
2024-01-31,-0.005128879459365243,-0.011490193038766305,-0.030263209689265658,-0.038441623424600335,-0.0334844818363329,0.20079182805835027,0.1901774443018435,-0.17344013286075,0.00312271040985701,0.0002051589086446981,52.27945128824073,0.17722115320973947,0.16666666666666666,0.5555555555555556,0.2777777777777778,0.022254991281864454,-0.005128879459365243,0.03272976550821216,1.9000005722045898,0.10100007057189941,XLE
2024-01-31,0.030851256330234778,0.2037050357034147,0.10744451018633172,0.08032365328264923,0.04799178993925168,0.105629203907948,0.11393205890453101,-0.2028010745492994,0.0475688454030716,0.1345697082319357,66.2058943912381,0.04950158765979118,0.5,0.2777777777777778,0.8333333333333334,0.022254991281864454,0.030851256330234778,0.04076367209703835,1.9000005722045898,0.10100007057189941,XLF
2024-01-31,0.027015650996347507,0.2079513909110322,0.1132003368879475,0.4665661529306453,0.4279881241418986,0.2053133638821751,0.16074038191291992,-0.1645335844213638,0.037139096999228904,0.1483019615696708,55.26211423939112,0.07581362656327206,0.7777777777777778,0.6111111111111112,0.6666666666666666,0.022254991281864454,0.027015650996347507,0.04704579730304537,1.9000005722045898,0.10100007057189941,XLK
2024-01-31,0.02932984353777357,0.13223481523614544,0.05543721484678432,0.07021809034761795,0.039723172379140026,0.08963591245817971,0.10405794371300056,-0.12002627592124793,0.03674736183641403,0.06805418060361168,64.34393544191494,-0.23822391606090987,0.4444444444444444,0.16666666666666666,0.7777777777777778,0.022254991281864454,0.02932984353777357,0.031628322112163154,1.9000005722045898,0.10100007057189941,XLV
2024-01-31,0.028305498740329282,-0.019838387055437723,-0.024612104182731853,-0.08352622260262099,-0.10875340205799133,0.21733385344874862,0.19812857729683184,-0.18731150075744674,0.01629654479646714,-0.026776093352047114,56.89920134972113,0.6781202905082157,0.05555555555555555,0.6666666666666666,0.7222222222222222,0.022254991281864454,0.028305498740329282,0.026081026039962873,1.9000005722045898,0.10100007057189941,XOM
2024-02-29,-0.018543329245984674,-0.0472196765442765,-0.035401869583549406,0.23271634498046656,0.25600689435776935,0.1366467607195571,0.1737791242823868,-0.18311236570201106,-0.03623465444750562,-0.01478132294560941,38.3527656064132,-0.30854934408139156,0.5555555555555556,0.4444444444444444,0.2222222222222222,0.08603609019856649,-0.018543329245984674,-0.051286127890303734,-0.9500007629394531,0.2849998474121094,AAPL
2024-02-29,0.1389175127740745,0.20993907137904833,0.28077676648324656,0.8758355959862083,0.6470337622759124,0.3670667442045611,0.26155871923606827,-0.4641348843949493,0.10126721607877731,0.26385736341664656,66.39469134207977,-0.07512874318574259,0.8333333333333334,0.8888888888888888,0.8333333333333334,0.08603609019856649,0.1389175127740745,0.020479805886374214,-0.9500007629394531,0.2849998474121094,AMZN
2024-02-29,0.43716858418659976,0.6227506387460391,1.3600041395161555,1.6438608962873302,0.8396317073572042,0.4463023961294954,0.42616527277362654,-0.200577733429132,0.31388938120694476,0.6567906406437458,80.65195325594627,832.8118086803934,0.9444444444444444,0.9444444444444444,0.9444444444444444,0.08603609019856649,0.43716858418659976,0.1559938330682502,-0.9500007629394531,0.2849998474121094,BTC-USD
2024-02-29,0.46412031614766525,0.6281745441742683,1.0307730629216838,1.0810323109897895,0.42135334646903777,0.35604433123895324,0.43226424891984877,-0.2737697304234308,0.28440216516200234,0.6157334249568933,80.3397624815193,37.4153885195723,0.8888888888888888,0.8333333333333334,1.0,0.08603609019856649,0.46412031614766525,0.06564318976297123,-0.9500007629394531,0.2849998474121094,ETH-USD
2024-02-29,0.004563548019519192,0.0029668744826159,0.051605338660432265,0.11503121050604204,0.10996582814925748,0.08920857440971948,0.11673786257561031,-0.11994152722866491,0.005483380748698696,0.03750351354067649,58.08234227109168,0.2635363562413508,0.3888888888888889,0.1111111111111111,0.3333333333333333,0.08603609019856649,0.004563548019519192,0.08668323846462611,-0.9500007629394531,0.2849998474121094,GLD
2024-02-29,-0.011705774367416488,0.044744618717742934,0.01681705588641047,0.5374195136947333,0.5556293599820112,0.3555233774609412,0.27740371098105504,-0.3679859341020931,-0.02928817369239889,0.04378810128123467,42.50630736383394,-0.9418862080962882,0.7222222222222222,0.7777777777777778,0.2777777777777778,0.08603609019856649,-0.011705774367416488,0.09006199440538287,-0.9500007629394531,0.2849998474121094,GOOGL
2024-02-29,-0.020826425440735208,0.016848814958543068,0.009938201697230475,0.013637585020262799,0.03519703896881676,0.0892600579517465,0.08063331404600374,-0.14690296814502202,-0.008712012246100187,0.009844377202624655,48.401775161572004,0.006162717930284445,0.16666666666666666,0.16666666666666666,0.1111111111111111,0.08603609019856649,-0.020826425440735208,0.007332061805908063,-0.9500007629394531,0.2849998474121094,IEF
2024-02-29,0.023318411702155206,0.05137283575853435,0.013777018063361401,0.08536585902598981,0.060633568803503346,0.12016527917402511,0.1293631490442496,-0.17433327959095235,0.022329758875440975,0.028150435023430287,62.49946963060939,0.5065969365900953,0.3333333333333333,0.3888888888888889,0.3888888888888889,0.08603609019856649,0.023318411702155206,-0.019766886164690245,-0.9500007629394531,0.2849998474121094,JNJ
2024-02-29,0.06710268216676196,0.19943177748052832,0.28879035996844515,0.33501258225136965,0.2510629057183271,0.11755173576669933,0.12012274612377737,-0.13486560950968796,0.07334653261333535,0.22115380902535242,78.00634335827635,0.4375945122955591,0.6111111111111112,0.3333333333333333,0.7777777777777778,0.08603609019856649,0.06710268216676196,0.0765345051471118,-0.9500007629394531,0.2849998474121094,JPM
2024-02-29,-0.019320366493465246,0.023936237992192577,0.036688722021992914,0.059935680609648045,0.08081747024736696,0.07992888283465323,0.08690575651378593,-0.13178259124515146,-0.01108459726681077,0.03123060851128523,45.16054451549015,-0.03158692794242485,0.2222222222222222,0.05555555555555555,0.16666666666666666,0.08603609019856649,-0.019320366493465246,0.015410207105199802,-0.9500007629394531,0.2849998474121094,LQD
2024-02-29,0.042318397420675335,0.09367646995918921,0.2669211044870585,0.6720186279768887,0.6041342377861425,0.21899695434249694,0.17107221777828016,-0.21154691836574224,0.050119624491199444,0.17821708399356595,60.345977585426226,-0.7962839123248768,0.7777777777777778,0.7222222222222222,0.6666666666666666,0.08603609019856649,0.042318397420675335,0.017116242533216308,-0.9500007629394531,0.2849998474121094,MSFT
2024-02-29,0.2858096254638496,0.6916601696388203,0.6031905303221268,2.409162244777307,1.6513740271212143,0.6753519300386059,0.46106546127354997,-0.20730897089811529,0.286037786469024,0.6427548407040744,71.61321373626163,0.15452653637520708,1.0,1.0,0.8888888888888888,0.08603609019856649,0.2858096254638496,0.14218116756207388,-0.9500007629394531,0.2849998474121094,NVDA
2024-02-29,-0.02252214181992418,0.03852727637046649,-0.006588019450846416,-0.04124350738935334,-0.01915272598019313,0.17065094684000875,0.1681777565453212,-0.2722647247506206,-0.012332397670554607,0.004689825325964847,51.521284874980104,0.10355829961259294,0.05555555555555555,0.5555555555555556,0.05555555555555555,0.08603609019856649,-0.02252214181992418,0.007828852042152556,-0.9500007629394531,0.2849998474121094,TLT
2024-02-29,0.03272976550821216,0.02822622857029078,-0.014742184853058449,0.06707116594365958,0.03325303635317223,0.16818375717505182,0.1787040411501215,-0.17344013286075,0.026945634800656704,0.027674329678387233,58.98579492103197,0.04980756742923337,0.2777777777777778,0.5,0.5555555555555556,0.08603609019856649,0.03272976550821216,0.1048639136483629,-0.9500007629394531,0.2849998474121094,XLE
2024-02-29,0.04076367209703835,0.12923975479482075,0.18443664251237513,0.15080224023165578,0.10572867893524784,0.11623087479137453,0.10895718121095128,-0.2028010745492994,0.04826603323243761,0.15608812449888143,69.21923340970278,0.03452664241315262,0.4444444444444444,0.2777777777777778,0.6111111111111112,0.08603609019856649,0.04076367209703835,0.04805594828186588,-0.9500007629394531,0.2849998474121094,XLF
2024-02-29,0.04704579730304537,0.12031010342428661,0.18342084308309703,0.5292630660074047,0.4605503120746415,0.19368072342437634,0.16683138766970876,-0.1645335844213638,0.04566085244621321,0.1646387084118366,60.54507620402446,-0.09084814145616815,0.6666666666666666,0.6666666666666666,0.7222222222222222,0.08603609019856649,0.04704579730304537,0.007894183190092496,-0.9500007629394531,0.2849998474121094,XLK
2024-02-29,0.031628322112163154,0.10782416249397309,0.09650241042677998,0.15780764193267194,0.12231083338441939,0.10009979969843584,0.0996357038333618,-0.12002627592124793,0.027964048059706537,0.09093862358447335,55.86727692296078,-0.17016536758089051,0.5,0.2222222222222222,0.5,0.08603609019856649,0.031628322112163154,0.023777649058219108,-0.9500007629394531,0.2849998474121094,XLV
2024-02-29,0.026081026039962873,0.026779962311481276,-0.04257569555220053,-0.01501210993279356,-0.04004862669700704,0.19247235624210413,0.19364993687251586,-0.18731150075744674,0.03536159587748644,0.004254986660472859,59.2522069970471,0.10304980934834673,0.1111111111111111,0.6111111111111112,0.4444444444444444,0.08603609019856649,0.026081026039962873,0.1121316850400027,-0.9500007629394531,0.2849998474121094,XOM
2024-03-28,-0.051286127890303734,-0.1081972155211528,0.0041761632158723305,0.04545362213650228,0.10196936386276456,0.2443219845712455,0.20704560642839664,-0.1493236825032458,-0.05365104769430695,-0.06370784175896349,42.45605063939577,0.31526283809008415,0.2222222222222222,0.7777777777777778,0.05555555555555555,0.05060752571926756,-0.051286127890303734,-0.006706443267879614,-0.3899993896484375,-0.046000003814697266,AAPL
2024-03-28,0.020479805886374214,0.18717916272492996,0.418974205360946,0.7463452733467484,0.7112982180278402,0.2014853185117605,0.2636415396186462,-0.40790834507005447,0.05790257632102125,0.2390885428582361,61.89931555067105,-0.05258452036005101,0.8333333333333334,0.6666666666666666,0.4444444444444444,0.05060752571926756,0.020479805886374214,-0.029825949313549094,-0.3899993896484375,-0.046000003814697266,AMZN
2024-03-28,0.1559938330682502,0.6804265425754354,1.6287785127312602,1.484154430181118,1.1489339814103081,0.6431179932956034,0.5176106050862078,-0.200577733429132,0.16649034200179114,0.6578797637748626,59.88089447487641,-221.15470535436407,0.9444444444444444,0.9444444444444444,1.0,0.05060752571926756,0.1559938330682502,-0.14288083050093903,-0.3899993896484375,-0.046000003814697266,BTC-USD
2024-03-28,0.06564318976297123,0.5479238412293184,1.1351401909103442,0.9545832927163029,0.8341817519155326,0.7069560261941246,0.5087834944422603,-0.2737697304234308,0.07811010303915666,0.5198697466044497,52.49860820387241,-31.251212069006435,0.8888888888888888,1.0,0.6111111111111112,0.05060752571926756,0.06564318976297123,-0.154159439941976,-0.3899993896484375,-0.046000003814697266,ETH-USD
2024-03-28,0.08668323846462611,0.07611028504012096,0.19988337639228115,0.12280318660677736,0.03323870918740335,0.11913563682212265,0.10610238496261416,-0.11347406182165132,0.06764484650173297,0.11662009851376887,75.03210756713173,0.07119358620948635,0.3888888888888889,0.4444444444444444,0.7222222222222222,0.05060752571926756,0.08668323846462611,0.02989497307015121,-0.3899993896484375,-0.046000003814697266,GLD
2024-03-28,0.09006199440538287,0.08046386151598028,0.1533700371371034,0.45502744832189834,0.33481164905267624,0.2568781560566867,0.27590308927916557,-0.2943348572214888,0.05011577192186456,0.1212627950545444,64.82641164419817,1.1621523977902326,0.6666666666666666,0.8333333333333334,0.7777777777777778,0.05060752571926756,0.09006199440538287,0.07851324047035968,-0.3899993896484375,-0.046000003814697266,GOOGL
2024-03-28,0.007332061805908063,-0.01293068480590942,0.050310353639219096,-0.015562202838497963,-0.02272762429834907,0.052374835361743755,0.06856167870902176,-0.10158165255658291,0.003093993012643015,0.01809744694960691,54.961951993433935,0.05312024078834826,0.1111111111111111,0.05555555555555555,0.16666666666666666,0.05060752571926756,0.007332061805908063,-0.031297651362997225,-0.3899993896484375,-0.046000003814697266,IEF
2024-03-28,-0.019766886164690245,0.016913891348748766,0.03157332882682051,0.05196825156089169,0.07318171230199244,0.11501693729652299,0.1161522587924591,-0.17433327959095235,-0.0003335991220905221,0.004779014871174603,51.07680480971279,-0.15882863169436656,0.2777777777777778,0.3888888888888889,0.1111111111111111,0.05060752571926756,-0.019766886164690245,-0.08597274538395272,-0.3899993896484375,-0.046000003814697266,JNJ
2024-03-28,0.0765345051471118,0.18480380872658775,0.39996009904428775,0.5810049962500992,0.4686059654298309,0.15197685482819373,0.13322166183536113,-0.13486560950968796,0.0967074417674243,0.2673659598362883,72.91530820177394,0.27801970529572095,0.7777777777777778,0.5555555555555556,0.6666666666666666,0.05060752571926756,0.0765345051471118,-0.037152140257542765,-0.3899993896484375,-0.046000003814697266,JPM
2024-03-28,0.015410207105199802,-0.008617185770824376,0.0914918271917986,0.0363844945285563,0.020655974577162395,0.053655018401921016,0.06961962514658764,-0.09660087415598484,0.007093553789214502,0.042089681642671684,58.38290953364731,0.06421497422590525,0.16666666666666666,0.1111111111111111,0.3333333333333333,0.05060752571926756,0.015410207105199802,-0.032430693118772225,-0.3899993896484375,-0.046000003814697266,LQD
2024-03-28,0.017116242533216308,0.12088605611927461,0.3376199712949235,0.4712901520462085,0.44653097701186306,0.2142264872533672,0.1896702579600318,-0.12987608071974388,0.0253142680978915,0.16696804859139003,55.49977622077961,-0.14119288204864322,0.7222222222222222,0.7222222222222222,0.3888888888888889,0.05060752571926756,0.017116242533216308,-0.07461019969755123,-0.3899993896484375,-0.046000003814697266,MSFT
2024-03-28,0.14218116756207388,0.8246483371765205,1.0774774182710454,2.253950419755859,1.8488916751282516,0.47111710415599073,0.5026239468867725,-0.1828727457826682,0.1744745071367073,0.6872397598050974,59.98136987820228,-0.707732135318424,1.0,0.8888888888888888,0.9444444444444444,0.05060752571926756,0.14218116756207388,-0.0437602868993443,-0.3899993896484375,-0.046000003814697266,NVDA
2024-03-28,0.007828852042152556,-0.03698722920052033,0.08767144587599196,-0.0783399066223035,-0.08549939653925698,0.10704967800271485,0.13750067570943958,-0.2244418501869212,0.0077878296572297945,0.01762759251044943,55.15325745484258,0.07552403169987736,0.05555555555555555,0.3333333333333333,0.2222222222222222,0.05060752571926756,0.007828852042152556,-0.06455451581742455,-0.3899993896484375,-0.046000003814697266,TLT
2024-03-28,0.1048639136483629,0.13517366641352724,0.06302803263853352,0.17890559221203084,0.06701429709942786,0.106870943868374,0.16319155866487808,-0.16893730890786318,0.09799347972891992,0.11760412890596306,78.64394463747415,0.1092080410201669,0.5,0.2777777777777778,0.8333333333333334,0.05060752571926756,0.1048639136483629,-0.009427010926464918,-0.3899993896484375,-0.046000003814697266,XLE
2024-03-28,0.04805594828186588,0.1244304461676713,0.2809134137246645,0.33341560837015827,0.2722752163718909,0.09183472791006851,0.10001652281622572,-0.17541136493182374,0.05936595513633236,0.18095016952128784,72.81922212366976,0.03663192179126595,0.5555555555555556,0.2222222222222222,0.5555555555555556,0.05060752571926756,0.04805594828186588,-0.041785256471237875,-0.3899993896484375,-0.046000003814697266,XLF
2024-03-28,0.007894183190092496,0.08382129226290314,0.2753870601580499,0.39036948718473075,0.37947962233898735,0.18155266618383722,0.18440202048838247,-0.10944098895146925,0.016406432676986382,0.14272029546432874,53.56169383447912,-0.1421079339970508,0.6111111111111112,0.6111111111111112,0.2777777777777778,0.05060752571926756,0.007894183190092496,-0.057617495882957614,-0.3899993896484375,-0.046000003814697266,XLK
2024-03-28,0.023777649058219108,0.08713496774217622,0.15680652562460384,0.1598463319146266,0.13290843278477338,0.0873015317203127,0.08901787940773256,-0.10669706076284402,0.0270507105915736,0.10183459243733783,65.76707986450813,0.03864707969830117,0.4444444444444444,0.16666666666666666,0.5,0.05060752571926756,0.023777649058219108,-0.050091445144447966,-0.3899993896484375,-0.046000003814697266,XLV
2024-03-28,0.1121316850400027,0.1734376786341647,0.006915468874518327,0.09793342491598978,-0.012766707679497724,0.12502443391368295,0.18063035724657361,-0.18731150075744674,0.10443046325991023,0.10850865565762247,78.12049632109861,0.2608928973942839,0.3333333333333333,0.5,0.8888888888888888,0.05060752571926756,0.1121316850400027,0.017463889713037917,-0.3899993896484375,-0.046000003814697266,XOM
2024-04-30,-0.006706443267879614,-0.0751229554881031,1.1863540306800147e-05,0.009188963227513725,0.016002727882065804,0.24055725626931657,0.21088211997704853,-0.16606660223984548,-0.014517607560954326,-0.05989129772360269,49.28637873916126,0.5662753842502157,0.2777777777777778,0.6666666666666666,0.8333333333333334,-0.04091111115186046,-0.006706443267879614,0.13022245413709355,2.6399993896484375,0.48000001907348633,AAPL
2024-04-30,-0.029825949313549094,0.12757734175961954,0.3148997281186161,0.659554339161289,0.7105738274354627,0.27230302985034394,0.2845597287678847,-0.29513742290243294,-0.01748208194971146,0.15638448015429285,43.94444212388673,-0.8686311534987987,0.8888888888888888,0.7222222222222222,0.7222222222222222,-0.04091111115186046,-0.029825949313549094,0.00822858537946436,2.6399993896484375,0.48000001907348633,AMZN
2024-04-30,-0.14288083050093903,0.4239818066851131,0.7490838260308337,1.0666773885660263,1.4111902546455535,0.42266162605321017,0.5694777983048284,-0.200577733429132,-0.09348470384238328,0.23321728074918902,37.93207020169164,-301.6664434601478,0.9444444444444444,0.8333333333333334,0.1111111111111111,-0.04091111115186046,-0.14288083050093903,0.11304277803921714,2.6399993896484375,0.48000001907348633,BTC-USD
2024-04-30,-0.154159439941976,0.3197056849805473,0.6583291399066908,0.5916863746265755,0.8817806212998192,0.5362665093470582,0.6076697558694134,-0.2737697304234308,-0.10816539979201745,0.15114039342796537,39.86388068110433,8.329714546426757,0.8333333333333334,0.9444444444444444,0.05555555555555555,-0.04091111115186046,-0.154159439941976,0.2482299261480101,2.6399993896484375,0.48000001907348633,ETH-USD
2024-04-30,0.02989497307015121,0.1242769888469546,0.15090444528179403,0.1464826386277065,0.11320345142573474,0.18806766319013404,0.13992317853166789,-0.11347406182165132,0.03212258310358029,0.12529448383784647,48.07608672909267,-1.3377939383099546,0.5,0.5,0.9444444444444444,-0.04091111115186046,0.02989497307015121,0.016189210429127243,2.6399993896484375,0.48000001907348633,GLD
2024-04-30,0.07851324047035968,0.16188444364745314,0.3118954968434544,0.5164896706913267,0.40609277084995,0.43674271684291904,0.3603909746840615,-0.1440297681269409,0.09541358998364968,0.17467451525809619,58.64610021906736,0.5666670837988441,0.7777777777777778,0.8888888888888888,1.0,-0.04091111115186046,0.07851324047035968,0.0597124922901866,2.6399993896484375,0.48000001907348633,GOOGL
2024-04-30,-0.031297651362997225,-0.0445175945765961,0.03743729676816354,-0.05407987763332478,-0.023518293624850695,0.07410131417143817,0.07484135962392263,-0.10158165255658291,-0.018817735847540873,-0.011738762229698385,39.11677468165174,0.007848202298686102,0.16666666666666666,0.05555555555555555,0.6666666666666666,-0.04091111115186046,-0.031297651362997225,0.018001605367555795,2.6399993896484375,0.48000001907348633,IEF
2024-04-30,-0.08597274538395272,-0.0831478590139274,-0.010014042533552647,-0.08957357068914129,-0.0039395163404631894,0.15526457706029398,0.13381353398003365,-0.17433327959095235,-0.06590663072297309,-0.0756368175585933,31.83175564441669,0.02445072015572336,0.1111111111111111,0.3333333333333333,0.16666666666666666,-0.04091111115186046,-0.08597274538395272,0.022585003655335,2.6399993896484375,0.48000001907348633,JNJ
2024-04-30,-0.037152140257542765,0.10609348754725412,0.3954242167977686,0.4237701299038954,0.4787072697910195,0.27350627482982537,0.1933979206039634,-0.13486560950968796,0.010295556135849981,0.1779637405140846,52.87276903783045,0.36071941623503323,0.7222222222222222,0.7777777777777778,0.5555555555555556,-0.04091111115186046,-0.037152140257542765,0.05679569946448426,2.6399993896484375,0.48000001907348633,JPM
2024-04-30,-0.032430693118772225,-0.03650211855908758,0.08219535336597161,-0.0032466710022091005,0.030162203274752608,0.07926272387009808,0.07429510485338152,-0.09660087415598484,-0.017778370723772086,0.005892601988078061,40.19951861796313,0.019332900962105715,0.2222222222222222,0.1111111111111111,0.6111111111111112,-0.04091111115186046,-0.032430693118772225,0.02213738216252481,2.6399993896484375,0.48000001907348633,LQD
2024-04-30,-0.07461019969755123,-0.018939700697427675,0.1559599044305484,0.27750204962820857,0.38050154563047656,0.21839836618997485,0.2160695169807449,-0.12987608071974388,-0.0591771964929656,0.05489589737835132,34.09765076349812,-2.201204401539559,0.6111111111111112,0.6111111111111112,0.2222222222222222,-0.04091111115186046,-0.07461019969755123,0.06819106600607316,2.6399993896484375,0.48000001907348633,MSFT
2024-04-30,-0.0437602868993443,0.40435997680790714,1.1190201574890817,2.1146965309100456,2.2572340264037813,0.5875202954662521,0.5809434751626276,-0.1979115231055002,0.008627375797346737,0.48218516974492354,52.03623551983616,0.11251497248002063,1.0,1.0,0.4444444444444444,-0.04091111115186046,-0.0437602868993443,0.26887113932831075,2.6399993896484375,0.48000001907348633,NVDA
2024-04-30,-0.06455451581742455,-0.07846422748916071,0.07625518500407424,-0.14074435149372866,-0.08144764923728443,0.13745770128595725,0.14348272978050672,-0.2244418501869212,-0.04068823108234365,-0.0378788248224311,37.628820331433204,-0.006752265569667237,0.05555555555555555,0.2777777777777778,0.2777777777777778,-0.04091111115186046,-0.06455451581742455,0.028869896590069777,2.6399993896484375,0.48000001907348633,TLT
2024-04-30,-0.009427010926464918,0.13026938730088866,0.1172823738549933,0.13624136986541324,0.14705466674204315,0.16263102818309064,0.1515606179656852,-0.16893730890786318,0.017403291831334267,0.08215768187082739,44.87115536155604,-0.2020586625840668,0.4444444444444444,0.3888888888888889,0.7777777777777778,-0.04091111115186046,-0.009427010926464918,-0.0034218866021905603,2.6399993896484375,0.48000001907348633,XLE
2024-04-30,-0.041785256471237875,0.04520009552699733,0.25811261830353693,0.23840840963973187,0.2924121842240883,0.12730103582792893,0.11484930740688432,-0.14306518720210404,-0.009050211436624878,0.10508845235213737,44.77456539558118,-0.0098818562013517,0.5555555555555556,0.2222222222222222,0.5,-0.04091111115186046,-0.041785256471237875,0.03171449268529636,2.6399993896484375,0.48000001907348633,XLF
2024-04-30,-0.057617495882957614,-0.005493029802214888,0.20131607792113093,0.311823153596515,0.3920283407910008,0.20162709888363,0.1904257401225472,-0.10944098895146925,-0.041428147910159585,0.05712221138160278,40.2908970740727,-0.07536648038443383,0.6666666666666666,0.5555555555555556,0.3333333333333333,-0.04091111115186046,-0.057617495882957614,0.07076976242336497,2.6399993896484375,0.48000001907348633,XLK
2024-04-30,-0.050091445144447966,0.003253536875627683,0.13591858295938586,0.0681665962635809,0.12449413241257923,0.11872182220458827,0.10407379865553044,-0.10669706076284402,-0.02337609655242212,0.03676946676185788,43.54593371798901,0.1704791382661226,0.3888888888888889,0.16666666666666666,0.3888888888888889,-0.04091111115186046,-0.050091445144447966,0.024014811780882495,2.6399993896484375,0.48000001907348633,XLV
2024-04-30,0.017463889713037917,0.16106591504325873,0.13803224002375458,0.035170299487986556,0.017402494529749513,0.16881980516634293,0.16594576436526426,-0.18731150075744674,0.04032346137799636,0.10716470858369243,51.500355497812336,-0.5996065268436213,0.3333333333333333,0.4444444444444444,0.8888888888888888,-0.04091111115186046,0.017463889713037917,-0.00048667752598952063,2.6399993896484375,0.48000001907348633,XOM
2024-05-31,0.13022245413709355,0.06506668523656911,0.01477458086161354,0.09038645314528848,-0.03524615959096211,0.24863515020116345,0.24823747594627288,-0.16606660223984548,0.08610438897763939,0.06333573603934983,67.29466459511627,-0.11624734627585731,0.2777777777777778,0.8333333333333334,0.8888888888888888,0.06575931898660091,0.13022245413709355,0.0955526015738366,-2.729999542236328,-0.17199993133544922,AAPL
2024-05-31,0.00822858537946436,-0.0018103195031345942,0.20774869508052607,0.46326090364982186,0.45131860459907336,0.17474791888076538,0.21808561160061046,-0.17452540796322302,-0.03192495883917168,0.1247852613039866,36.74515314920883,-0.9974783266922007,0.7777777777777778,0.6111111111111112,0.16666666666666666,0.06575931898660091,0.00822858537946436,0.09527316552932019,-2.729999542236328,-0.17199993133544922,AMZN
2024-05-31,0.11304277803921714,0.10283002525214813,0.7896181279062335,1.47950997616684,1.2276861456617585,0.4431613074100477,0.44685676987193856,-0.2029115775961743,0.04070760659340622,0.24682185054715422,52.36082584022619,-107.03262459504617,0.9444444444444444,0.8888888888888888,0.8333333333333334,0.06575931898660091,0.11304277803921714,-0.10625466132787031,-2.729999542236328,-0.17199993133544922,BTC-USD
2024-05-31,0.2482299261480101,0.12510980930493276,0.8318751509110567,1.0062779112996214,0.6072983584770464,0.7433384039758075,0.6118212521387081,-0.2914799264344199,0.15967321616884766,0.31887689227109206,64.09518279832218,22.793811019898016,0.8888888888888888,1.0,0.9444444444444444,0.06575931898660091,0.2482299261480101,-0.10276273679443937,-2.729999542236328,-0.17199993133544922,ETH-USD
2024-05-31,0.016189210429127243,0.137288076849295,0.14066226782388247,0.1808907108526543,0.1620775921779125,0.16271215816126128,0.15661871729231,-0.11347406182165132,0.0012537885835819385,0.11932075046945068,46.70397221004333,-0.8061583404517756,0.3888888888888889,0.3888888888888889,0.2222222222222222,0.06575931898660091,0.016189210429127243,-0.0013469974027457976,-2.729999542236328,-0.17199993133544922,GLD
2024-05-31,0.0597124922901866,0.24584706416020707,0.30159201602667496,0.40392268049374347,0.32481469333221735,0.16473673928242424,0.3059081880661861,-0.1440297681269409,0.0592036107033449,0.20242612133538485,55.674535850067066,-0.8102211821239145,0.7222222222222222,0.4444444444444444,0.6666666666666666,0.06575931898660091,0.0597124922901866,0.05715393833992066,-2.729999542236328,-0.17199993133544922,GOOGL
2024-05-31,0.018001605367555795,-0.006629010531363111,0.010108113455378875,-0.02299922623398276,-0.040275802499088464,0.059933476849304425,0.0652370767240428,-0.10158165255658291,0.0031157020077696718,0.006430758747642651,52.52102012723255,-0.053290260356307684,0.16666666666666666,0.05555555555555555,0.2777777777777778,0.06575931898660091,0.018001605367555795,0.012169847914051735,-2.729999542236328,-0.17199993133544922,IEF
2024-05-31,0.022585003655335,-0.08380496312761676,-0.03673742597558738,-0.02449700549938061,-0.04604214709429166,0.16621805875336637,0.17446473852002337,-0.17433327959095235,-0.01822451983937967,-0.04410850696633595,44.42019514875077,-0.5160295862493671,0.1111111111111111,0.5,0.3888888888888889,0.06575931898660091,0.022585003655335,-0.003476786604241444,-2.729999542236328,-0.17199993133544922,JNJ
2024-05-31,0.05679569946448426,0.09540989857894355,0.3138694417223076,0.5326847274272792,0.4503131761455357,0.22760984181446453,0.22259213674724637,-0.13486560950968796,0.04003654163480741,0.2079647556651365,60.10795491027704,-0.07633592062173289,0.8333333333333334,0.7777777777777778,0.6111111111111112,0.06575931898660091,0.05679569946448426,-0.0018260397865688116,-2.729999542236328,-0.17199993133544922,JPM
2024-05-31,0.02213738216252481,0.00422927998798972,0.028266751032510307,0.03716582894168319,0.014702961697147465,0.06630394596146937,0.06985126462486119,-0.09660087415598484,0.0059293610706834254,0.024193844777463447,54.08310255323148,-0.059823772263289166,0.2222222222222222,0.1111111111111111,0.3333333333333333,0.06575931898660091,0.02213738216252481,0.005963273967645177,-2.729999542236328,-0.17199993133544922,LQD
2024-05-31,0.06819106600607316,0.005412405193592429,0.09959589016530623,0.27402609842259085,0.19269495782821622,0.18639070949837844,0.20924658678820157,-0.12987608071974388,-0.0018073789923562789,0.0990938469748448,46.92976155206554,-0.4930391005364778,0.5555555555555556,0.7222222222222222,0.7222222222222222,0.06575931898660091,0.06819106600607316,0.07665068518104157,-2.729999542236328,-0.17199993133544922,MSFT
2024-05-31,0.26887113932831075,0.38585977932502935,1.3444037893885974,1.8986667439914267,1.2844453263598257,0.487371121780648,0.521980229291042,-0.1979115231055002,0.20311277473382972,0.7148556552900511,68.77125180823776,1.7703632487943786,1.0,0.9444444444444444,1.0,0.06575931898660091,0.26887113932831075,0.12694310830266708,-2.729999542236328,-0.17199993133544922,NVDA
2024-05-31,0.028869896590069777,-0.03001340947755149,0.007357531971153408,-0.08845207075704742,-0.11402993491786595,0.11732279611847808,0.12646294818314252,-0.2244418501869212,-0.00028975891015703414,-0.004004963080744828,49.85472542630726,-0.11184985315171408,0.05555555555555555,0.2222222222222222,0.5,0.06575931898660091,0.028869896590069777,0.0181712760066024,-2.729999542236328,-0.17199993133544922,TLT
2024-05-31,-0.0034218866021905603,0.09070327131832889,0.12148971115692375,0.25861401201336953,0.26293563454063307,0.16186028333765468,0.1520343932886142,-0.1586289063333184,-0.011981414605251262,0.06639325772370896,50.60705102194466,-0.07610443818643553,0.5,0.3333333333333333,0.05555555555555555,0.06575931898660091,-0.0034218866021905603,-0.014141676229692646,-2.729999542236328,-0.17199993133544922,XLE
2024-05-31,0.03171449268529636,0.036112342524880825,0.17001924761268383,0.3344071448442436,0.2933880005611955,0.1275389418069803,0.11871545638263357,-0.13811278234464397,0.01039017809767162,0.11709463404407705,53.46424734326739,-0.09771031805661329,0.6666666666666666,0.2777777777777778,0.5555555555555556,0.06575931898660091,0.03171449268529636,-0.008819013315646385,-2.729999542236328,-0.17199993133544922,XLF
2024-05-31,0.07076976242336497,0.017040510501044936,0.13940075950611464,0.2896576559196524,0.20442106340479826,0.1716692066401571,0.18405104237005532,-0.10944098895146925,0.021412880986743543,0.10855851204217393,52.610476711514906,-0.0869783879982644,0.6111111111111112,0.5555555555555556,0.7777777777777778,0.06575931898660091,0.07076976242336497,0.07835392930212626,-2.729999542236328,-0.17199993133544922,XLK
2024-05-31,0.024014811780882495,-0.004150564974016668,0.10322606632775622,0.14259248382760292,0.11579683289980913,0.11023582906039658,0.104854677936876,-0.10669706076284402,0.006461853342135004,0.05243994713080191,51.72151328208071,-0.3218257842668393,0.3333333333333333,0.16666666666666666,0.4444444444444444,0.06575931898660091,0.024014811780882495,0.018239920225513018,-2.729999542236328,-0.17199993133544922,XLV
2024-05-31,-0.00048667752598952063,0.13100312831534278,0.16129134946579504,0.18799251494829616,0.18857096572535847,0.18569445732691797,0.1670102622389391,-0.18731150075744674,0.0016332175327054,0.0913337493472608,53.618868810354634,-0.22752320180081337,0.4444444444444444,0.6666666666666666,0.1111111111111111,0.06575931898660091,-0.00048667752598952063,-0.018250028041463917,-2.729999542236328,-0.17199993133544922,XOM
2024-06-28,0.0955526015738366,0.2299141102109119,0.09684082815591499,0.09160464835363036,-0.0036036181325614924,0.32184537777722094,0.273372966261198,-0.16606660223984548,0.10499588577303642,0.1488961791798673,61.69973211055481,-0.4271864456213521,0.2777777777777778,0.9444444444444444,0.9444444444444444,0.018199655935558667,0.0955526015738366,0.05441078960960466,-0.48000049591064453,-0.17100000381469727,AAPL
2024-06-28,0.09527316552932019,0.0713493445437523,0.2718836178413544,0.4824332547959078,0.35348267578479575,0.25161739614775736,0.23455651743393116,-0.17452540796322302,0.05210835233869959,0.19568415210012047,60.847658249399714,1.1403758769080654,0.7777777777777778,0.7777777777777778,0.8888888888888888,0.018199655935558667,0.09527316552932019,-0.032445041513381345,-0.48000049591064453,-0.17100000381469727,AMZN
2024-06-28,-0.10625466132787031,-0.1473577399624576,0.4328026850885929,0.979185551621397,1.2144848940548831,0.2613352695203798,0.3800692640447093,-0.2029115775961743,-0.0912219312155681,0.04147447556922468,32.42440157086868,-544.1816480068453,0.9444444444444444,0.8333333333333334,0.05555555555555555,0.018199655935558667,-0.10625466132787031,0.07127161036280705,-0.48000049591064453,-0.17100000381469727,BTC-USD
2024-06-28,-0.10276273679443937,-0.05269375734383763,0.46635791795283965,0.7451144444127318,0.9449865893642886,0.306265211935913,0.5251534512662167,-0.2914799264344199,-0.037897943052468075,0.10407019030944165,41.58641946253295,-19.5656659080286,0.8888888888888888,0.8888888888888888,0.1111111111111111,0.018199655935558667,-0.10276273679443937,-0.04219196516995116,-0.48000049591064453,-0.17100000381469727,ETH-USD
2024-06-28,-0.0013469974027457976,0.0451584349164289,0.124705741310005,0.20609182337945664,0.20771861722009977,0.18417724216416026,0.17732703054422763,-0.11347406182165132,-0.006393011324638764,0.09756066912577932,49.05028795441028,-0.0759242113874618,0.5,0.4444444444444444,0.4444444444444444,0.018199655935558667,-0.0013469974027457976,0.053671963349382734,-0.48000049591064453,-0.17100000381469727,GLD
2024-06-28,0.05715393833992066,0.2082359876830937,0.30545532087464977,0.5234673410230486,0.4411026490762484,0.1896299604428065,0.2874991741341106,-0.1440297681269409,0.059574732896991334,0.23425042750932912,61.4991629517648,0.4103303659955304,0.8333333333333334,0.5555555555555556,0.7222222222222222,0.018199655935558667,0.05715393833992066,-0.058248658771314354,-0.48000049591064453,-0.17100000381469727,GOOGL
2024-06-28,0.012169847914051735,-0.0018582734970739034,-0.014764929554109463,0.0014615371533885924,-0.010579559134992533,0.07546147932016954,0.07213035407178114,-0.10158165255658291,0.009791489984450674,0.015866621470853826,50.54115514916435,-0.06166545546118718,0.16666666666666666,0.16666666666666666,0.5555555555555556,0.018199655935558667,0.012169847914051735,0.028972104870143456,-0.48000049591064453,-0.17100000381469727,IEF
2024-06-28,-0.003476786604241444,-0.06857908659193812,-0.05282513446260184,-0.08932080284235511,-0.08614351887056504,0.10938754329567528,0.17253822489617507,-0.17433327959095235,-0.009946743022333226,-0.03934391791308245,45.41360141861441,0.059613707754510525,0.05555555555555555,0.2777777777777778,0.3333333333333333,0.018199655935558667,-0.003476786604241444,0.07998070608232544,-0.48000049591064453,-0.17100000381469727,JNJ
2024-06-28,-0.0018260397865688116,0.01567542080048745,0.20337610699439734,0.42753608551631217,0.43014759191982344,0.18511538252570087,0.22727948047832994,-0.13486560950968796,0.03043725421176502,0.1704267153517196,59.514467556483964,0.38827592149425905,0.7222222222222222,0.5,0.3888888888888889,0.018199655935558667,-0.0018260397865688116,0.05794115312853032,-0.48000049591064453,-0.17100000381469727,JPM
2024-06-28,0.005963273967645177,-0.00511363068637416,-0.013686751351610682,0.034966263294425426,0.02883106180645023,0.07217839026128434,0.07452196410830834,-0.09660087415598484,0.0060574458263598085,0.023975886191876628,47.208156748162054,-0.11076924329130672,0.2222222222222222,0.1111111111111111,0.5,0.018199655935558667,0.005963273967645177,0.026380792427322053,-0.48000049591064453,-0.17100000381469727,LQD
2024-06-28,0.07665068518104157,0.06426179199065296,0.19291620270283483,0.32274111119944515,0.22857035193083353,0.18138118088817098,0.189021425621176,-0.12987608071974388,0.058201921466052964,0.1504748584716744,62.35531156161542,0.5140904628033791,0.6666666666666666,0.3888888888888889,0.7777777777777778,0.018199655935558667,0.07665068518104157,-0.06398927345471173,-0.48000049591064453,-0.17100000381469727,MSFT
2024-06-28,0.12694310830266708,0.3673707567055633,1.494970777526607,1.921303745011929,1.5922371089449392,0.5311235630840138,0.5375381475296608,-0.1979115231055002,0.18089969202183176,0.731547559649262,56.316710921428175,-1.5834251964678963,1.0,1.0,1.0,0.018199655935558667,0.12694310830266708,-0.05277659748789909,-0.48000049591064453,-0.17100000381469727,NVDA
2024-06-28,0.0181712760066024,-0.020059325965567698,-0.05630461627899164,-0.07389847830064222,-0.09042658782160307,0.1656337474301728,0.14558735911420875,-0.2244418501869212,0.009200398592557724,0.012425593693860648,46.21035139546038,-0.16593068196363947,0.1111111111111111,0.3333333333333333,0.6111111111111112,0.018199655935558667,0.0181712760066024,0.03629929631274886,-0.48000049591064453,-0.17100000381469727,TLT
2024-06-28,-0.014141676229692646,-0.026777066831689567,0.10477704528239817,0.16057969694837526,0.17722766949906665,0.19132531554781992,0.16610938678452739,-0.1342512130236485,-0.005168289923683567,0.04770492495159573,54.06472849651651,0.19139663574500165,0.4444444444444444,0.6111111111111112,0.2222222222222222,0.018199655935558667,-0.014141676229692646,0.022600225030446897,-0.48000049591064453,-0.17100000381469727,XLE
2024-06-28,-0.008819013315646385,-0.02011447417170531,0.10181311900035284,0.2405629128660729,0.25160079696033977,0.10399316791009715,0.11642968817644861,-0.13811278234464397,0.0009716122854925846,0.08663393563470434,50.21525717592942,0.010847840652471583,0.5555555555555556,0.2222222222222222,0.2777777777777778,0.018199655935558667,-0.008819013315646385,0.06397477921772343,-0.48000049591064453,-0.17100000381469727,XLF
2024-06-28,0.07835392930212626,0.0881396569697186,0.1793489291794328,0.3113300902733265,0.21604795479530048,0.19811662657809656,0.18879933871366372,-0.10944098895146925,0.06896551120201089,0.16461363280756003,62.36943041792872,-0.161424945626492,0.6111111111111112,0.6666666666666666,0.8333333333333334,0.018199655935558667,0.07835392930212626,-0.032842582647647944,-0.48000049591064453,-0.17100000381469727,XLK
2024-06-28,0.018239920225513018,-0.009537226945442456,0.07676671483449282,0.1158892034883876,0.09590007357131314,0.06817889396226416,0.10028951102943302,-0.10669706076284402,0.01655830492920285,0.06085080253095554,55.347935783990145,-0.06911384684407507,0.3888888888888889,0.05555555555555555,0.6666666666666666,0.018199655935558667,0.018239920225513018,0.026621102361522375,-0.48000049591064453,-0.17100000381469727,XLV
2024-06-28,-0.018250028041463917,-0.0015909946233882977,0.17157074559657648,0.11117696204928129,0.13183294503441179,0.21729890258018686,0.18422369386394194,-0.18731150075744674,-0.0007879636727676775,0.06728371919882448,56.04189826733797,0.596215165635894,0.3333333333333333,0.7222222222222222,0.16666666666666666,0.018199655935558667,-0.018250028041463917,0.030142232446240813,-0.48000049591064453,-0.17100000381469727,XOM
2024-07-31,0.05441078960960466,0.3055905772367986,0.20751075441735178,0.13646951151738063,0.07782424337497362,0.2330116139502118,0.2737850327806335,-0.16606660223984548,0.05000977992517264,0.17613287307316616,54.30566360486834,-1.8962942033220167,0.3888888888888889,0.6666666666666666,0.7777777777777778,0.014987368675216248,0.05441078960960466,0.03235348404768357,3.9200010299682617,-0.23399972915649414,AAPL
2024-07-31,-0.032445041513381345,0.06845711844308044,0.2047680373981915,0.3987133899762261,0.44561647657100023,0.24516098701151928,0.22910090326296126,-0.17452540796322302,-0.000585839576645375,0.11240407156277143,49.56955344286579,-0.7647080197637857,0.8333333333333334,0.7222222222222222,0.3333333333333333,0.014987368675216248,-0.032445041513381345,-0.0453524222981363,3.9200010299682617,-0.23399972915649414,AMZN
2024-07-31,0.07127161036280705,0.06567613871900702,0.5175034333543067,1.2107083094761881,1.0636300711147277,0.36411268345738323,0.33390053233979566,-0.23581780600272295,0.02177324342794873,0.05766180165012735,49.55298766009351,-59.48377085190191,0.9444444444444444,0.8888888888888888,0.9444444444444444,0.014987368675216248,0.07127161036280705,-0.08511044986594551,3.9200010299682617,-0.23399972915649414,BTC-USD
2024-07-31,-0.04219196516995116,0.07270515686608081,0.4156550938241166,0.7408475331787157,0.8175328143782041,0.42343016196463207,0.3804956721833612,-0.2914799264344199,-0.034413824503030765,0.004817918905772656,44.79365642741534,-12.513500800838287,0.8888888888888888,0.9444444444444444,0.2222222222222222,0.014987368675216248,-0.04219196516995116,-0.21832531228591956,3.9200010299682617,-0.23399972915649414,ETH-USD
2024-07-31,0.053671963349382734,0.06928780984985927,0.20217567906875478,0.24239098145766413,0.17910604502409533,0.1692085868211239,0.17064740399222308,-0.11347406182165132,0.036471168411271515,0.1267035613532408,61.56678677495572,-0.07241007456802873,0.5555555555555556,0.3888888888888889,0.7222222222222222,0.014987368675216248,0.053671963349382734,0.02092249026936499,3.9200010299682617,-0.23399972915649414,GLD
2024-07-31,-0.058248658771314354,0.0550244718600561,0.22581652152156928,0.29397876701127057,0.3740131926151975,0.2943800364492611,0.21900932853681693,-0.1440297681269409,-0.03895942757161097,0.12391095497716531,40.338804781635574,-1.6912502426453626,0.7222222222222222,0.7777777777777778,0.1111111111111111,0.014987368675216248,-0.058248658771314354,-0.047569183468126,3.9200010299682617,-0.23399972915649414,GOOGL
2024-07-31,0.028972104870143456,0.06024311257585313,0.013043639537572815,0.0372355557940911,0.00803078225817444,0.05250121186235333,0.06437253260858347,-0.10158165255658291,0.024666485582097497,0.03875338337055001,70.03723366717341,0.06538809060730522,0.16666666666666666,0.05555555555555555,0.5555555555555556,0.014987368675216248,0.028972104870143456,0.013457768259518721,3.9200010299682617,-0.23399972915649414,IEF
2024-07-31,0.07998070608232544,0.10053240824294196,0.009025494722099792,-0.02828414018685521,-0.10024701891380616,0.22586483368428226,0.1944076416444209,-0.17433327959095235,0.05571447719622191,0.03962778592564331,60.16064472934326,0.615505648398988,0.05555555555555555,0.6111111111111112,1.0,0.014987368675216248,0.07998070608232544,0.05871955365321213,3.9200010299682617,-0.23399972915649414,JNJ
2024-07-31,0.05794115312853032,0.11598609792141734,0.23438495510415192,0.3810610444598357,0.30542331241749987,0.21785114260811494,0.2074455703195069,-0.13486560950968796,0.05164947098135708,0.18760690362339782,59.17714959426074,-0.07413511808172357,0.7777777777777778,0.5,0.8333333333333334,0.014987368675216248,0.05794115312853032,0.05639085665954102,3.9200010299682617,-0.23399972915649414,JPM
2024-07-31,0.026380792427322053,0.05535825997073296,0.016835447642968848,0.06169838861217536,0.034409837406767396,0.06589617088785839,0.06786497968205135,-0.09660087415598484,0.018680844385207562,0.04049395094236474,63.29305071411539,0.023897967017955657,0.2222222222222222,0.1111111111111111,0.4444444444444444,0.014987368675216248,0.026380792427322053,0.018705247052553053,3.9200010299682617,-0.23399972915649414,LQD
2024-07-31,-0.06398927345471173,0.07647658622342979,0.05608844187256934,0.2551281395491629,0.3409334999628708,0.22157849684043487,0.19419501321770052,-0.12987608071974388,-0.04735593896959145,0.04039125005947031,34.65635664965724,-3.7878672126466935,0.6111111111111112,0.5555555555555556,0.05555555555555555,0.014987368675216248,-0.06398927345471173,-0.001095016653517411,3.9200010299682617,-0.23399972915649414,MSFT
2024-07-31,-0.05277659748789909,0.354477923179346,0.9021745847829685,1.504976112614612,1.6445462664575698,0.7313860961017657,0.5920619324159042,-0.2349166643181242,-0.023756252177147608,0.46426091479320797,48.23970467768014,-1.8197186090138073,1.0,1.0,0.16666666666666666,0.014987368675216248,-0.05277659748789909,0.02008214693519572,3.9200010299682617,-0.23399972915649414,NVDA
2024-07-31,0.03629929631274886,0.08559167594626027,0.0004115637244737069,-0.01522648042817154,-0.04972094155062545,0.1197970629726758,0.1386217236185638,-0.2244418501869212,0.02680668034724687,0.04112804944814208,61.0169006988998,0.09098953992246034,0.1111111111111111,0.16666666666666666,0.6666666666666666,0.014987368675216248,0.03629929631274886,0.021112373484106328,3.9200010299682617,-0.23399972915649414,TLT
2024-07-31,0.022600225030446897,0.004689206590939854,0.13556945396135744,0.10120347745939995,0.07686606212766356,0.15548958887378608,0.1634673945322481,-0.12946768541434805,0.028003023746346,0.06586583772390076,59.332930854995105,0.0643565643991475,0.2777777777777778,0.3333333333333333,0.3888888888888889,0.014987368675216248,0.022600225030446897,-0.020706031081758502,3.9200010299682617,-0.23399972915649414,XLE
2024-07-31,0.06397477921772343,0.08803740815172345,0.13721680293712812,0.2594045053043741,0.1836789084703101,0.13275315031298673,0.1179317632732356,-0.13811278234464397,0.04636442413446806,0.1251795287011599,64.9299317174744,0.048964925847780505,0.6666666666666666,0.2777777777777778,0.8888888888888888,0.014987368675216248,0.06397477921772343,0.04572463990906628,3.9200010299682617,-0.23399972915649414,XLF
2024-07-31,-0.032842582647647944,0.11674647582676334,0.11061215415352854,0.23633382415555704,0.27831705777544524,0.31544317973891495,0.23240371391150605,-0.11683771269206122,-0.01607607514561249,0.08923054100764372,45.85845216978174,-0.9372522849829098,0.5,0.8333333333333334,0.2777777777777778,0.014987368675216248,-0.032842582647647944,0.00699258347813414,3.9200010299682617,-0.23399972915649414,XLK
2024-07-31,0.026621102361522375,0.07045039095994299,0.07393314078046131,0.1334690030369896,0.10407724956138775,0.12483454673922195,0.09962797995324363,-0.10669706076284402,0.023752984553125467,0.07278722003207361,59.29248074469862,0.09085540306982542,0.3333333333333333,0.2222222222222222,0.5,0.014987368675216248,0.026621102361522375,0.050591205940244466,3.9200010299682617,-0.23399972915649414,XLV
2024-07-31,0.030142232446240813,0.010849910342439095,0.1736633761231401,0.1447770508345405,0.11128057347583997,0.19987893072015744,0.19399765138222302,-0.18731150075744674,0.038814132760615294,0.09521529019112052,60.02356778442025,0.29163234668152394,0.4444444444444444,0.4444444444444444,0.6111111111111112,0.014987368675216248,0.030142232446240813,0.002525782808400212,3.9200010299682617,-0.23399972915649414,XOM
2024-08-30,0.03235348404768357,0.19253601467268888,0.2701303801726693,0.2251653900996926,0.18676926947156325,0.22443714194104314,0.2685805644651561,-0.16606660223984548,0.03423547176594788,0.18236263961064303,61.71464668896336,0.5401392482787619,0.5,0.6666666666666666,0.7777777777777778,-0.003921126842021259,0.03235348404768357,0.01746716088691147,-1.3600006103515625,-0.19800019264221191,AAPL
2024-08-30,-0.0453524222981363,0.011675343063304755,0.009843887458916845,0.29338458883250307,0.3548293831594749,0.43018238849308255,0.31869439550681783,-0.19489997863769526,-0.021988548609618963,0.03538793590058065,53.16917959518285,0.6981097689950921,0.7222222222222222,0.8888888888888888,0.2222222222222222,-0.003921126842021259,-0.0453524222981363,0.043865556476496925,-1.3600006103515625,-0.19800019264221191,AMZN
2024-08-30,-0.08511044986594551,-0.12404448204696406,-0.03396995401609493,1.2798349074189983,1.4919236503301896,0.40973027814314295,0.4947629686276639,-0.2612360241196713,-0.04734468881268872,-0.07096147742063774,44.9809594109327,-81.80118343999374,0.9444444444444444,0.8333333333333334,0.1111111111111111,-0.003921126842021259,-0.08511044986594551,0.07121212301413471,-1.3600006103515625,-0.19800019264221191,BTC-USD
2024-08-30,-0.21832531228591956,-0.3282435784165372,-0.24420026061286615,0.5348577517106201,0.9635505355803944,0.49042610781820845,0.6082275762229159,-0.4253975361306289,-0.13684301745305683,-0.2239750257867783,40.13198250619679,6.476924352522815,0.8333333333333334,0.9444444444444444,0.05555555555555555,-0.003921126842021259,-0.21832531228591956,0.03058042965784935,-1.3600006103515625,-0.19800019264221191,ETH-USD
2024-08-30,0.02092249026936499,0.07426841619937652,0.221752661079327,0.28480162091360994,0.2584712680534855,0.14911055257649325,0.16593277620504937,-0.11347406182165132,0.033819348838403984,0.12202810791992302,57.52537911588133,0.0014154534307904143,0.6666666666666666,0.2777777777777778,0.6666666666666666,-0.003921126842021259,0.02092249026936499,0.050888514912532656,-1.3600006103515625,-0.19800019264221191,GLD
2024-08-30,-0.047569183468126,-0.051782604710842284,0.18133385810663571,0.201200415618924,0.26119440359238366,0.2535649647988382,0.24443894720217735,-0.172036921487148,-0.057350667629041174,0.04613082267076618,43.82044064508976,0.4686574842263478,0.4444444444444444,0.7222222222222222,0.16666666666666666,-0.003921126842021259,-0.047569183468126,0.01646525824768741,-1.3600006103515625,-0.19800019264221191,GOOGL
2024-08-30,0.013457768259518721,0.055510731042207384,0.048513739290161784,0.05893408031354497,0.04487242929927504,0.0800458258872238,0.07122649514153497,-0.10158165255658291,0.01671430828394982,0.04125922581361707,54.660693345638855,-0.11858136118932616,0.16666666666666666,0.1111111111111111,0.5,-0.003921126842021259,0.013457768259518721,0.013824995008828056,-1.3600006103515625,-0.19800019264221191,IEF
2024-08-30,0.05871955365321213,0.13942134479861834,0.043932181010950755,0.05831445352566278,-0.00038263213912637095,0.13568804954932964,0.16573583749185475,-0.17433327959095235,0.07234776578252844,0.08942683981298272,72.04387578167567,0.29287280187819675,0.1111111111111111,0.16666666666666666,1.0,-0.003921126842021259,0.05871955365321213,-0.022910801495915956,-1.3600006103515625,-0.19800019264221191,JNJ
2024-08-30,0.05639085665954102,0.115558580150112,0.22199391114110445,0.5748939726187923,0.4908250698030765,0.2225817606666676,0.21218275473324016,-0.13486560950968796,0.07644709856810272,0.2022912206513785,73.3360122730458,1.1031455482927326,0.8888888888888888,0.6111111111111112,0.9444444444444444,-0.003921126842021259,0.05639085665954102,-0.0620106871686783,-1.3600006103515625,-0.19800019264221191,JPM
2024-08-30,0.018705247052553053,0.051814575725488865,0.05626299406168056,0.09501593343292747,0.07490948593930002,0.06695745937088612,0.06793206056836489,-0.09660087415598484,0.01910744173515888,0.04473917643044656,57.27078830331514,-0.08275346853868448,0.2777777777777778,0.05555555555555555,0.5555555555555556,-0.003921126842021259,0.018705247052553053,0.01962896410798254,-1.3600006103515625,-0.19800019264221191,LQD
2024-08-30,-0.001095016653517411,0.006653079822968477,0.012101494180348116,0.2822527428599688,0.2836583701527131,0.19907130298710699,0.19576721579492662,-0.15486787381818123,-0.03187461597740182,0.01911932636563174,48.53959007821617,0.9236593719293467,0.6111111111111112,0.4444444444444444,0.3333333333333333,-0.003921126842021259,-0.001095016653517411,0.03154795341980554,-1.3600006103515625,-0.19800019264221191,MSFT
2024-08-30,0.02008214693519572,0.08890391232676098,0.5090681356433262,1.419323744674247,1.3716950168601891,0.6252966369129055,0.6360483687619313,-0.2704676042048305,-0.005823314922881018,0.3568631369540589,49.29557538566683,0.010805479793834394,1.0,1.0,0.6111111111111112,-0.003921126842021259,0.02008214693519572,0.01742813318985359,-1.3600006103515625,-0.19800019264221191,NVDA
2024-08-30,0.021112373484106328,0.0774064792195357,0.045069837384952516,0.0381848969687677,0.0167195344293094,0.16707594132283227,0.15452867194047287,-0.2244418501869212,0.018934663110821592,0.04503958361060345,49.54341745236041,-0.23857059483591025,0.05555555555555555,0.3333333333333333,0.7222222222222222,-0.003921126842021259,0.021112373484106328,0.019994224977584407,-1.3600006103515625,-0.19800019264221191,TLT
2024-08-30,-0.020706031081758502,-0.012735612568066212,0.07681249702809612,0.06093792814482457,0.08337022571145769,0.2048973397141467,0.1833302018532306,-0.12946768541434805,0.008974457163591687,0.037491211083959586,55.06937016059253,0.09983276048794429,0.2222222222222222,0.5,0.2777777777777778,-0.003921126842021259,-0.020706031081758502,-0.03018111141865787,-1.3600006103515625,-0.19800019264221191,XLE
2024-08-30,0.04572463990906628,0.10281239132899733,0.14263753014535285,0.35338175981399456,0.2942047152409848,0.17961757961202002,0.14220028601633644,-0.13811278234464397,0.06901275048903988,0.14159381250376346,74.61108350453344,0.20050793484610518,0.7777777777777778,0.3888888888888889,0.8333333333333334,-0.003921126842021259,0.04572463990906628,-0.0055888984045007195,-1.3600006103515625,-0.19800019264221191,XLF
2024-08-30,0.00699258347813414,0.05023083229190339,0.06812730181809479,0.26404411203764333,0.25526655585849256,0.30272853654787185,0.28138486287061193,-0.16972400877994387,-0.0028495044667626868,0.06948983399176067,52.298568496767764,0.25363033658282264,0.5555555555555556,0.7777777777777778,0.4444444444444444,-0.003921126842021259,0.00699258347813414,0.026485505829225486,-1.3600006103515625,-0.19800019264221191,XLK
2024-08-30,0.050591205940244466,0.09823193395219598,0.09367365095378744,0.19921579449108462,0.1414675734105597,0.14312852727321365,0.11385161990404104,-0.10669706076284402,0.05109047754118334,0.10385072195271428,74.61894256410406,0.26096725947250343,0.3888888888888889,0.2222222222222222,0.8888888888888888,-0.003921126842021259,0.050591205940244466,-0.01657439141220407,-1.3600006103515625,-0.19800019264221191,XLV
2024-08-30,0.002525782808400212,0.013896538326737096,0.14672015663563664,0.09789774836314602,0.09513168358381563,0.20814203773242673,0.19946308050587896,-0.18731150075744674,0.024239762341056403,0.08389805853183807,54.80047075879228,0.02267730919033406,0.3333333333333333,0.5555555555555556,0.3888888888888889,-0.003921126842021259,0.002525782808400212,-0.00610477595107406,-1.3600006103515625,-0.19800019264221191,XOM
2024-09-30,0.01746716088691147,0.10753808750153038,0.3621767214141398,0.3678653937316272,0.34438284233102756,0.22965140469162654,0.22834441150580811,-0.16606660223984548,0.04865053395525987,0.1826329849108448,64.90282933430815,0.8133356046510372,0.5,0.5555555555555556,0.5555555555555556,0.012001008548770065,0.01746716088691147,-0.03042914742454561,1.7299995422363281,-0.10899996757507324,AAPL
2024-09-30,0.043865556476496925,-0.03580852868794471,0.032985900804846535,0.465780347743618,0.40418499168730904,0.2924795238348988,0.32231556406887973,-0.19489997863769526,0.04048702904947943,0.05693513666856487,52.86450955929766,0.052441219853144094,0.7777777777777778,0.8333333333333334,0.8888888888888888,0.012001008548770065,0.043865556476496925,0.00037563497419568215,1.7299995422363281,-0.10899996757507324,AMZN
2024-09-30,0.07121212301413471,0.04988986174354215,-0.10481953549248324,1.3532311701141486,1.1967928849542133,0.30449942552008447,0.4782579723041723,-0.261820330084766,0.05008924327648301,-0.006131060125856735,54.58754689716753,229.7622201344127,0.9444444444444444,0.8888888888888888,1.0,0.012001008548770065,0.07121212301413471,0.10872796248193972,1.7299995422363281,-0.10899996757507324,BTC-USD
2024-09-30,0.03058042965784935,-0.22841031021434954,-0.26906827009692147,0.5606417133276873,0.5143327666777227,0.36307313508152744,0.5988669190246654,-0.45311533109164004,0.029061446645138433,-0.1654795565428221,53.835910425236825,21.989280874466544,0.8888888888888888,0.9444444444444444,0.7777777777777778,0.012001008548770065,0.03058042965784935,-0.03352336701479863,1.7299995422363281,-0.10899996757507324,ETH-USD
2024-09-30,0.050888514912532656,0.130459065942937,0.18150882809800817,0.41767280189552514,0.3490230236396872,0.1327673498300661,0.1481445883294978,-0.11347406182165132,0.05158229547138338,0.15017778416408412,62.883029168310934,0.43965344203316814,0.7222222222222222,0.3888888888888889,0.9444444444444444,0.012001008548770065,0.050888514912532656,0.04299348742370923,1.7299995422363281,-0.10899996757507324,GLD
2024-09-30,0.01646525824768741,-0.08827843834070814,0.10157480154338705,0.2705233697653935,0.24994273976041637,0.25575960414267057,0.2649462452933307,-0.2213761879185433,0.01914959749535261,0.04725189699939558,60.229817336214865,1.2684428215055423,0.4444444444444444,0.7222222222222222,0.4444444444444444,0.012001008548770065,0.01646525824768741,0.031715349151240524,1.7299995422363281,-0.10899996757507324,GOOGL
2024-09-30,0.013824995008828056,0.05723675115986859,0.05527211612505578,0.10836322947291444,0.09324906658398491,0.049084725628722764,0.06154272873010794,-0.10158165255658291,0.010235750454088421,0.04705097409312753,52.47389567520921,-0.14937350145457867,0.2222222222222222,0.1111111111111111,0.3888888888888889,0.012001008548770065,0.013824995008828056,-0.03387375723889574,1.7299995422363281,-0.10899996757507324,IEF
2024-09-30,-0.022910801495915956,0.11720055647673688,0.04058396277355736,0.07343866240212282,0.09860866750502306,0.12733829982940648,0.17110197983355785,-0.17433327959095235,0.0037828243560786845,0.05389206546283609,46.649415522013335,-0.7667732443583222,0.16666666666666666,0.2777777777777778,0.16666666666666666,0.012001008548770065,-0.022910801495915956,-0.013575181864957986,1.7299995422363281,-0.10899996757507324,JNJ
2024-09-30,-0.0620106871686783,0.04829625669091708,0.06472874163812303,0.49057775459900665,0.5891201895463991,0.25248657514475387,0.23533012960778626,-0.13486560950968796,-0.0015540826215174608,0.09330315190091354,49.371513354425225,-0.02517844388381807,0.8333333333333334,0.6111111111111112,0.05555555555555555,0.012001008548770065,-0.0620106871686783,0.05890120546249111,1.7299995422363281,-0.10899996757507324,JPM
2024-09-30,0.01962896410798254,0.06610314117208116,0.06065148343454374,0.15769242566766195,0.13540559009174813,0.04881426037427295,0.060079734818475485,-0.09660087415598484,0.01776054370640856,0.054703401183992195,57.87030391780811,-0.14434131130295802,0.3333333333333333,0.05555555555555555,0.6111111111111112,0.012001008548770065,0.01962896410798254,-0.03179388829249574,1.7299995422363281,-0.10899996757507324,LQD
2024-09-30,0.03154795341980554,-0.03551733297739379,0.026462051549402954,0.37301613992884075,0.3310250244566857,0.1810986272306379,0.2010877618677026,-0.15486787381818123,0.02573423038576106,0.038089360932872296,55.06267124323297,0.25319636556043834,0.5555555555555556,0.4444444444444444,0.8333333333333334,0.012001008548770065,0.03154795341980554,-0.05565877170579925,1.7299995422363281,-0.10899996757507324,MSFT
2024-09-30,0.01742813318985359,-0.01691445949710102,0.3442424194237468,1.7926332710348691,1.7447965904769802,0.5605752397335035,0.6480649440652132,-0.2704676042048305,0.047713757487269026,0.2825739945692991,54.956838736453264,0.9172419623090717,1.0,1.0,0.5,0.012001008548770065,0.01742813318985359,0.09321473354310883,1.7299995422363281,-0.10899996757507324,NVDA
2024-09-30,0.019994224977584407,0.07933548377791011,0.05768474148260516,0.15041349204936005,0.12786275047257423,0.11707990908439413,0.13383640946679098,-0.2244418501869212,0.008847613957762013,0.05431912126346239,47.15855658226547,-0.34244377709426355,0.2777777777777778,0.2222222222222222,0.6666666666666666,0.012001008548770065,0.019994224977584407,-0.05454884084114975,1.7299995422363281,-0.10899996757507324,TLT
2024-09-30,-0.03018111141865787,-0.028797923728586916,-0.05480386663198222,0.004769986111752944,0.036038788212856554,0.2073445904525477,0.1954519718194356,-0.1330815751983213,-0.0053520903607479076,-0.0002610636017429391,51.34664367091793,0.08589716658320917,0.05555555555555555,0.5,0.1111111111111111,0.012001008548770065,-0.03018111141865787,0.00899776972080435,1.7299995422363281,-0.10899996757507324,XLE
2024-09-30,-0.0055888984045007195,0.10640629677843916,0.08415151589847714,0.3887042192242882,0.39650916708005246,0.12953251844122202,0.15068727537309404,-0.13811278234464397,0.03302550681289085,0.10764634426330866,59.33917843005406,-0.04866155309031939,0.6666666666666666,0.3333333333333333,0.3333333333333333,0.012001008548770065,-0.0055888984045007195,0.025595871961508143,1.7299995422363281,-0.10899996757507324,XLF
2024-09-30,0.026485505829225486,-0.0002848806603988896,0.08782966702563488,0.38740388098053513,0.35160591464927604,0.2741890453354062,0.3031774796857784,-0.16972400877994387,0.04497639183192126,0.07979951676003982,59.72174292613452,0.47630259278755116,0.6111111111111112,0.7777777777777778,0.7222222222222222,0.012001008548770065,0.026485505829225486,-0.0155918445054809,1.7299995422363281,-0.10899996757507324,XLK
2024-09-30,-0.01657439141220407,0.06068264125638745,0.0505666701896339,0.21530237967907961,0.23578475999243098,0.09323512863135489,0.12213902781581634,-0.10669706076284402,0.010021953939257422,0.06597819680683426,51.093858648279365,-0.3964999757103529,0.3888888888888889,0.16666666666666666,0.2222222222222222,0.012001008548770065,-0.01657439141220407,-0.04642272863853636,1.7299995422363281,-0.10899996757507324,XLV
2024-09-30,-0.00610477595107406,0.02643947634891619,0.024806416660811514,0.03189343353763596,0.03823160487069566,0.25536542698509557,0.22106349287708216,-0.18731150075744674,0.015677999477302862,0.06331605120874051,55.7766788975199,0.31772991229957204,0.1111111111111111,0.6666666666666666,0.2777777777777778,0.012001008548770065,-0.00610477595107406,-0.0037535920948549295,1.7299995422363281,-0.10899996757507324,XOM
2024-10-31,-0.03042914742454561,0.01842342504502903,0.32964402737601706,0.32965980166152953,0.3713900310942486,0.19487851844724002,0.22186571957987333,-0.16606660223984548,-0.005529897700075281,0.11997895890567056,43.51296270459953,-0.7249733421137046,0.5,0.5555555555555556,0.3888888888888889,0.0028528275054157054,-0.03042914742454561,0.051706953406033485,6.430000305175781,0.48199987411499023,AAPL
2024-10-31,0.00037563497419568215,-0.003101945899602221,0.06514282226562496,0.40055600740456576,0.4000301071314003,0.24113997768006684,0.2644088035926068,-0.19489997863769526,0.011094886516302305,0.033456169688669046,48.788547935221956,-0.010108201554324348,0.7777777777777778,0.7777777777777778,0.6111111111111112,0.0028528275054157054,0.00037563497419568215,0.1152897328156477,6.430000305175781,0.48199987411499023,AMZN
2024-10-31,0.10872796248193972,0.08659861419004389,0.15796221550747003,1.0253729822989466,0.8267537672316425,0.33665045001634025,0.3339680570696832,-0.261820330084766,0.09005818713638503,0.10828609563406055,60.65501606718664,284.54122442852736,0.9444444444444444,0.8888888888888888,1.0,0.0028528275054157054,0.10872796248193972,0.3880404924860452,6.430000305175781,0.48199987411499023,BTC-USD
2024-10-31,-0.03352336701479863,-0.2214270727406762,-0.1648208059326033,0.38500199456574924,0.43304240091954327,0.4457949878878005,0.42848400428680344,-0.45311533109164004,-0.0014104661898250992,-0.15445277442897665,47.65183577005566,-2.31898162926192,0.7222222222222222,1.0,0.2777777777777778,0.0028528275054157054,-0.03352336701479863,0.4283708407627811,6.430000305175781,0.48199987411499023,ETH-USD
2024-10-31,0.04299348742370923,0.11900238839952171,0.19653561310848633,0.3770981560645337,0.320332459089552,0.11914005483406358,0.1319687853094248,-0.05771282328098759,0.04761477578345219,0.1619629777619045,62.006646604035986,0.22602348514518988,0.6111111111111112,0.2777777777777778,0.8333333333333334,0.0028528275054157054,0.04299348742370923,-0.031241364603207922,6.430000305175781,0.48199987411499023,GLD
2024-10-31,0.031715349151240524,-0.0011831275028515442,0.053776243391217005,0.38244430838554955,0.33994740848126637,0.20504945234304608,0.23166696988340846,-0.2213761879185433,0.054432343251481496,0.059706151582090916,62.00054056621943,0.8335644157742954,0.6666666666666666,0.6666666666666666,0.7777777777777778,0.0028528275054157054,0.031715349151240524,-0.01262345835787082,6.430000305175781,0.48199987411499023,GOOGL
2024-10-31,-0.03387375723889574,-0.0073354124250585295,0.05246579207428148,0.09186726627050668,0.13014968225068135,0.05408013324071843,0.05549654767156731,-0.0846950647786302,-0.0245500186206985,0.00873007070209142,28.598492250175468,-0.07233516264705742,0.1111111111111111,0.05555555555555555,0.2222222222222222,0.0028528275054157054,-0.03387375723889574,0.010209192992755689,6.430000305175781,0.48199987411499023,IEF
2024-10-31,-0.013575181864957986,0.02042041078734469,0.12300573210404853,0.11175990493733501,0.12705994871383575,0.13276199210072295,0.12283853266687347,-0.1649762630488213,-0.020712922939452927,0.03399373632953173,41.90068533429735,-0.35134983281311916,0.16666666666666666,0.3333333333333333,0.5,0.0028528275054157054,-0.013575181864957986,-0.02255869929892229,6.430000305175781,0.48199987411499023,JNJ
2024-10-31,0.05890120546249111,0.04924755654813717,0.17094568638573726,0.6339659673375428,0.5430768790407445,0.22887845915927826,0.2209844725422123,-0.11414404730992578,0.03166930671751422,0.12175388813972732,55.481791736887914,-0.19205463376237342,0.8888888888888888,0.7222222222222222,0.8888888888888888,0.0028528275054157054,0.05890120546249111,0.12527054701020002,6.430000305175781,0.48199987411499023,JPM
2024-10-31,-0.03179388829249574,0.005677020272637057,0.06134955020748167,0.14858755153160086,0.18630479362083374,0.05912659739814889,0.05803071896160669,-0.0753744643176073,-0.021713268951441433,0.01654971794372795,31.284765926016306,-0.12943567989690563,0.2777777777777778,0.1111111111111111,0.3333333333333333,0.0028528275054157054,-0.03179388829249574,0.01790898123280571,6.430000305175781,0.48199987411499023,LQD
2024-10-31,-0.05565877170579925,-0.026933430767124844,0.04748337861595009,0.2108487862374817,0.28221531577593373,0.24914834093975705,0.20985208540902187,-0.15486787381818123,-0.03431867322372695,-0.03209251066433083,36.596926204704594,-0.06907576675486182,0.4444444444444444,0.8333333333333334,0.05555555555555555,0.0028528275054157054,-0.05565877170579925,0.0441925428855372,6.430000305175781,0.48199987411499023,MSFT
2024-10-31,0.09321473354310883,0.13460414339502136,0.5367962637763692,2.2565022608960343,1.97883129542328,0.3916242682540978,0.5313994062059081,-0.2704676042048305,0.06023253210661639,0.2726570366477312,49.18280928975102,-0.8636758783983032,1.0,0.9444444444444444,0.9444444444444444,0.0028528275054157054,0.09321473354310883,0.04135289270640019,6.430000305175781,0.48199987411499023,NVDA
2024-10-31,-0.05454884084114975,-0.015285460590397704,0.06899790716632004,0.150514540346256,0.21689473771426404,0.11493028397216357,0.11924925854604455,-0.1998717881856351,-0.041582046421483,-0.001986403493472677,36.452504535358294,-0.00824604502616788,0.3333333333333333,0.2222222222222222,0.1111111111111111,0.0028528275054157054,-0.05454884084114975,0.01987221109234638,6.430000305175781,0.48199987411499023,TLT
2024-10-31,0.00899776972080435,-0.04171668955295449,-0.03722310113761851,0.07569365905371028,0.06610112661731771,0.18245137835133104,0.19529914148187905,-0.1330815751983213,-0.003381745249232737,-0.0029717646403623066,44.56897211178886,-0.19217472973616792,0.05555555555555555,0.5,0.6666666666666666,0.0028528275054157054,0.00899776972080435,0.07833835398457145,6.430000305175781,0.48199987411499023,XLE
2024-10-31,0.025595871961508143,0.06649683136519635,0.16038844820061393,0.4598993488148526,0.4234645328892708,0.14716397079131388,0.14234987015175482,-0.10741916737829749,0.019579737208026193,0.10679268162229127,51.489110282613794,-0.10535623090026613,0.8333333333333334,0.3888888888888889,0.7222222222222222,0.0028528275054157054,0.025595871961508143,0.10456108319614676,6.430000305175781,0.48199987411499023,XLF
2024-10-31,-0.0155918445054809,0.01754657410702065,0.13634155062361186,0.36510537477397365,0.38672700663294557,0.196949290264109,0.25552852642597834,-0.16972400877994387,-0.0032885300527175643,0.04065165462700482,41.70103152597003,-0.4515727103713778,0.5555555555555556,0.6111111111111112,0.4444444444444444,0.0028528275054157054,-0.0155918445054809,0.05170092575211904,6.430000305175781,0.48199987411499023,XLK
2024-10-31,-0.04642272863853636,-0.014784659595318939,0.05462414631592427,0.1979671658379365,0.2562874575728371,0.09994628838775252,0.1147074302877649,-0.09465457193545068,-0.04135359413921136,0.003954401308960964,28.744348477179386,-0.4830203527724659,0.3888888888888889,0.16666666666666666,0.16666666666666666,0.0028528275054157054,-0.04642272863853636,0.0036767375658943724,6.430000305175781,0.48199987411499023,XLV
2024-10-31,-0.0037535920948549295,-0.0073345126174014785,0.0034358189207333023,0.14194231272643276,0.14624484832788465,0.17399972915165013,0.21908420346266333,-0.18731150075744674,-0.007225984944470132,0.03489972870463465,40.57481643315743,-0.6984956874112185,0.2222222222222222,0.4444444444444444,0.5555555555555556,0.0028528275054157054,-0.0037535920948549295,0.01840451055461645,6.430000305175781,0.48199987411499023,XOM
2024-11-29,0.051706953406033485,0.03751574841585259,0.23727489577599314,0.25555511377168005,0.19382600800105831,0.16367602815823415,0.20034320896293656,-0.16606660223984548,0.03769684562610642,0.1553723390951518,66.66988071534144,1.181761105390902,0.5,0.2777777777777778,0.6666666666666666,0.07958180423243888,0.051706953406033485,0.05515529835996902,-9.649999618530273,-0.10599994659423828,AAPL
2024-11-29,0.1152897328156477,0.16464985652464104,0.1782475431481949,0.42302693271906855,0.275925789370006,0.38891392347072984,0.29375242836526483,-0.19489997863769526,0.06887285728546999,0.12686484538070109,58.67620846936756,-0.4308751862553786,0.7222222222222222,0.7777777777777778,0.8333333333333334,0.07958180423243888,0.1152897328156477,0.05531771626226978,-9.649999618530273,-0.10599994659423828,AMZN
2024-11-29,0.3880404924860452,0.6485518665657588,0.4440581041500533,1.5843125609368434,0.8618423417232011,0.5263089850444165,0.4314114529651783,-0.261820330084766,0.2434055510929496,0.46062292924923365,68.17570226610643,-529.2913087387979,0.9444444444444444,0.9444444444444444,0.9444444444444444,0.07958180423243888,0.3880404924860452,-0.04137345867660114,-9.649999618530273,-0.10599994659423828,BTC-USD
2024-11-29,0.4283708407627811,0.4227029276804706,-0.04429017232505095,0.7507410847992273,0.22569086041009756,0.639525322489381,0.5591116563514851,-0.45311533109164004,0.24966937653484123,0.2067495088816549,66.81682844673043,20.539284121279138,0.8888888888888888,1.0,1.0,0.07958180423243888,0.4283708407627811,-0.07262085829066778,-9.649999618530273,-0.10599994659423828,ETH-USD
2024-11-29,-0.031241364603207922,0.06182715840225317,0.14068737973427314,0.30113905344577807,0.3430993086454883,0.21855498422953007,0.16012571260966832,-0.0812038977169296,-0.0037240314330311275,0.09691866035359076,50.813525431807314,0.11560436970329524,0.6666666666666666,0.5555555555555556,0.05555555555555555,0.07958180423243888,-0.031241364603207922,-0.014088486936242095,-9.649999618530273,-0.10599994659423828,GLD
2024-11-29,-0.01262345835787082,0.035464552576284225,-0.018154499041862726,0.2779622650188225,0.2943008174909778,0.30702758198147556,0.25290522715100666,-0.2213761879185433,0.003566365239755509,0.028879949790626025,46.91825849465555,-1.2477926692316543,0.6111111111111112,0.7222222222222222,0.16666666666666666,0.07958180423243888,-0.01262345835787082,0.12173404052747805,-9.649999618530273,-0.10599994659423828,GOOGL
2024-11-29,0.010209192992755689,-0.010517336456215332,0.04440956955069075,0.05496657997359233,0.044305067991157854,0.07528574253656144,0.06210007536832726,-0.06319218686906714,0.0003068515030850705,0.017452433812455093,60.9046925497619,0.24861016389155344,0.1111111111111111,0.05555555555555555,0.2777777777777778,0.07958180423243888,0.010209192992755689,-0.02258372254283736,-9.649999618530273,-0.10599994659423828,IEF
2024-11-29,-0.02255869929892229,-0.057917604203791884,0.07342879032921967,0.033993779604435614,0.05785767274494669,0.12573147831675882,0.1248927219878799,-0.15304046315080222,-0.019664176587367743,0.010277395420127844,47.653857703557435,0.463998815637616,0.05555555555555555,0.16666666666666666,0.1111111111111111,0.07958180423243888,-0.02255869929892229,-0.06702813563714394,-9.649999618530273,-0.10599994659423828,JNJ
2024-11-29,0.12527054701020002,0.11766148340164584,0.246816857512008,0.638154568509264,0.45578729742973967,0.4497237239318396,0.3258246690296843,-0.1013047718121135,0.10423757312238457,0.2188876592058322,68.71338723490402,0.2010734678181345,0.8333333333333334,0.8888888888888888,0.8888888888888888,0.07958180423243888,0.12527054701020002,-0.040084860138915324,-9.649999618530273,-0.10599994659423828,JPM
2024-11-29,0.01790898123280571,0.004890937900660086,0.0569589354983715,0.08683573057969096,0.06771405952564336,0.0931811616661133,0.07140676836025575,-0.05088362168575056,0.005004562231856191,0.03115811851277117,61.326362604602934,0.25257941143660195,0.2222222222222222,0.1111111111111111,0.3333333333333333,0.07958180423243888,0.01790898123280571,-0.02675754470966718,-9.649999618530273,-0.10599994659423828,LQD
2024-11-29,0.0441925428855372,0.017182687306451783,0.023950084919643233,0.12593130511205608,0.07827939663372874,0.2832689055637319,0.2097568700853243,-0.15486787381818123,0.007482830907356908,0.007011468313494529,53.642505839926585,0.7656115226016,0.2777777777777778,0.6666666666666666,0.5555555555555556,0.07958180423243888,0.0441925428855372,-0.004628605445029632,-9.649999618530273,-0.10599994659423828,MSFT
2024-11-29,0.04135289270640019,0.15826290103294305,0.2612370044377157,1.9568488125209038,1.8394301616969342,0.415583178724692,0.45181640490162944,-0.2704676042048305,0.019054391187114605,0.23381520682645518,47.73241397820984,-1.5706308428765907,1.0,0.8333333333333334,0.5,0.07958180423243888,0.04135289270640019,-0.028577025227559227,-9.649999618530273,-0.10599994659423828,NVDA
2024-11-29,0.01987221109234638,-0.016481417049360347,0.059649293703835315,0.06744569726047156,0.04664651674073084,0.1869383829648804,0.14372659719905487,-0.14581809398880619,0.006941943891299873,0.01810604635847768,60.536140397539604,0.4687011783123346,0.16666666666666666,0.3888888888888889,0.4444444444444444,0.07958180423243888,0.01987221109234638,-0.06381014601777368,-9.649999618530273,-0.10599994659423828,TLT
2024-11-29,0.07833835398457145,0.05520270770157776,0.04176405483551604,0.1683276689511486,0.08345183553386315,0.17802756543063522,0.19617545021583452,-0.1330815751983213,0.04250256232413929,0.05941257045006032,60.22962858932825,-0.031289441719906,0.3888888888888889,0.3333333333333333,0.7222222222222222,0.07958180423243888,0.07833835398457145,-0.09579568806345562,-9.649999618530273,-0.10599994659423828,XLE
2024-11-29,0.10456108319614676,0.12650199710359367,0.2423203612627054,0.453538734378508,0.31594237429818084,0.24227937100329533,0.17612268961562033,-0.0686431260834679,0.08047591161335577,0.1904448731777162,73.8026056475259,0.08350678684994561,0.7777777777777778,0.6111111111111112,0.7777777777777778,0.07958180423243888,0.10456108319614676,-0.0546141324301288,-9.649999618530273,-0.10599994659423828,XLF
2024-11-29,0.05170092575211904,0.0627234912574588,0.11610497671947817,0.271690858162728,0.2091753720320102,0.21094827253264392,0.22132049295256281,-0.16972400877994387,0.01893832082148772,0.07885682941899108,54.67110491166183,-0.09177868374161635,0.5555555555555556,0.5,0.6111111111111112,0.07958180423243888,0.05170092575211904,-0.003546853135783179,-9.649999618530273,-0.10599994659423828,XLK
2024-11-29,0.0036767375658943724,-0.05877974890122439,0.033678136639179845,0.14038066453344733,0.1362031437523259,0.13780983881673897,0.10908623303953444,-0.09859642157138893,-0.014233551787182996,0.003516341128171341,52.25155628020372,0.502888206063334,0.3333333333333333,0.2222222222222222,0.2222222222222222,0.07958180423243888,0.0036767375658943724,-0.06252709194646466,-9.649999618530273,-0.10599994659423828,XLV
2024-11-29,0.01840451055461645,0.008388040645077366,0.022401143700125026,0.1873056038628904,0.16584872863170208,0.19217612863221506,0.2143611632052416,-0.18731150075744674,-0.008249416565372036,0.034298805545081024,45.71084944916168,-0.2674832400815936,0.4444444444444444,0.4444444444444444,0.3888888888888889,0.07958180423243888,0.01840451055461645,-0.0880807578679772,-9.649999618530273,-0.10599994659423828,XOM
2024-12-31,0.05515529835996902,0.07594650830659355,0.1916517380638343,0.30705227925137124,0.23872976924148182,0.1626327536799106,0.16783406047791513,-0.16606660223984548,0.05425569353986037,0.175330680288885,56.71592440446052,-0.46535541256857105,0.6666666666666666,0.5,0.8888888888888888,-0.02521723955091833,0.05515529835996902,-0.05758335412410698,3.8400001525878906,0.39499998092651367,AAPL
2024-12-31,0.05531771626226978,0.17742713054105597,0.13526519735911213,0.4439252064264869,0.3682374361539096,0.2767914096357445,0.2961990481928184,-0.19489997863769526,0.04548495512172246,0.15627377778577545,49.90838417686246,-1.671943998036216,0.8333333333333334,0.7777777777777778,0.9444444444444444,-0.02521723955091833,0.05531771626226978,0.08336748865953902,3.8400001525878906,0.39499998092651367,AMZN
2024-12-31,-0.04137345867660114,0.47528723778018134,0.5488891141050469,1.2192524815942032,1.3150334211803592,0.3882773475469095,0.4527818536140022,-0.261820330084766,-0.03154368854106038,0.3062769343358658,43.51033221525117,-1001.3902208392569,0.9444444444444444,0.9444444444444444,0.4444444444444444,-0.02521723955091833,-0.04137345867660114,0.09607082167329573,3.8400001525878906,0.39499998092651367,BTC-USD
2024-12-31,-0.07262085829066778,0.280234887070097,-0.01218396063281657,0.44849187080688346,0.5619198293990564,0.4939159009247713,0.6055292048988663,-0.45311533109164004,-0.052539461059377124,0.11606050745419072,42.19217553509094,-33.18702696078587,0.8888888888888888,1.0,0.16666666666666666,-0.02521723955091833,-0.07262085829066778,-0.010282453177827167,3.8400001525878906,0.39499998092651367,ETH-USD
2024-12-31,-0.014088486936242095,-0.003826185654252079,0.12613371968210685,0.2665690600092572,0.2846680896070939,0.13873126452177048,0.1607623724084615,-0.0812038977169296,-0.015067858535810386,0.05674997684838701,47.39430887553791,-0.16244800849401908,0.5555555555555556,0.2777777777777778,0.7222222222222222,-0.02521723955091833,-0.014088486936242095,0.06785607873643396,3.8400001525878906,0.39499998092651367,GLD
2024-12-31,0.12173404052747805,0.1427009698164614,0.0418251127106517,0.3600561368089519,0.2124586467656866,0.36052168336395607,0.29416820513377473,-0.2213761879185433,0.06478523473825182,0.11929430141666297,55.32776140163058,-0.42441594316910436,0.7222222222222222,0.8888888888888888,1.0,-0.02521723955091833,0.12173404052747805,0.07776022093905421,3.8400001525878906,0.39499998092651367,GOOGL
2024-12-31,-0.02258372254283736,-0.04605186657393201,0.008549025358396856,-0.006342129952885633,0.016616863218408495,0.05350899710007889,0.06262013871500006,-0.06319218686906714,-0.010879670475550163,-0.007871243284586327,39.78671344678786,-0.08935752404785696,0.16666666666666666,0.05555555555555555,0.6666666666666666,-0.02521723955091833,-0.02258372254283736,0.006165392038992135,3.8400001525878906,0.39499998092651367,IEF
2024-12-31,-0.06702813563714394,-0.10045431825972584,0.004972936216480095,-0.04811489427043125,0.020272038299492534,0.14791842202028685,0.13501375109861774,-0.15304046315080222,-0.05100347782727055,-0.051473548919302226,37.88228578224256,0.13309813071180931,0.1111111111111111,0.3888888888888889,0.2222222222222222,-0.02521723955091833,-0.06702813563714394,0.05206771650428754,3.8400001525878906,0.39499998092651367,JNJ
2024-12-31,-0.040084860138915324,0.1437872100252493,0.19902785072041684,0.44288146717779453,0.5031343993455535,0.18623580447695673,0.3083523113380114,-0.1013047718121135,0.008181278972164696,0.13588806805263953,49.88724339586572,-0.3191566842591467,0.7777777777777778,0.6111111111111112,0.5,-0.02521723955091833,-0.040084860138915324,0.12085627000022425,3.8400001525878906,0.39499998092651367,JPM
2024-12-31,-0.02675754470966718,-0.04082508625375847,0.022579388478328077,0.008583598650943047,0.03631278431032636,0.06637337936818109,0.07511153800508456,-0.05088362168575056,-0.013089580809846124,-0.0007222817244471047,38.83436509807097,-0.14808565305873106,0.2222222222222222,0.1111111111111111,0.6111111111111112,-0.02521723955091833,-0.02675754470966718,0.005802862282960453,3.8400001525878906,0.39499998092651367,LQD
2024-12-31,-0.004628605445029632,-0.018490079278600358,-0.0533506939534778,0.1292732954602911,0.1345245620256026,0.19808124776394995,0.2100448807285019,-0.15486787381818123,-0.015561788723048808,-0.00562579317855727,38.153868387203374,-3.107223335929386,0.4444444444444444,0.7222222222222222,0.7777777777777778,-0.02521723955091833,-0.004628605445029632,-0.01527876479231205,3.8400001525878906,0.39499998092651367,MSFT
2024-12-31,-0.028577025227559227,0.10588960161967687,0.08718407674481576,1.712492501270559,1.7922877795905228,0.3326991365252496,0.3661636190883599,-0.2704676042048305,-0.039991373702031874,0.1395093396350029,45.17696078908002,0.19254073242516312,1.0,0.8333333333333334,0.5555555555555556,-0.02521723955091833,-0.028577025227559227,-0.10589017336041362,3.8400001525878906,0.39499998092651367,NVDA
2024-12-31,-0.06381014601777368,-0.0972888904526884,-0.025671867865058373,-0.08053103947474294,-0.01786057965256138,0.12001796555862718,0.14565395651316543,-0.14581809398880619,-0.03649762214205776,-0.04641482773566441,35.23666628929715,-0.2716733168884524,0.05555555555555555,0.2222222222222222,0.2777777777777778,-0.02521723955091833,-0.06381014601777368,0.0049237295091337785,3.8400001525878906,0.39499998092651367,TLT
2024-12-31,-0.09579568806345562,-0.016188641503389056,-0.04452036596869191,0.0555919669126157,0.16742638027443468,0.17867437261364985,0.1865138970373156,-0.14341529259980168,-0.04867902653866718,-0.04542803767041759,39.14742569550821,-0.031139573129538523,0.3333333333333333,0.5555555555555556,0.05555555555555555,-0.02521723955091833,-0.09579568806345562,0.023114689423479273,3.8400001525878906,0.39499998092651367,XLE
2024-12-31,-0.0546141324301288,0.07096458008388096,0.1849219550314829,0.3055625550452339,0.3809837864418286,0.14744504119764645,0.18450123466251736,-0.07226328179152697,-0.009594345639035495,0.10008996376725676,43.48440457875996,-0.11369068898406853,0.6111111111111112,0.3333333333333333,0.3888888888888889,-0.02521723955091833,-0.0546141324301288,0.06496994520190769,3.8400001525878906,0.39499998092651367,XLF
2024-12-31,-0.003546853135783179,0.03163090087138376,0.031337009179055686,0.21630619739843793,0.22063561264881004,0.1944409573126123,0.18692631918693495,-0.16972400877994387,-0.005304728565731165,0.05834248032048617,44.427260136407675,-0.32794053136926793,0.5,0.6666666666666666,0.8333333333333334,-0.02521723955091833,-0.003546853135783179,-0.007354207123179246,3.8400001525878906,0.39499998092651367,XLK
2024-12-31,-0.06252709194646466,-0.10276031230920102,-0.04831343822006717,0.024744412679911898,0.09309229512304262,0.11706576493251952,0.11804432890499979,-0.13006695608436392,-0.0444314608925257,-0.057106565994868075,35.7551573975972,0.02798065975063624,0.2777777777777778,0.16666666666666666,0.3333333333333333,-0.02521723955091833,-0.06252709194646466,0.0676017677084162,3.8400001525878906,0.39499998092651367,XLV
2024-12-31,-0.0880807578679772,-0.07478330154971424,-0.050321056533415676,0.11261606787451517,0.22008179723598453,0.15320416839819076,0.1770151618435499,-0.18731150075744674,-0.06596270004203364,-0.06240638339969984,34.80116870520068,0.010131569213043257,0.3888888888888889,0.4444444444444444,0.1111111111111111,-0.02521723955091833,-0.0880807578679772,-0.006879049646057123,3.8400001525878906,0.39499998092651367,XOM
2025-01-31,-0.05758335412410698,0.045813100514247695,0.06508055978268135,0.2860962302584411,0.3646790258709067,0.2980484939433994,0.21934771606357614,-0.16606660223984548,-0.01760001727123106,0.07560585164238476,49.38580407413853,0.8940425551251838,0.5555555555555556,0.7777777777777778,0.1111111111111111,0.025960498914101557,-0.05758335412410698,0.02587244350609308,-0.9200000762939453,-0.004000186920166016,AAPL
2025-01-31,0.08336748865953902,0.27510729859666605,0.2711519847402313,0.5314432818903045,0.41359538468813906,0.21902900096400804,0.297677277317252,-0.19489997863769526,0.07120286870355774,0.22264754140377696,64.26492086763645,0.7709211899632686,0.8333333333333334,0.5555555555555556,0.8888888888888888,0.025960498914101557,0.08336748865953902,-0.10686635257151178,-0.9200000762939453,-0.004000186920166016,AMZN
2025-01-31,0.09607082167329573,0.45844548855616174,0.584744846736847,1.4048557459137099,1.1940696699163857,0.3381041094441925,0.3635798678287549,-0.261820330084766,0.03145898020984994,0.3209434511924989,52.87726124851781,-139.78246384878503,1.0,0.8888888888888888,0.9444444444444444,0.025960498914101557,0.09607082167329573,-0.17608526437187266,-0.9200000762939453,-0.004000186920166016,BTC-USD
2025-01-31,-0.010282453177827167,0.31102076195418915,0.020725272332422273,0.44499493117240196,0.46000738878688474,0.5175217027055498,0.5182710466355245,-0.45311533109164004,-0.03234713745354534,0.104097134562805,50.022334505478966,2.7525965938757437,0.7222222222222222,0.9444444444444444,0.2222222222222222,0.025960498914101557,-0.010282453177827167,-0.3214901832713606,-0.9200000762939453,-0.004000186920166016,ETH-USD
2025-01-31,0.06785607873643396,0.019920331194759333,0.14129328658416695,0.372035031815932,0.28485013958006866,0.12214157564448065,0.16684419934375166,-0.0812038977169296,0.049161584571614236,0.10844768036242347,67.52248576904051,0.7761784270777237,0.6666666666666666,0.2222222222222222,0.7777777777777778,0.025960498914101557,0.06785607873643396,0.018216241876358952,-0.9200000762939453,-0.004000186920166016,GLD
2025-01-31,0.07776022093905421,0.19369906700508466,0.1922867688087826,0.46152481959737357,0.3560760466033388,0.2701745872442324,0.3162328988447721,-0.2213761879185433,0.0894988493734874,0.17622383360002414,63.83234982339836,0.1680405073369613,0.7777777777777778,0.6666666666666666,0.8333333333333334,0.025960498914101557,0.07776022093905421,-0.16537606698232288,-0.9200000762939453,-0.004000186920166016,GOOGL
2025-01-31,0.006165392038992135,-0.006517414421540413,-0.01380501892387187,-0.0009414470769513184,-0.007063291156875762,0.05971336893587038,0.06336975775027569,-0.06893830067502393,9.688015886344381e-05,-0.003380733782415213,55.30947599535247,0.15603070497152716,0.16666666666666666,0.05555555555555555,0.5,0.025960498914101557,0.006165392038992135,0.027996879106152672,-0.9200000762939453,-0.004000186920166016,IEF
2025-01-31,0.05206771650428754,-0.040592902894478256,-0.021001415859289607,-0.012165469305184584,-0.061054231397670966,0.23438406471656653,0.17687799350267905,-0.15304046315080222,0.02662847139442981,0.00020721981782223509,60.074190635909595,0.9292142761983798,0.1111111111111111,0.6111111111111112,0.6111111111111112,0.025960498914101557,0.05206771650428754,0.09326932286380663,-0.9200000762939453,-0.004000186920166016,JNJ
2025-01-31,0.12085627000022425,0.21070885488596836,0.2703333076802954,0.5680803229682503,0.39900214232457887,0.14344164566099665,0.2936436054493581,-0.1013047718121135,0.08275760538563848,0.23592235446180299,74.39294077837276,1.0201133146406791,0.8888888888888888,0.3333333333333333,1.0,0.025960498914101557,0.12085627000022425,-0.009913775001914482,-0.9200000762939453,-0.004000186920166016,JPM
2025-01-31,0.005802862282960453,-0.003579029288930613,0.0020776727618767588,0.01894809895584748,0.013069396763347951,0.06626084555153423,0.07621920633982499,-0.06258640448328268,-0.002222062707580519,0.0023748982860554158,52.9336757439478,0.19530660789476378,0.2222222222222222,0.1111111111111111,0.4444444444444444,0.025960498914101557,0.005802862282960453,0.023713244269218503,-0.9200000762939453,-0.004000186920166016,LQD
2025-01-31,-0.01527876479231205,0.02347925997811906,-0.004086547812089725,0.05177268596106166,0.06809180949492966,0.32726449629881227,0.27002746787963366,-0.15486787381818123,-0.03766586569003538,-0.022652821548398205,40.49248984201975,-1.0718413695284439,0.2777777777777778,0.8333333333333334,0.16666666666666666,0.025960498914101557,-0.01527876479231205,-0.04161813622532773,-0.9200000762939453,-0.004000186920166016,MSFT
2025-01-31,-0.10589017336041362,-0.09552375242690614,0.026222498098813274,0.9520543542160511,1.1832377813726005,0.8335606823077376,0.5616311379644002,-0.2704676042048305,-0.12538123140586788,-0.01965772284277123,38.796631282941675,-2.023125097505599,0.9444444444444444,1.0,0.05555555555555555,0.025960498914101557,-0.10589017336041362,0.040393029426297966,-0.9200000762939453,-0.004000186920166016,NVDA
2025-01-31,0.0049237295091337785,-0.04050483614331635,-0.05517116165712488,-0.05478230438142628,-0.0594134978977201,0.1089195381307494,0.14322433494593337,-0.14647859783102934,-0.015306344197988153,-0.03928784121399498,49.16654250380123,0.287206622733978,0.05555555555555555,0.16666666666666666,0.3888888888888889,0.025960498914101557,0.0049237295091337785,0.056971079928923585,-0.9200000762939453,-0.004000186920166016,TLT
2025-01-31,0.023114689423479273,-0.002424105676596011,-0.04403966956559646,0.08555935044011442,0.06103388179464275,0.18915735199770764,0.18677985692127114,-0.14341529259980168,-0.02546067756223791,-0.020606333235119845,40.8074658680022,-0.1481285783916031,0.4444444444444444,0.4444444444444444,0.5555555555555556,0.025960498914101557,0.023114689423479273,0.03833856257386259,-0.9200000762939453,-0.004000186920166016,XLE
2025-01-31,0.06496994520190769,0.11208042207088864,0.18603024636187282,0.3487735249543833,0.26648975497488725,0.1518657957362805,0.188972591094461,-0.07437082856724442,0.037868146010440196,0.1482664917991372,66.3839811162637,0.22441408966582477,0.6111111111111112,0.3888888888888889,0.6666666666666666,0.025960498914101557,0.06496994520190769,0.013794519029920682,-0.9200000762939453,-0.004000186920166016,XLF
2025-01-31,-0.007354207123179246,0.04026370346075936,0.05851676762437741,0.17560158749893984,0.1843112577870185,0.2758501223359323,0.22792270965772193,-0.16972400877994387,-0.017409930388628814,0.0376417432850753,45.85050243714404,-0.16745920051663535,0.5,0.7222222222222222,0.2777777777777778,0.025960498914101557,-0.007354207123179246,-0.022875909173869724,-0.9200000762939453,-0.004000186920166016,XLK
2025-01-31,0.0676017677084162,0.004527588277367878,-0.01032401016941964,0.06284584411376715,-0.004454773060986628,0.13771811721080482,0.13550731595046653,-0.13006695608436392,0.03502961448675279,0.006604062825382506,63.970541447731705,0.7329773035917106,0.3333333333333333,0.2777777777777778,0.7222222222222222,0.025960498914101557,0.0676017677084162,0.014025979841792324,-0.9200000762939453,-0.004000186920166016,XLV
2025-01-31,-0.006879049646057123,-0.07768592232076466,-0.08445064656071,0.07454674516491533,0.08198980676215983,0.2130468544927887,0.18528480384585433,-0.15149563159757562,-0.041109346240161604,-0.06442315230946716,41.12202988242313,-0.026212361479151625,0.3888888888888889,0.5,0.3333333333333333,0.025960498914101557,-0.006879049646057123,0.05144450409045054,-0.9200000762939453,-0.004000186920166016,XOM
2025-02-28,0.02587244350609308,0.020123369347954112,0.05839406102554401,0.3442984511028695,0.3103953221596456,0.24958872117897615,0.24229016769703945,-0.16606660223984548,0.007534925105888934,0.0728085167920236,53.47693117114054,0.2443029711657203,0.7777777777777778,0.6666666666666666,0.6666666666666666,-0.024454993393627906,0.02587244350609308,-0.08150003910531112,3.1999988555908203,-0.3379998207092285,AAPL
2025-02-28,-0.10686635257151178,0.02111693396766179,0.18924369064031854,0.2009504716922088,0.3446481107838535,0.2664842990578613,0.2651923911714717,-0.19489997863769526,-0.06318348696338205,0.0689559068318526,35.66025170161838,-2.4061035679600202,0.6111111111111112,0.7777777777777778,0.2222222222222222,-0.024454993393627906,-0.10686635257151178,-0.1037309421475675,3.1999988555908203,-0.3379998207092285,AMZN
2025-02-28,-0.17608526437187266,-0.13429418260010462,0.42716094117143344,0.37868034962627295,0.6733289137925289,0.3059200159661647,0.3415239225027454,-0.261820330084766,-0.13824626439846155,0.028987076972019077,25.46559169398178,-1306.7027421499893,0.8333333333333334,0.8333333333333334,0.1111111111111111,-0.024454993393627906,-0.17608526437187266,-0.021619399346929025,3.1999988555908203,-0.3379998207092285,BTC-USD
2025-02-28,-0.3214901832713606,-0.3772342367014828,-0.11398932529603656,-0.3303533629645258,-0.013062714016280674,0.5660108871519557,0.5428273745802934,-0.45311533109164004,-0.23674502808554077,-0.23639425776039202,29.077001272421782,-29.617420865917865,0.05555555555555555,1.0,0.05555555555555555,-0.024454993393627906,-0.3214901832713606,-0.18518446597705107,3.1999988555908203,-0.3379998207092285,ETH-USD
2025-02-28,0.018216241876358952,0.0719898731194919,0.13826796081046222,0.3906819101415213,0.36580212821864455,0.14715981401682576,0.13446836776951757,-0.0812038977169296,0.03298306127724082,0.10568049406381452,49.766287175216085,-1.166158152864817,0.8888888888888888,0.3333333333333333,0.5555555555555556,-0.024454993393627906,0.018216241876358952,0.09446585889998316,3.1999988555908203,-0.3379998207092285,GLD
2025-02-28,-0.16537606698232288,0.0090272232783275,0.044811922289183626,0.23427169915369195,0.4788357370618921,0.35595950986924746,0.33028018060549114,-0.2213761879185433,-0.10650294812036754,-0.029974973405622163,30.786367362319425,-1.9075293856009141,0.6666666666666666,0.8888888888888888,0.16666666666666666,-0.024454993393627906,-0.16537606698232288,-0.09080281519119426,3.1999988555908203,-0.3379998207092285,GOOGL
2025-02-28,0.027996879106152672,0.010975750869346435,0.0003429787483786306,0.04887335722012143,0.020307919740107483,0.06403591105162584,0.061231426628654495,-0.06893830067502393,0.028734381505600037,0.02012687559369275,71.96137318555316,0.20923438486481583,0.2777777777777778,0.1111111111111111,0.7222222222222222,-0.024454993393627906,0.027996879106152672,0.003419709361584644,3.1999988555908203,-0.3379998207092285,IEF
2025-02-28,0.09326932286380663,0.07309804348451299,0.0109467757301136,0.05535987247392593,-0.03467530790178697,0.15203930986830863,0.18581235320303824,-0.15304046315080222,0.10241341874853616,0.08392523304639843,71.57049529021138,0.6841862001746954,0.3333333333333333,0.3888888888888889,1.0,-0.024454993393627906,0.09326932286380663,0.004969023811794981,3.1999988555908203,-0.3379998207092285,JNJ
2025-02-28,-0.009913775001914482,0.06526040594479143,0.19060052551729512,0.4549065927835336,0.4694746336727864,0.2340550410133167,0.19483880085298091,-0.1013047718121135,0.03135496792181858,0.18107604433861813,50.084223384406805,-2.420134732718734,0.9444444444444444,0.6111111111111112,0.3888888888888889,-0.024454993393627906,-0.009913775001914482,-0.07311548824273106,3.1999988555908203,-0.3379998207092285,JPM
2025-02-28,0.023713244269218503,0.0021027060288973942,0.007003928134168058,0.06366098416286992,0.0390223923713795,0.06353036133843633,0.06724506852450926,-0.06258640448328268,0.023566695170731178,0.020616826539405775,66.48841540339785,0.1790535434795728,0.3888888888888889,0.05555555555555555,0.6111111111111112,-0.024454993393627906,0.023713244269218503,-0.0046247122642624205,3.1999988555908203,-0.3379998207092285,LQD
2025-02-28,-0.04161813622532773,-0.060629222650869896,-0.04448830831886119,-0.03292518914272724,0.009070441972224508,0.25496204498037744,0.23859074009437575,-0.15558488239066803,-0.05889725292752024,-0.06440931608058542,37.35637057324467,-1.1766794666060072,0.1111111111111111,0.7222222222222222,0.2777777777777778,-0.024454993393627906,-0.04161813622532773,-0.05440932737992932,3.1999988555908203,-0.3379998207092285,MSFT
2025-02-28,0.040393029426297966,-0.09635745015209674,0.046655641283638305,0.5794746772524701,0.5181519219937842,0.5323286526224252,0.5900801426098132,-0.2704676042048305,-0.0644771670794142,-0.014236056182630241,43.925995693512625,-0.936144362987811,1.0,0.9444444444444444,0.8333333333333334,-0.024454993393627906,0.040393029426297966,-0.13232487792137726,3.1999988555908203,-0.3379998207092285,NVDA
2025-02-28,0.056971079928923585,-0.005602242616306152,-0.02199132676869553,0.022087365094912714,-0.03300347142549698,0.14598267625050568,0.13061439319454676,-0.14647859783102934,0.049883403687215555,0.012131717578526713,67.49715634414892,0.3598130327828212,0.16666666666666666,0.2777777777777778,0.9444444444444444,-0.024454993393627906,0.056971079928923585,-0.012046781386912508,3.1999988555908203,-0.3379998207092285,TLT
2025-02-28,0.03833856257386259,-0.03942810126095275,0.01359806849148848,0.09145506711517482,0.05115528446679818,0.22713521027727415,0.1916766311217392,-0.14341529259980168,0.023327141432357923,0.018955047193836227,53.332072161329826,-0.03851661591333319,0.4444444444444444,0.5555555555555556,0.7777777777777778,-0.024454993393627906,0.03833856257386259,0.03493220988961432,3.1999988555908203,-0.3379998207092285,XLE
2025-02-28,0.013794519029920682,0.02069596128957718,0.14981603882828098,0.31382295872826016,0.29594600687467776,0.13227533416918255,0.14506677383480857,-0.07437082856724442,0.04092686434426751,0.13701894912836532,61.84119601705519,-0.0950015679620354,0.7222222222222222,0.2222222222222222,0.4444444444444444,-0.024454993393627906,0.013794519029920682,-0.04195249097237563,3.1999988555908203,-0.3379998207092285,XLF
2025-02-28,-0.022875909173869724,-0.0335021101777615,0.02712001176485601,0.09709492680976539,0.12277952934534975,0.22222238551421852,0.2313949710433161,-0.16972400877994387,-0.03793451375854773,-0.0012634590273407076,39.68527594175694,-0.7570674049665995,0.5,0.4444444444444444,0.3333333333333333,-0.024454993393627906,-0.022875909173869724,-0.08286031682813177,3.1999988555908203,-0.3379998207092285,XLK
2025-02-28,0.014025979841792324,0.014885603955920423,-0.044769117008076065,0.0447108473055875,0.030260435209542358,0.11507386425220253,0.1273616911011257,-0.13006695608436392,0.04073633146243316,0.015449869375686598,61.18294834343134,0.042668486976305875,0.2222222222222222,0.16666666666666666,0.5,-0.024454993393627906,0.014025979841792324,-0.015813286504386737,3.1999988555908203,-0.3379998207092285,XLV
2025-02-28,0.05144450409045054,-0.047763380885892825,-0.03977598142103278,0.10110823699017368,0.047233812822755405,0.2239350751987187,0.1928515946887273,-0.15149563159757562,0.02991947452446131,-0.01206019393294444,56.41451298476129,0.156924982957952,0.5555555555555556,0.5,0.8888888888888888,-0.024454993393627906,0.05144450409045054,0.06826540078069199,3.1999988555908203,-0.3379998207092285,XOM
2025-03-31,-0.08150003910531112,-0.11199491078686707,-0.044554024902644485,0.30148626584645144,0.4169693209117884,0.30615887030307215,0.2842098536170968,-0.18959725112108738,-0.03494591383744894,-0.028762952901738803,46.84981854286082,0.8780315994202663,0.9444444444444444,0.7222222222222222,0.3333333333333333,-0.03855181891802725,-0.08150003910531112,-0.04335315567867337,2.6500015258789062,0.014999866485595703,AAPL
2025-03-31,-0.1037309421475675,-0.13277726862597805,0.021091572141691772,0.05477319745302234,0.17684883597385892,0.3367300711263639,0.28070619951914466,-0.2139965445518066,-0.11955066513907664,-0.04974269872512194,35.420365634127194,0.5920434882265582,0.5555555555555556,0.7777777777777778,0.16666666666666666,-0.03855181891802725,-0.1037309421475675,-0.030694820280155133,2.6500015258789062,0.014999866485595703,AMZN
2025-03-31,-0.021619399346929025,-0.11645490594566177,0.3034828012616553,0.16685233951096778,0.19263642260700142,0.39421832446231053,0.45211146327889923,-0.261820330084766,-0.06727610631632996,-0.040697649319614504,42.414370623779284,31.573562994031363,0.7222222222222222,0.8888888888888888,0.5555555555555556,-0.03855181891802725,-0.021619399346929025,0.14123018539860022,2.6500015258789062,0.014999866485595703,BTC-USD
2025-03-31,-0.18518446597705107,-0.45282442188856453,-0.2994867355489913,-0.4879726277947716,-0.37160332513885597,0.4475198194882606,0.6780420204545743,-0.5491003364253586,-0.1877898170591924,-0.3606868423061853,35.531574649532146,4.15081337685146,0.05555555555555555,0.9444444444444444,0.05555555555555555,-0.03855181891802725,-0.18518446597705107,-0.016290055367711775,2.6500015258789062,0.014999866485595703,ETH-USD
2025-03-31,0.09446585889998316,0.19002192556801534,0.18546868074816159,0.4006417117376522,0.279749112636001,0.12107016521158051,0.1294924838684887,-0.0812038977169296,0.07483408145940751,0.180181982343935,75.9600320810763,0.6284392161152352,1.0,0.2777777777777778,1.0,-0.03855181891802725,0.09446585889998316,0.05424437277239913,2.6500015258789062,0.014999866485595703,GLD
2025-03-31,-0.09080281519119426,-0.1821548801632994,-0.06544758840294207,0.02947938733692279,0.13229495706523897,0.35082693653043145,0.32211222389990374,-0.2513434740671936,-0.13564519299610966,-0.11362273360163755,33.30387050579449,-0.22297925850614853,0.3888888888888889,0.8333333333333334,0.2222222222222222,-0.03855181891802725,-0.09080281519119426,0.026901240191894882,2.6500015258789062,0.014999866485595703,GOOGL
2025-03-31,0.003419709361584644,0.03787200756270326,-0.0099239356503934,0.0447996635509762,0.041238929037699545,0.05987989926783737,0.06189315769337521,-0.06893830067502393,0.018089423168048624,0.01852143690383601,62.059189710883636,-0.03702560804029059,0.5,0.1111111111111111,0.7777777777777778,-0.03855181891802725,0.003419709361584644,0.010560956442043246,2.6500015258789062,0.014999866485595703,IEF
2025-03-31,0.004969023811794981,0.15590869822366882,0.039792677973123025,0.08199158530820161,0.07664172693031301,0.13605031692426126,0.1800230064668033,-0.15304046315080222,0.047044137720850365,0.07518206770676894,61.7966428247732,-0.3606045004941578,0.6666666666666666,0.3333333333333333,0.8333333333333334,-0.03855181891802725,0.004969023811794981,-0.0574648524382132,2.6500015258789062,0.014999866485595703,JNJ
2025-03-31,-0.07311548824273106,0.02860485292624615,0.17650507494694323,0.25265876797912434,0.351472327015395,0.3060491927167441,0.24176123360004062,-0.19560648202383701,-0.045370007688912195,0.07191008413721711,48.086539173593366,1.7567423499696586,0.8888888888888888,0.6666666666666666,0.3888888888888889,-0.03855181891802725,-0.07311548824273106,0.003370362714889774,2.6500015258789062,0.014999866485595703,JPM
2025-03-31,-0.0046247122642624205,0.024891859096626945,-0.016949439451767745,0.04267403533664238,0.04751850702311389,0.055236547901375735,0.06211838005210143,-0.06258640448328268,0.00849937804889489,0.010839769430926571,55.324532835470634,-0.0520351141810515,0.4444444444444444,0.05555555555555555,0.7222222222222222,-0.03855181891802725,-0.0046247122642624205,-0.002706159151146803,2.6500015258789062,0.014999866485595703,LQD
2025-03-31,-0.05440932737992932,-0.10760923002981915,-0.12410960611405908,-0.10093174935942228,-0.04919932411197259,0.2551178275137799,0.2534790863716653,-0.19245672443118866,-0.07193903405634916,-0.10801065194216808,35.61813422294205,0.15580783288961797,0.1111111111111111,0.5555555555555556,0.4444444444444444,-0.03855181891802725,-0.05440932737992932,0.052931657242873076,2.6500015258789062,0.014999866485595703,MSFT
2025-03-31,-0.13232487792137726,-0.19286636190750162,-0.10739930251604646,0.1998717211651535,0.3828582733716197,0.5905819423917871,0.6534238787250948,-0.2840796400980483,-0.12891644137597402,-0.15031378333265766,38.107314417573434,-0.30618061183387635,0.7777777777777778,1.0,0.1111111111111111,-0.03855181891802725,-0.13232487792137726,0.004982410811787075,2.6500015258789062,0.014999866485595703,NVDA
2025-03-31,-0.012046781386912508,0.049379525755368414,-0.05271344396913957,0.0019305361254480236,0.014147752392549728,0.11701805512247242,0.12598878789531182,-0.14647859783102934,0.01910218756818538,-0.0024827947657840577,56.26469184847468,-0.11891210913204009,0.2222222222222222,0.16666666666666666,0.6666666666666666,-0.03855181891802725,-0.012046781386912508,-0.013604680502958044,2.6500015258789062,0.014999866485595703,TLT
2025-03-31,0.03493220988961432,0.09944930011529451,0.08165070954457598,0.022372068316306004,-0.012136197379196356,0.2197743309654729,0.2006021306672017,-0.14341529259980168,0.04139420842481556,0.053776069805774984,62.47508239466531,0.18865113693578256,0.3333333333333333,0.3888888888888889,0.8888888888888888,-0.03855181891802725,0.03493220988961432,-0.13857676217932113,2.6500015258789062,0.014999866485595703,XLE
2025-03-31,-0.04195249097237563,0.0343662378851497,0.10776960360961296,0.20099009501961707,0.2535809380043883,0.22057049333635528,0.17332337481332408,-0.09139689336392476,-0.010496099369864731,0.06894037744038073,51.02868833280055,0.15191191732448017,0.8333333333333334,0.4444444444444444,0.5,-0.03855181891802725,-0.04195249097237563,-0.021080243775119634,2.6500015258789062,0.014999866485595703,XLF
2025-03-31,-0.08286031682813177,-0.11043126187383545,-0.08229340129988483,-0.0016915363088257918,0.08850209189355862,0.3006222999802911,0.26649138461325445,-0.16972400877994387,-0.0836254899486445,-0.08467846102345411,36.51851413362929,0.004178991114286212,0.16666666666666666,0.6111111111111112,0.2777777777777778,-0.03855181891802725,-0.08286031682813177,0.016902354617427173,2.6500015258789062,0.014999866485595703,XLK
2025-03-31,-0.015813286504386737,0.06545684525994688,-0.044029832910941424,0.004310395239380371,0.02044701627020773,0.12026273193415801,0.12676490299247406,-0.13006695608436392,0.001013373472456891,-0.0031458914875437394,50.89318394542211,-0.16008416745105108,0.2777777777777778,0.2222222222222222,0.6111111111111112,-0.03855181891802725,-0.015813286504386737,-0.03794265513970296,2.6500015258789062,0.014999866485595703,XLV
2025-03-31,0.06826540078069199,0.11549508614131421,0.03207468073718389,0.05767675529262428,-0.009911998909942543,0.2465086752872899,0.21896673197449332,-0.15149563159757562,0.07491988834511143,0.05510558951092781,69.2366068355459,0.5458091235364781,0.6111111111111112,0.5,0.9444444444444444,-0.03855181891802725,0.06826540078069199,-0.11183052892842271,2.6500015258789062,0.014999866485595703,XOM
2025-04-30,-0.04335315567867337,-0.09858630993568696,-0.05728975394785163,0.2534690482094146,0.3102735410146702,0.789069987393306,0.5020721029169363,-0.3336052559468633,-0.020873704368305934,-0.06400550616644163,54.20118395887853,2.889565746903374,0.7777777777777778,0.9444444444444444,0.2222222222222222,-0.009023354069417233,-0.04335315567867337,-0.05358390678770375,2.4200000762939453,-0.0689997673034668,AAPL
2025-04-30,-0.030694820280155133,-0.22408278419752303,-0.010622295023457129,0.053828560965401895,0.08719996861049117,0.6729170089633778,0.45459970895618235,-0.3087663843187606,-0.04949414396833807,-0.07358244122521229,48.486943258144365,2.113179392580313,0.3888888888888889,0.8888888888888888,0.3333333333333333,-0.009023354069417233,-0.030694820280155133,0.1116473080052216,2.4200000762939453,-0.0689997673034668,AMZN
2025-04-30,0.14123018539860022,-0.08005184377017638,0.3416942381589454,0.5536312325521395,0.3613653515565738,0.34865782497000913,0.5029734378119591,-0.2814447811620787,0.10010524614390248,0.0506075039054279,65.28315185110043,651.4910558082383,1.0,0.3333333333333333,1.0,-0.009023354069417233,0.14123018539860022,0.10393309768283654,2.4200000762939453,-0.0689997673034668,BTC-USD
2025-04-30,-0.016290055367711775,-0.456145786869784,-0.28699583511002824,-0.40451375620049623,-0.39465261376197924,0.5797631539805648,0.7614960982211118,-0.6323957203281366,0.0025242808920840076,-0.34356897478846493,54.54783605513133,30.067892992234516,0.05555555555555555,0.7222222222222222,0.4444444444444444,-0.009023354069417233,-0.016290055367711775,0.41040155681594226,2.4200000762939453,-0.0689997673034668,ETH-USD
2025-04-30,0.05424437277239913,0.17485300078111599,0.19825646166183275,0.43375653001574643,0.35998499688011165,0.29305839980084536,0.1992960453180765,-0.0812038977169296,0.07188776029519661,0.20271317818873213,58.17899075116852,-0.30065709380489647,0.9444444444444444,0.2222222222222222,0.9444444444444444,-0.009023354069417233,0.05424437277239913,-0.0005595776946504261,2.4200000762939453,-0.0689997673034668,GLD
2025-04-30,0.026901240191894882,-0.22074859367750876,-0.06980832331044207,-0.019786109304300137,-0.04546430335157714,0.4855072850928774,0.3994537212911213,-0.2980587500209958,-0.0235330464809832,-0.07445763740188094,50.60470967926661,1.544181851215162,0.2222222222222222,0.6111111111111112,0.8333333333333334,-0.009023354069417233,0.026901240191894882,0.08148624539361649,2.4200000762939453,-0.0689997673034668,GOOGL
2025-04-30,0.010560956442043246,0.04240608644025312,0.03561229397938592,0.08994651326487801,0.07855593105668102,0.08502235205814579,0.06981484050994545,-0.06893830067502393,0.016087228528018693,0.025121529450492064,63.13597107637417,0.12517006679221873,0.6111111111111112,0.05555555555555555,0.7222222222222222,-0.009023354069417233,0.010560956442043246,-0.012395875382560928,2.4200000762939453,-0.0689997673034668,IEF
2025-04-30,-0.0574648524382132,0.035565067112063975,-0.006471525098129871,0.11573817232339345,0.18376293468700866,0.3640374879713454,0.24166995768278227,-0.15221971191977124,-0.02180170168497897,0.006022800820197904,49.9431538774212,0.40710143607191984,0.6666666666666666,0.3888888888888889,0.16666666666666666,-0.009023354069417233,-0.0574648524382132,0.0014750572833348574,2.4200000762939453,-0.0689997673034668,JNJ
2025-04-30,0.003370362714889774,-0.07921144575414907,0.11480685610310037,0.3053782793071709,0.3009934594590944,0.5306444392719473,0.37352229205318355,-0.24423929489677143,0.015077254930253359,0.05750426457451474,56.3379694066265,2.135000363185595,0.8888888888888888,0.6666666666666666,0.6111111111111112,-0.009023354069417233,0.003370362714889774,0.0792247950998084,2.4200000762939453,-0.0689997673034668,JPM
2025-04-30,-0.002706159151146803,0.01622134609281556,0.012584260131112801,0.07470584903733224,0.07762206585231612,0.1384936628660565,0.09252065440209549,-0.06258640448328268,0.003366968276963922,0.005339118602254889,54.86295166166782,0.24184636408893218,0.5,0.1111111111111111,0.5555555555555556,-0.009023354069417233,-0.002706159151146803,0.002064066460913061,2.4200000762939453,-0.0689997673034668,LQD
2025-04-30,0.052931657242873076,-0.045794425125026295,-0.02339038435996621,0.02298233977944708,-0.028443743007831257,0.4705110322275668,0.3407209726847975,-0.23726653882061755,0.023303608375945917,-0.04360770783873302,57.59198275219055,3.241695006336726,0.3333333333333333,0.5555555555555556,0.8888888888888888,-0.009023354069417233,0.052931657242873076,0.16683975699601938,2.4200000762939453,-0.0689997673034668,MSFT
2025-04-30,0.004982410811787075,-0.09277911360607138,-0.1794402569544834,0.2610331473176475,0.254781311345571,0.911565492414857,0.6893087119145627,-0.36881037580530474,-0.040388228702894824,-0.13021520714503232,50.41110811867457,1.1954144322184765,0.8333333333333334,1.0,0.6666666666666666,-0.009023354069417233,0.004982410811787075,0.24063538701474196,2.4200000762939453,-0.0689997673034668,NVDA
2025-04-30,-0.013604680502958044,0.03003145630437931,-0.011689799055691119,0.056501536440591416,0.07107314436497547,0.2021319685192015,0.15818166868103914,-0.14647859783102934,-0.0009338620823370336,-0.014616335001964131,53.06066951794011,0.2592085363218558,0.4444444444444444,0.16666666666666666,0.5,-0.009023354069417233,-0.013604680502958044,-0.032106136328992396,2.4200000762939453,-0.0689997673034668,TLT
2025-04-30,-0.13857676217932113,-0.07430595443930321,-0.07654993462993809,-0.11092360980874838,0.03210170234150245,0.5964497160523025,0.3877466066740275,-0.20137294822173002,-0.0689354213370692,-0.0859909336197956,42.543000882042996,0.2064821098980285,0.1111111111111111,0.7777777777777778,0.05555555555555555,-0.009023354069417233,-0.13857676217932113,0.012795016773089918,2.4200000762939453,-0.0689997673034668,XLE
2025-04-30,-0.021080243775119634,-0.04921115379851815,0.05735366138403708,0.22694097433266025,0.25336215407915796,0.461774604721787,0.3007667376917002,-0.15540296738859627,0.0023188080237073194,0.03182681721214564,55.35136595350053,0.3454830182106046,0.7222222222222222,0.4444444444444444,0.3888888888888889,-0.009023354069417233,-0.021080243775119634,0.04511911044641903,2.4200000762939453,-0.0689997673034668,XLF
2025-04-30,0.016902354617427173,-0.08869351899141709,-0.052000945078219396,0.07725071605953482,0.059345286367058936,0.6659602175547329,0.435274549787574,-0.25656307040801474,2.9305475623964128e-05,-0.05600171506565932,55.936039485843644,1.363326272957439,0.5555555555555556,0.8333333333333334,0.7777777777777778,-0.009023354069417233,0.016902354617427173,0.09972848154404779,2.4200000762939453,-0.0689997673034668,XLK
2025-04-30,-0.03794265513970296,-0.039875527918787124,-0.035528479614178154,0.017154953832918762,0.05727060789772631,0.31527448699379707,0.2033010149698148,-0.14662889435350313,-0.015840088920035078,-0.036615327156496735,53.1556621314101,0.7377357544104053,0.2777777777777778,0.2777777777777778,0.2777777777777778,-0.009023354069417233,-0.03794265513970296,-0.05574156077436265,2.4200000762939453,-0.0689997673034668,XLV
2025-04-30,-0.11183052892842271,-0.002388701710524632,-0.07988905553575787,-0.07672772094359381,0.03952264644097392,0.4665212373552995,0.33083490641662583,-0.18918136291041265,-0.0393588083673726,-0.06047292638142521,44.25149749782813,0.3394688002378108,0.16666666666666666,0.5,0.1111111111111111,-0.009023354069417233,-0.11183052892842271,-0.02260517182578692,2.4200000762939453,-0.0689997673034668,XOM
2025-05-30,-0.05358390678770375,-0.16840302289133502,-0.15166848977233516,0.049619280900425,0.10904631528172737,0.3357126662669898,0.5174938156082463,-0.3336052559468633,-0.02122973948112339,-0.10790404792717534,45.83235735054468,-0.5608324918533389,0.3888888888888889,0.7777777777777778,0.1111111111111111,0.06546431392899635,-0.05358390678770375,0.0215084512154764,-6.130001068115234,0.2389998435974121,AAPL
2025-05-30,0.1116473080052216,-0.034247240975441184,-0.01385350373403249,0.1619246864095769,0.04522781465155057,0.3564345074093541,0.4776685919147023,-0.3087663843187606,0.06838472544829721,0.01804910279179084,57.875232303048,-0.03489220454566855,0.7222222222222222,0.8333333333333334,0.8333333333333334,0.06546431392899635,0.1116473080052216,0.07014294555445688,-6.130001068115234,0.2389998435974121,AMZN
2025-05-30,0.10393309768283654,0.23260475131588754,0.06707310376891518,0.5409155632180529,0.3958414386274365,0.2614312832873781,0.3811909169242532,-0.2814447811620787,0.06387063278018634,0.09873149135999526,50.207935257907884,-846.2647834201962,1.0,0.5555555555555556,0.7777777777777778,0.06546431392899635,0.10393309768283654,0.030161622564372603,-6.130001068115234,0.2389998435974121,BTC-USD
2025-05-30,0.41040155681594226,0.13049628755266474,-0.29596561657612463,-0.3271474207407291,-0.5229354533766455,0.5764074092839836,0.7753169898544043,-0.6323957203281366,0.20617264902743404,-0.05966328973016144,57.049794033567245,-23.553203460473696,0.05555555555555555,1.0,1.0,0.06546431392899635,0.41040155681594226,-0.01718585662797223,-6.130001068115234,0.2389998435974121,ETH-USD
2025-05-30,-0.0005595776946504261,0.15318881290244346,0.23620672922610808,0.41012541477080533,0.41091493129540746,0.27333875928963564,0.23938687943179465,-0.0812038977169296,0.022623028868263173,0.16362791404346733,52.072609323540156,-0.23119408399630403,0.9444444444444444,0.6666666666666666,0.3333333333333333,0.06546431392899635,-0.0005595776946504261,0.004051318985581975,-6.130001068115234,0.2389998435974121,GLD
2025-05-30,0.08148624539361649,0.009735815499981815,0.01885092615862427,0.00035419799587654843,-0.07501902843730679,0.374421942857786,0.4050838078766346,-0.2980587500209958,0.07351059635054402,0.004635197020147697,60.591979451879105,0.9293951651786574,0.3333333333333333,0.8888888888888888,0.6666666666666666,0.06546431392899635,0.08148624539361649,0.027386430482678747,-6.130001068115234,0.2389998435974121,GOOGL
2025-05-30,-0.012395875382560928,0.0014471555495942923,0.012438790037722303,0.057400760899719794,0.07067268609202815,0.06695794191609343,0.0706309822452911,-0.06893830067502393,0.0020853813834529333,0.010970690591086019,54.966255366952666,0.06298679838317733,0.5,0.05555555555555555,0.2777777777777778,0.06546431392899635,-0.012395875382560928,0.016019565302235472,-6.130001068115234,0.2389998435974121,IEF
2025-05-30,0.0014750572833348574,-0.05138417111163174,0.01795778999854747,0.09270519912434683,0.09109577036145922,0.20983009020018303,0.2517142256620599,-0.1462533416163082,0.00769532613154289,0.007955014440901076,56.52861378446042,0.56571895832932,0.5555555555555556,0.4444444444444444,0.3888888888888889,0.06546431392899635,0.0014750572833348574,-0.01584943422291385,-6.130001068115234,0.2389998435974121,JNJ
2025-05-30,0.0792247950998084,0.0036881775505448466,0.06918927545948139,0.33308321251393114,0.23522292905681974,0.18030103620743537,0.3656801763913135,-0.24423929489677143,0.07189300023005107,0.11340749787039939,61.95306169950077,-0.4958645781303277,0.8888888888888888,0.2777777777777778,0.6111111111111112,0.06546431392899635,0.0792247950998084,0.09814392497808555,-6.130001068115234,0.2389998435974121,JPM
2025-05-30,0.002064066460913061,-0.005269395320678605,-0.0031777692810907032,0.05360016386177047,0.051429942581288524,0.07163497409527723,0.09397528772446948,-0.06258640448328268,0.008436556887411184,0.005886616865262262,58.16935089242615,0.10630637865309725,0.4444444444444444,0.1111111111111111,0.4444444444444444,0.06546431392899635,0.002064066460913061,0.02082454475244644,-6.130001068115234,0.2389998435974121,LQD
2025-05-30,0.16683975699601938,0.1617550823907672,0.09131877483471773,0.11745595216641025,-0.042322696440122765,0.29694288275581915,0.35382121708826386,-0.23726653882061755,0.1268669677324914,0.10812211278431083,69.93710558728507,-1.093423921853237,0.6666666666666666,0.7222222222222222,0.8888888888888888,0.06546431392899635,0.16683975699601938,0.08048064802636223,-6.130001068115234,0.2389998435974121,MSFT
2025-05-30,0.24063538701474196,0.08183186898112704,-0.022410691407171446,0.23297181113995657,-0.006177137904493923,0.3803175293219022,0.6626285846636732,-0.36881037580530474,0.16289273636361878,0.06608461332222282,63.06481559558314,0.26460371994920884,0.7777777777777778,0.9444444444444444,0.9444444444444444,0.06546431392899635,0.24063538701474196,0.1692518086193613,-6.130001068115234,0.2389998435974121,NVDA
2025-05-30,-0.032106136328992396,-0.05677539823307054,-0.062059571293837656,-0.006112087185242476,0.02685630121174687,0.12276710726440336,0.15003818622751022,-0.14787145163124793,-0.016168560589272407,-0.04046205617678755,48.938934734967695,0.1125068931618558,0.2777777777777778,0.16666666666666666,0.16666666666666666,0.06546431392899635,-0.032106136328992396,0.026640359772373,-6.130001068115234,0.2389998435974121,TLT
2025-05-30,0.012795016773089918,-0.0970783998656477,-0.13267888414644646,-0.09645603750393772,-0.10787084500585031,0.1858984339724156,0.38054432636795305,-0.20137294822173002,-0.029153544165658518,-0.06780081401811011,44.370892566804855,-0.06678002263716556,0.16666666666666666,0.3888888888888889,0.5,0.06546431392899635,0.012795016773089918,0.04869268796918069,-6.130001068115234,0.2389998435974121,XLE
2025-05-30,0.04511911044641903,-0.01983333455451186,0.00045215681088195403,0.24288208487534768,0.18922529733903226,0.15359914927075477,0.3046874410044566,-0.15540296738859627,0.04113834915736447,0.0592261507572065,58.678476907809724,-0.07071041920716248,0.8333333333333334,0.2222222222222222,0.5555555555555556,0.06546431392899635,0.04511911044641903,0.03119059304247984,-6.130001068115234,0.2389998435974121,XLF
2025-05-30,0.09972848154404779,0.025652424282668118,-0.008709096239738146,0.10638471106357761,0.006052611741204084,0.22695090854073305,0.4382466019608807,-0.25656307040801474,0.08754609571946914,0.03188732808018768,61.76472324081587,-0.2565114647167195,0.6111111111111112,0.5,0.7222222222222222,0.06546431392899635,0.09972848154404779,0.09847870178506812,-6.130001068115234,0.2389998435974121,XLK
2025-05-30,-0.05574156077436265,-0.10593450908309754,-0.09262580427465295,-0.06206713212814885,-0.006698983128997638,0.26174109037936255,0.24285278935558238,-0.17109002183736954,-0.032456092349416044,-0.08109920071590582,46.40192514980709,0.21256798562490653,0.2222222222222222,0.6111111111111112,0.05555555555555555,0.06546431392899635,-0.05574156077436265,0.021060623915514665,-6.130001068115234,0.2389998435974121,XLV
2025-05-30,-0.02260517182578692,-0.07264708723760105,-0.11694059762551368,-0.09715905705717631,-0.0762781662868598,0.18435419946064793,0.3222426008000148,-0.18918136291041265,-0.04515303571840723,-0.07494718077953388,39.96867282127685,-0.3376695797427074,0.1111111111111111,0.3333333333333333,0.2222222222222222,0.06546431392899635,-0.02260517182578692,0.05376337256725017,-6.130001068115234,0.2389998435974121,XOM
2025-06-30,0.0215084512154764,-0.07514058106841615,-0.1787201291820526,-0.021320414502951746,-0.04192707918125094,0.17852553290483944,0.49959717420951405,-0.3336052559468633,0.0119110632960433,-0.07924105446627427,56.84302996021497,0.6964361184560902,0.3333333333333333,0.6111111111111112,0.3888888888888889,0.043597906037891,0.0215084512154764,0.011697850747013794,-1.8400001525878906,-0.18599987030029297,AAPL
2025-06-30,0.07014294555445688,0.15310630570719308,0.0,0.13526519735911213,0.06085378787495954,0.23144723243224724,0.45462316369721084,-0.3087663843187606,0.08690481784527893,0.06951089098125585,61.429535143747714,0.19701309098792663,0.7222222222222222,0.7222222222222222,0.7777777777777778,0.043597906037891,0.07014294555445688,0.06709513314943583,-1.8400001525878906,-0.18599987030029297,AMZN
2025-06-30,0.030161622564372603,0.29784064580649683,0.1467007354666443,0.7761122863005365,0.7241103215234082,0.23392393731127722,0.2779377846794385,-0.2814447811620787,0.010609780547920389,0.11305102424009794,54.43880382255737,269.3834361172418,1.0,0.7777777777777778,0.5555555555555556,0.043597906037891,0.030161622564372603,0.08048574368152783,-1.8400001525878906,-0.18599987030029297,BTC-USD
2025-06-30,-0.01718585662797223,0.3635819324046381,-0.25388126783418374,-0.262971949094299,-0.2500840002393907,0.4916874593135867,0.6634191437216869,-0.6323957203281366,-0.01927580213230029,-0.01997022870881393,51.09224579440019,1.7306799604920897,0.05555555555555555,1.0,0.05555555555555555,0.043597906037891,-0.01718585662797223,0.4867326593849237,-1.8400001525878906,-0.18599987030029297,ETH-USD
2025-06-30,0.004051318985581975,0.05792313137830485,0.2589517219057549,0.41774798548992087,0.4120274120274121,0.17478047442184771,0.2500834289360867,-0.0812038977169296,-0.004240095942398048,0.13449785393615987,47.4596578889764,-1.1645587223023042,0.8888888888888888,0.5555555555555556,0.16666666666666666,0.043597906037891,0.004051318985581975,-0.0061345510598058706,-1.8400001525878906,-0.18599987030029297,GLD
2025-06-30,0.027386430482678747,0.14099437674259252,-0.06684331721995285,-0.027813933785979628,-0.05372892091121417,0.2782381689370439,0.38280977828191426,-0.2980587500209958,0.06127960557602785,0.024671841707794462,57.59141342298314,-0.07780612447205515,0.2777777777777778,0.9444444444444444,0.5,0.043597906037891,0.027386430482678747,0.08891781536077281,-1.8400001525878906,-0.18599987030029297,GOOGL
2025-06-30,0.016019565302235472,0.014022242299811305,0.052425300328938995,0.061422510909269645,0.04468707804217131,0.059301959266072964,0.0708091504813641,-0.06893830067502393,0.016571606842564535,0.027404900717197922,65.50397451823969,0.14173093152940364,0.4444444444444444,0.1111111111111111,0.2222222222222222,0.043597906037891,0.016019565302235472,-0.005939262669178547,-1.8400001525878906,-0.18599987030029297,IEF
2025-06-30,-0.01584943422291385,-0.07103524329081912,0.07379844262337643,0.07913837378789812,0.09651755667671602,0.1279027091063502,0.2506867766443715,-0.14446262127420428,-0.0030042404267274225,-0.004847025356226609,48.78685363987465,-0.1811777708696206,0.5555555555555556,0.3888888888888889,0.1111111111111111,0.043597906037891,-0.01584943422291385,0.07849433610363898,-1.8400001525878906,-0.18599987030029297,JNJ
2025-06-30,0.09814392497808555,0.18913851808767523,0.22315365050650748,0.46659529266764954,0.33552192869155717,0.14450048890049938,0.32992229007717155,-0.24423929489677143,0.10933722691413084,0.19227677401611754,77.55263579156298,1.5033942947316357,0.9444444444444444,0.5,0.8888888888888888,0.043597906037891,0.09814392497808555,0.026757209851034025,-1.8400001525878906,-0.18599987030029297,JPM
2025-06-30,0.02082454475244644,0.020163378762408035,0.0455571418421008,0.06916518272404404,0.04735450202494906,0.05865462333845345,0.09491858220287804,-0.06258640448328268,0.0237558364487358,0.026591551829548976,67.91266927247992,0.12428831223704245,0.5,0.05555555555555555,0.2777777777777778,0.043597906037891,0.02082454475244644,-0.0008975317436722419,-1.8400001525878906,-0.18599987030029297,LQD
2025-06-30,0.08048064802636223,0.3274812459723204,0.18463201121421413,0.12143107133643172,0.037900191349905965,0.10013019061726179,0.3238440757568426,-0.23726653882061755,0.11052468474774857,0.17842713062112492,77.77119629592944,0.34958171057385456,0.6111111111111112,0.16666666666666666,0.8333333333333334,0.043597906037891,0.08048064802636223,0.07255587037836775,-1.8400001525878906,-0.18599987030029297,MSFT
2025-06-30,0.1692518086193613,0.45784273081143745,0.17667390708653818,0.27926113530559316,0.09408523114976375,0.2704756138341006,0.5812582186673979,-0.36881037580530474,0.20949480975473178,0.2206194659176739,76.80511256169213,0.7325426919664952,0.7777777777777778,0.8888888888888888,1.0,0.043597906037891,0.1692518086193613,0.1258305640611428,-1.8400001525878906,-0.18599987030029297,NVDA
2025-06-30,0.026640359772373,-0.019839779596497187,0.028560067251305332,0.0021550091135542626,-0.023849978647096814,0.12477113043032201,0.15436976882344627,-0.14787145163124793,0.02105232003711266,-0.005434496110331644,60.98529741922616,0.226568511213133,0.3888888888888889,0.2777777777777778,0.4444444444444444,0.043597906037891,0.026640359772373,-0.011396550436251207,-1.8400001525878906,-0.18599987030029297,TLT
2025-06-30,0.04869268796918069,-0.08507313733010358,0.005915698819099591,-0.03886803622597912,-0.08349512226000466,0.20182774448346572,0.37792743303016796,-0.20137294822173002,0.021831556543182584,-0.020852909938485875,50.76033892333253,-0.08913747792039178,0.16666666666666666,0.6666666666666666,0.6666666666666666,0.043597906037891,0.04869268796918069,0.028298640131365405,-1.8400001525878906,-0.18599987030029297,XLE
2025-06-30,0.03119059304247984,0.0549984583197316,0.0912547863068136,0.2930517548281326,0.2539406037569094,0.1276751527572127,0.28724852891976843,-0.15540296738859627,0.04718941793452047,0.07621885253764438,67.52403150752927,0.13892037124839474,0.8333333333333334,0.3333333333333333,0.6111111111111112,0.043597906037891,0.03119059304247984,0.0,-1.8400001525878906,-0.18599987030029297,XLF
2025-06-30,0.09847870178506812,0.22844683768590368,0.09278790325532649,0.1270326078103996,0.025994046110252578,0.130837313135765,0.40686242311826293,-0.25656307040801474,0.11127756035720826,0.12030547782359946,75.93611146559252,0.25457073143753073,0.6666666666666666,0.4444444444444444,0.9444444444444444,0.043597906037891,0.09847870178506812,0.03755475105371042,-1.8400001525878906,-0.18599987030029297,XLK
2025-06-30,0.021060623915514665,-0.07243711436162115,-0.011721774087520065,-0.05946889309938019,-0.07886849725541689,0.1011893994832258,0.24203308925311412,-0.17109002183736954,0.007768591588199536,-0.04954527368977091,54.91677747355567,0.15809855586458108,0.1111111111111111,0.2222222222222222,0.3333333333333333,0.043597906037891,0.021060623915514665,-0.032346620428248984,-1.8400001525878906,-0.18599987030029297,XLV
2025-06-30,0.05376337256725017,-0.08523618550369627,0.020414540050511576,-0.030933797706889643,-0.08037589128553102,0.2420900624813757,0.3210457293847782,-0.18918136291041265,0.011005097327981161,-0.021169845475711324,48.53011489311936,-0.2563781534899843,0.2222222222222222,0.8333333333333334,0.7222222222222222,0.043597906037891,0.05376337256725017,0.03562150458978852,-1.8400001525878906,-0.18599987030029297,XOM
2025-07-31,0.011697850747013794,-0.02191880741527652,-0.11834422300970049,-0.06096557150753679,-0.07182324465837064,0.1404820792944702,0.23285210035305,-0.3336052559468633,0.01072927076232677,-0.06229945860574504,45.118283239445994,-0.6898344493643682,0.1111111111111111,0.3888888888888889,0.3888888888888889,0.060184864564198054,0.011697850747013794,0.11963874698254084,-0.010000228881835938,0.13000011444091797,AAPL
2025-07-31,0.06709513314943583,0.26943933919729113,-0.015020162299901774,0.2520590756215908,0.17333406996829837,0.1620583019983111,0.258487935999129,-0.3087663843187606,0.07690155986566527,0.11780284144731246,66.9833703018339,0.053617287470733466,0.7222222222222222,0.4444444444444444,0.6666666666666666,0.060184864564198054,0.06709513314943583,-0.021827348669553603,-0.010000228881835938,0.13000011444091797,AMZN
2025-07-31,0.08048574368152783,0.22876027404985155,0.13039574856061376,0.7913888373046731,0.6579476849003973,0.16736387897219793,0.2409355901378229,-0.2814447811620787,0.03675709721301579,0.16889385173564686,49.43824629785521,-630.1475655207742,1.0,0.5555555555555556,0.8333333333333334,0.060184864564198054,0.08048574368152783,-0.0634716762108517,-0.010000228881835938,0.13000011444091797,BTC-USD
2025-07-31,0.4867326593849237,1.0608532054750968,0.12080369844054206,0.1440326603219082,-0.23050546236388858,0.4021472191404027,0.5032145925990146,-0.6323957203281366,0.257321358902564,0.4811291291144417,66.45725285169576,-19.815922015497847,0.5555555555555556,1.0,1.0,0.060184864564198054,0.4867326593849237,0.17946916845284688,-0.010000228881835938,0.13000011444091797,ETH-USD
2025-07-31,-0.0061345510598058706,-0.0026664831546518997,0.17172027504534082,0.33727648366380114,0.3455307105099614,0.13071462346758703,0.19913843901237074,-0.0812038977169296,-0.0155492535264119,0.09795124071790551,43.11459224886081,-0.9134400954679802,0.8333333333333334,0.3333333333333333,0.16666666666666666,0.060184864564198054,-0.0061345510598058706,0.049874624687468394,-0.010000228881835938,0.13000011444091797,GLD
2025-07-31,0.08891781536077281,0.20990125966670026,-0.05718274189337025,0.12410854224510981,0.03231715597625495,0.18452237071322394,0.2857627857607626,-0.2980587500209958,0.0807866585554553,0.09918113125403472,63.655653153105874,0.511017124947271,0.5,0.7222222222222222,0.8888888888888888,0.060184864564198054,0.08891781536077281,0.10948414439743348,-0.010000228881835938,0.13000011444091797,GOOGL
2025-07-31,-0.005939262669178547,-0.002534491932735472,0.03976411662353585,0.025410153317185102,0.0315367208552475,0.05133409511166973,0.059252221869867304,-0.06893830067502393,0.006833070398330365,0.02170141289622718,54.61847343300323,0.021683730172325583,0.3333333333333333,0.05555555555555555,0.2222222222222222,0.060184864564198054,-0.005939262669178547,0.016481480317270814,-0.010000228881835938,0.13000011444091797,IEF
2025-07-31,0.07849433610363898,0.06296643806067648,0.10077091076817601,0.07765316310532455,-0.0007799512432798972,0.2565777134326471,0.20585212207033088,-0.14446262127420428,0.048816469322097156,0.07099407445563188,57.29987846271676,0.10999107670304564,0.4444444444444444,0.9444444444444444,0.7777777777777778,0.060184864564198054,0.07849433610363898,0.08334609388349379,-0.010000228881835938,0.13000011444091797,JNJ
2025-07-31,0.026757209851034025,0.21685530321472402,0.12046643537348234,0.42336583299274566,0.38627303449785666,0.1877176656165352,0.17026873107232496,-0.24423929489677143,0.06232232446568986,0.17784813232026608,62.4742922631711,-0.16211431324816594,0.8888888888888888,0.7777777777777778,0.4444444444444444,0.060184864564198054,0.026757209851034025,0.017485825680117584,-0.010000228881835938,0.13000011444091797,JPM
2025-07-31,-0.0008975317436722419,0.022013480880115788,0.03859191526499517,0.04074976939804675,0.041684714496205144,0.05516642142499826,0.06161960045115252,-0.06258640448328268,0.011854980373124935,0.0257627287623452,57.75119820323929,0.025831187869220784,0.3888888888888889,0.1111111111111111,0.2777777777777778,0.060184864564198054,-0.0008975317436722419,0.010435779151050761,-0.010000228881835938,0.13000011444091797,LQD
2025-07-31,0.07255587037836775,0.35222242905399104,0.29029818027429677,0.2850253150687534,0.19809638878339508,0.163997501966601,0.20520832576037523,-0.23726653882061755,0.0949295452358836,0.23713067251956432,81.74267531556063,0.3627912538154838,0.7777777777777778,0.5,0.7222222222222222,0.060184864564198054,0.07255587037836775,-0.048691866006817075,-0.010000228881835938,0.13000011444091797,MSFT
2025-07-31,0.1258305640611428,0.633146895194026,0.4816249738694167,0.520476881929862,0.3505379321424129,0.23834307838940583,0.29940649515162626,-0.36881037580530474,0.15708921760503425,0.3219166161047262,71.11317550417395,-0.07895893946303456,0.9444444444444444,0.8888888888888888,0.9444444444444444,0.060184864564198054,0.1258305640611428,-0.020745473282684723,-0.010000228881835938,0.13000011444091797,NVDA
2025-07-31,-0.011396550436251207,-0.01764560733099363,0.011855925687860758,-0.04396934116198392,-0.032948287546544996,0.11636067189485393,0.12099658044144772,-0.14787145163124793,0.01102275543104625,-0.006277969330066524,54.82936868727252,0.1200016490296985,0.16666666666666666,0.2222222222222222,0.1111111111111111,0.060184864564198054,-0.011396550436251207,0.00012706734375722561,-0.010000228881835938,0.13000011444091797,TLT
2025-07-31,0.028298640131365405,0.09216701778709102,0.011012505123293659,-0.03351215152902198,-0.06010976699579329,0.18100931191366199,0.18618949678002275,-0.20137294822173002,0.021651595812586688,0.005989822961678826,52.29451458900209,-0.004414836052070492,0.2222222222222222,0.6111111111111112,0.5,0.060184864564198054,0.028298640131365405,0.0364638125876493,-0.010000228881835938,0.13000011444091797,XLE
2025-07-31,0.0,0.07771699530127196,0.02468129849422418,0.21530301289550846,0.21530301289550846,0.12316153087056327,0.13453775203280127,-0.15540296738859627,0.015315773437190039,0.05705260459597472,50.87629464159833,-0.07775782530521114,0.6666666666666666,0.2777777777777778,0.3333333333333333,0.060184864564198054,0.0,0.03093377108784523,-0.010000228881835938,0.13000011444091797,XLF
2025-07-31,0.03755475105371042,0.2533955173478093,0.14222745822616423,0.20906691697336788,0.16530420755673347,0.0990703869496595,0.1614469861448535,-0.25656307040801474,0.06134979137961749,0.14180485585473912,67.23669906542712,-0.20412152999768507,0.6111111111111112,0.16666666666666666,0.6111111111111112,0.060184864564198054,0.03755475105371042,-0.0011036231110729267,-0.010000228881835938,0.13000011444091797,XLK
2025-07-31,-0.032346620428248984,-0.06704172485306492,-0.10424392860074994,-0.11349172339119518,-0.08385761335206432,0.18143000675143103,0.19401641396406188,-0.17109002183736954,-0.024095882218361675,-0.06781762311854322,38.74656235361699,-0.22675941035171615,0.05555555555555555,0.6666666666666666,0.05555555555555555,0.060184864564198054,-0.032346620428248984,0.05366863918003362,-0.010000228881835938,0.13000011444091797,XLV
2025-07-31,0.03562150458978852,0.06663098515419441,0.06408312189545806,-0.02577938574295202,-0.05928892945986253,0.20922917904557523,0.2122237745050524,-0.18918136291041265,0.024252110601624688,0.016394916459015585,52.85020806642454,-0.05880588423921057,0.2777777777777778,0.8333333333333334,0.5555555555555556,0.060184864564198054,0.03562150458978852,0.03326336690274134,-0.010000228881835938,0.13000011444091797,XOM
2025-08-29,0.11963874698254084,0.1570995133819022,-0.037759542457702744,0.0184295855412695,-0.09039447921397237,0.2899306965059299,0.21365474282253033,-0.3336052559468633,0.07780898219861876,0.051957007195547744,65.96132081173661,-0.10181090231808554,0.2222222222222222,0.8333333333333334,0.9444444444444444,0.032490696298514955,0.11963874698254084,0.09688132008271788,-1.359999656677246,-0.13299989700317383,AAPL
2025-08-29,-0.021827348669553603,0.1170187119455981,0.07876390294352009,0.28291316526610655,0.311540619665835,0.38364674448675984,0.27200533125555765,-0.3087663843187606,0.02238258739832122,0.07603705275481887,54.306513934343954,0.2460250157001449,0.6666666666666666,0.9444444444444444,0.16666666666666666,0.032490696298514955,-0.021827348669553603,-0.04117900731782209,-1.359999656677246,-0.13299989700317383,AMZN
2025-08-29,-0.0634716762108517,0.04242621424257864,0.2848995045716358,0.8337583862551641,0.9580383632561869,0.3357256927450555,0.2613185916400872,-0.2814447811620787,-0.06940797537010324,0.07188974704420681,37.759439457201196,-715.2540000669767,1.0,0.8888888888888888,0.05555555555555555,0.032490696298514955,-0.0634716762108517,0.05207274670637663,-1.359999656677246,-0.13299989700317383,BTC-USD
2025-08-29,0.17946916845284688,0.7234189829260838,0.9483187620957272,0.7262312209428261,0.4635662102191167,0.8416967014631044,0.6289688012255952,-0.6323957203281366,0.1064617622017543,0.6377586044793544,51.99859682320029,-44.5725965391764,0.9444444444444444,1.0,1.0,0.032490696298514955,0.17946916845284688,-0.04912564324040303,-1.359999656677246,-0.13299989700317383,ETH-USD
2025-08-29,0.049874624687468394,0.04766139963702587,0.20815140577113422,0.37520003699740223,0.30987072614197,0.11965412569171358,0.14313354908860346,-0.0812038977169296,0.030550087197784626,0.12724707122383982,65.89991956637127,0.9231820594707538,0.8333333333333334,0.2222222222222222,0.7222222222222222,0.032490696298514955,0.049874624687468394,0.11758415768627128,-1.359999656677246,-0.13299989700317383,GLD
2025-08-29,0.10948414439743348,0.24122361204706766,0.2533079361281789,0.3094710739663722,0.18025217447118402,0.2074415114046835,0.22477379852932575,-0.2980587500209958,0.11939831215778174,0.19477554029278665,74.19737954703012,0.36407273746844204,0.7222222222222222,0.7222222222222222,0.8888888888888888,0.032490696298514955,0.10948414439743348,0.1428181881037358,-1.359999656677246,-0.13299989700317383,GOOGL
2025-08-29,0.016481480317270814,0.026631208732932787,0.028116903784037417,0.028469526032884218,0.011793668598734985,0.05323294576627664,0.054372627728625014,-0.06893830067502393,0.013063465178253741,0.03432794432007058,63.06059973537013,0.037028868163658524,0.3333333333333333,0.05555555555555555,0.4444444444444444,0.032490696298514955,0.016481480317270814,0.006511196102221506,-1.359999656677246,-0.13299989700317383,IEF
2025-08-29,0.08334609388349379,0.14986442271071754,0.09077959245897227,0.10272011202860543,0.017883498407845977,0.12003381067182875,0.18174200536682605,-0.14446262127420428,0.07528621380915079,0.14636439361805942,67.6661626447816,-0.3848970258702846,0.4444444444444444,0.2777777777777778,0.8333333333333334,0.032490696298514955,0.08334609388349379,0.04656543829535176,-1.359999656677246,-0.13299989700317383,JNJ
2025-08-29,0.017485825680117584,0.1472429363617047,0.1514741720046151,0.370945754308287,0.3473856045040298,0.16756400078562872,0.1666237497334408,-0.24423929489677143,0.03593541436542225,0.16383336729405062,64.172494572086,0.7255631955604827,0.7777777777777778,0.6111111111111112,0.5,0.032490696298514955,0.017485825680117584,0.04647999633494182,-1.359999656677246,-0.13299989700317383,JPM
2025-08-29,0.010435779151050761,0.030551860324849134,0.025121475174336716,0.03230135231525022,0.021639745558664325,0.054822728758958245,0.05570899563709506,-0.06258640448328268,0.008687113294072235,0.03237761467922606,54.611367919651336,-0.04724629429515148,0.3888888888888889,0.1111111111111111,0.3888888888888889,0.032490696298514955,0.010435779151050761,0.01877217833947431,-1.359999656677246,-0.13299989700317383,LQD
2025-08-29,-0.048691866006817075,0.1024480336861453,0.280774606206587,0.2237951106387004,0.28643398170236845,0.16036023312174505,0.15174703197465034,-0.23726653882061755,-0.0018755741583851293,0.1492389258584439,46.56226798255248,-1.9588373128303391,0.6111111111111112,0.5555555555555556,0.1111111111111111,0.032490696298514955,-0.048691866006817075,0.02222274040750971,-1.359999656677246,-0.13299989700317383,MSFT
2025-08-29,-0.020745473282684723,0.2890705090730059,0.3945575580789029,0.45962153525801863,0.4905435670039773,0.2593584637059649,0.2589796416466026,-0.36881037580530474,0.02145175407666522,0.2554409117923011,46.22582307826214,-1.0999351770333474,0.8888888888888888,0.7777777777777778,0.2222222222222222,0.032490696298514955,-0.020745473282684723,0.07125111963927333,-1.359999656677246,-0.13299989700317383,NVDA
2025-08-29,0.00012706734375722561,0.015069166887766494,-0.042561789296397645,-0.06361712584881574,-0.06373609441635397,0.09424427820886688,0.11155355019669078,-0.14787145163124793,0.0004608765577167606,-0.003355707360256921,48.66102853374072,-0.054444648908085966,0.1111111111111111,0.16666666666666666,0.3333333333333333,0.032490696298514955,0.00012706734375722561,0.035909515222742217,-1.359999656677246,-0.13299989700317383,TLT
2025-08-29,0.0364638125876493,0.11769071973199363,0.00918709311572763,0.022910088328641276,-0.01307689095789033,0.1348334192793801,0.17118051320885216,-0.20137294822173002,0.043766453093509794,0.04508124148910242,70.87958799401136,0.2650347938926904,0.2777777777777778,0.3888888888888889,0.6666666666666666,0.032490696298514955,0.0364638125876493,-0.0031820111232873094,-1.359999656677246,-0.13299989700317383,XLE
2025-08-29,0.03093377108784523,0.06308920679559527,0.042004602895927556,0.19811360494263153,0.16216350510894362,0.13169441426985218,0.12651043497149958,-0.15540296738859627,0.029126616841289144,0.07632623187957366,64.50456573718972,0.1357659397016283,0.5,0.3333333333333333,0.5555555555555556,0.032490696298514955,0.03093377108784523,0.0010620030089965038,-1.359999656677246,-0.13299989700317383,XLF
2025-08-29,-0.0011036231110729267,0.138473961617954,0.16767857871614766,0.19934603550849994,0.20067112390964437,0.17488018320263124,0.14053887585393637,-0.25656307040801474,0.012164441518690783,0.12287053196351172,50.84845990436044,-0.24367133016838494,0.5555555555555556,0.6666666666666666,0.2777777777777778,0.032490696298514955,-0.0011036231110729267,0.07533699915348402,-1.359999656677246,-0.13299989700317383,XLK
2025-08-29,0.05366863918003362,0.041059137360720754,-0.06922495128206019,-0.11089492834631132,-0.15618151799071156,0.14334402079166444,0.14930862256182192,-0.17109002183736954,0.02357125383391301,-0.00746220039728418,58.77117477099756,0.28144654962429183,0.05555555555555555,0.4444444444444444,0.7777777777777778,0.032490696298514955,0.05366863918003362,0.017292131509670794,-1.359999656677246,-0.13299989700317383,XLV
2025-08-29,0.03326336690274134,0.1276003219926678,0.04568344303171923,0.004090357829408031,-0.028233855963345267,0.1554546235175784,0.20323777380815136,-0.18918136291041265,0.044611452880322755,0.05763835275279283,70.86984490483562,0.8247069572397869,0.16666666666666666,0.5,0.6111111111111112,0.032490696298514955,0.03326336690274134,-0.013474529480882458,-1.359999656677246,-0.13299989700317383,XOM
2025-09-30,0.09688132008271788,0.24247708395873757,0.1491166339058867,0.09791886278280093,0.0009459024245255243,0.28723424555111016,0.2482056453859301,-0.3336052559468633,0.10664787847711454,0.14884110537055295,68.15877998420852,0.9344823184030542,0.3888888888888889,0.8333333333333334,0.8888888888888888,0.03576658552390959,0.09688132008271788,0.06181510580676064,0.9200010299682617,-0.07900047302246094,AAPL
2025-09-30,-0.04117900731782209,0.0008204928896990982,0.15405242123209306,0.17839320112980395,0.22900229565625274,0.2698833641015813,0.2837525461974618,-0.3087663843187606,-0.033199736188160744,0.022661888360022475,40.574353324835336,-1.4458068825480375,0.4444444444444444,0.7777777777777778,0.1111111111111111,0.03576658552390959,-0.04117900731782209,0.11226484981660545,0.9200010299682617,-0.07900047302246094,AMZN
2025-09-30,0.05207274670637663,0.06459820132582017,0.38167881713313734,0.8009945750005922,0.7118536533132269,0.2269444491784308,0.25279811198629576,-0.2814447811620787,0.0036536104599336205,0.08873412605917763,52.50206115403671,-86.97430934046815,1.0,0.7222222222222222,0.7222222222222222,0.03576658552390959,0.05207274670637663,-0.039453588451788923,0.9200010299682617,-0.07900047302246094,BTC-USD
2025-09-30,-0.04912564324040303,0.6674107997617569,1.2736512404514997,0.5927228526717654,0.6750087341712199,0.4633709015342959,0.6100119903813045,-0.6323957203281366,-0.057467036947884576,0.3934313717906015,44.54775024916263,-29.099939118331,0.9444444444444444,1.0,0.05555555555555555,0.03576658552390959,-0.04912564324040303,-0.07208882287327845,0.9200010299682617,-0.07900047302246094,ETH-USD
2025-09-30,0.11758415768627128,0.16612543673236146,0.23367107360779316,0.4624784201069987,0.30860697160808037,0.13595072078713386,0.13282319873504572,-0.0812038977169296,0.10486574959932482,0.21656766799429983,80.15923663296005,0.8470376008380285,0.7222222222222222,0.3333333333333333,0.9444444444444444,0.03576658552390959,0.11758415768627128,0.035586670754335525,0.9200010299682617,-0.07900047302246094,GLD
2025-09-30,0.1428181881037358,0.3806809952558734,0.5753492516623175,0.47224644224863943,0.2882595478214429,0.3742464730515537,0.26513997516641374,-0.2980587500209958,0.11772421003830313,0.3117299720496538,61.95039045544325,-2.1617362740050226,0.7777777777777778,0.9444444444444444,1.0,0.03576658552390959,0.1428181881037358,0.15668452123775767,0.9200010299682617,-0.07900047302246094,GOOGL
2025-09-30,0.006511196102221506,0.017023530989064062,0.031284481365202454,0.021050080534884774,0.014444831303383587,0.04290290497406544,0.048974132930651525,-0.06893830067502393,0.008087888679503719,0.03486025620104094,53.0641567802867,-0.12241343180508907,0.2222222222222222,0.05555555555555555,0.3333333333333333,0.03576658552390959,0.006511196102221506,0.007112639389518893,0.9200010299682617,-0.07900047302246094,IEF
2025-09-30,0.04656543829535176,0.2227888753833731,0.13592777012720836,0.18112937808460794,0.12857670898098283,0.15011584909869483,0.18240565094696012,-0.14446262127420428,0.06364527723266167,0.176580745786042,71.75937839025539,0.44972386965051214,0.5,0.4444444444444444,0.6666666666666666,0.03576658552390959,0.04656543829535176,0.01860630789305806,0.9200010299682617,-0.07900047302246094,JNJ
2025-09-30,0.04647999633494182,0.09326906658709855,0.3000483577124784,0.5295134905251697,0.46157929046130164,0.16198998393043285,0.17020777681089874,-0.24423929489677143,0.05214662265001424,0.1859377458672642,68.5505018866139,0.2550035594753828,0.8333333333333334,0.5555555555555556,0.6111111111111112,0.03576658552390959,0.04647999633494182,-0.008868479999873835,0.9200010299682617,-0.07900047302246094,JPM
2025-09-30,0.01877217833947431,0.028479937156632662,0.04921756767905938,0.031433918043952236,0.012428430981611172,0.053743476698990225,0.05408377208257949,-0.06258640448328268,0.012913991441998673,0.045685879338464686,56.67596661882575,-0.13831473634493086,0.2777777777777778,0.1111111111111111,0.4444444444444444,0.03576658552390959,0.01877217833947431,0.0014948266539100974,0.9200010299682617,-0.07900047302246094,LQD
2025-09-30,0.02222274040750971,0.0430056773437244,0.38457047611645123,0.21273197968848323,0.1863676396056566,0.15907781142796237,0.16370194554516285,-0.23726653882061755,0.011668375631434857,0.15169678283661825,58.17886551655113,0.9395291719007641,0.6111111111111112,0.5,0.5,0.03576658552390959,0.02222274040750971,-0.0002704102084843951,0.9200010299682617,-0.07900047302246094,MSFT
2025-09-30,0.07125111963927333,0.1810272312248955,0.7217519639315726,0.5368370038996884,0.4346188076024542,0.324684617432444,0.2771689552341974,-0.36881037580530474,0.05383711647134848,0.3113737964094605,63.235968829970766,0.878231601870506,0.8888888888888888,0.8888888888888888,0.7777777777777778,0.03576658552390959,0.07125111963927333,0.0852717678839181,0.9200010299682617,-0.07900047302246094,NVDA
2025-09-30,0.035909515222742217,0.024233850324569373,0.003913276478858307,-0.049006449770685356,-0.08197237668501278,0.11172646736146252,0.10727837462785923,-0.14787145163124793,0.020453401595985854,0.03223937651751996,56.67604570948083,-0.10828431293163665,0.1111111111111111,0.16666666666666666,0.5555555555555556,0.03576658552390959,0.035909515222742217,0.013811084478794644,0.9200010299682617,-0.07900047302246094,TLT
2025-09-30,-0.0031820111232873094,0.06240295961914244,-0.027978993264445307,0.051387211627745844,0.05474341691257578,0.18975552522517622,0.16790846981676624,-0.20137294822173002,0.026181959758942108,0.04510160938852725,53.79569792140704,0.052026061107395716,0.3333333333333333,0.6111111111111112,0.2222222222222222,0.03576658552390959,-0.0031820111232873094,-0.013543840673065577,0.9200010299682617,-0.07900047302246094,XLE
2025-09-30,0.0010620030089965038,0.032028625854816584,0.08878860921866272,0.20612692604881988,0.20484737451170676,0.11593395763707783,0.12233867167410994,-0.15540296738859627,0.01668413691394055,0.06836160837960015,55.613578807539426,-0.02016141850515618,0.5555555555555556,0.2222222222222222,0.2777777777777778,0.03576658552390959,0.0010620030089965038,-0.027844904335128873,0.9200010299682617,-0.07900047302246094,XLF
2025-09-30,0.07533699915348402,0.11448967696068157,0.3690913192959333,0.2564241379409242,0.16840036093800714,0.12361480125720502,0.13598481743045363,-0.25656307040801474,0.05659741351354963,0.18675451548999455,69.76893777226664,0.25788279275814263,0.6666666666666666,0.2777777777777778,0.8333333333333334,0.03576658552390959,0.07533699915348402,0.06677077287993294,0.9200010299682617,-0.07900047302246094,XLK
2025-09-30,0.017292131509670794,0.037216835188560005,-0.03791615931979242,-0.08027655007125889,-0.0959101899629724,0.1442582160613159,0.15789492945956266,-0.17109002183736954,0.030515557844767782,0.014194260037576178,61.33143118233974,-0.0672429284149258,0.05555555555555555,0.3888888888888889,0.3888888888888889,0.03576658552390959,0.017292131509670794,0.03650209165433749,0.9200010299682617,-0.07900047302246094,XLV
2025-09-30,-0.013474529480882458,0.05565107610563902,-0.03432859484447781,-0.0033549928270868445,0.010257755076988229,0.22321862067432477,0.1954699819496436,-0.18918136291041265,0.019786450943759304,0.04521032536295522,50.12851786158838,-0.05237373709421389,0.16666666666666666,0.6666666666666666,0.16666666666666666,0.03576658552390959,-0.013474529480882458,0.01427937220392872,0.9200010299682617,-0.07900047302246094,XOM
2025-10-31,0.06181510580676064,0.30402662750740883,0.27544391899468135,0.2023740507011924,0.13237610213468964,0.2392009428408067,0.2628690204738944,-0.3336052559468633,0.08911076815170604,0.21243732652352532,69.06684489103763,0.9883129897643901,0.4444444444444444,0.6666666666666666,0.7777777777777778,0.02489610911729101,0.06181510580676064,0.03236421756367314,1.1599998474121094,-0.04699993133544922,AAPL
2025-10-31,0.11226484981660545,0.04318483013965069,0.32425986143311647,0.3101931824972515,0.17795072164087644,0.440764981226896,0.3257591693476276,-0.3087663843187606,0.08305875247614525,0.1388077633095841,67.04411781469925,2.318612199844425,0.6111111111111112,0.9444444444444444,0.9444444444444444,0.02489610911729101,0.11226484981660545,-0.04504135592915348,1.1599998474121094,-0.04699993133544922,AMZN
2025-10-31,-0.039453588451788923,-0.053577533989559334,0.16292632870192536,0.560291554622709,0.6243791407307715,0.2948673740881218,0.2853949869247698,-0.2814447811620787,-0.03962694290565505,0.0005949449650710648,44.513921163323374,48.73749494166759,0.9444444444444444,0.7777777777777778,0.1111111111111111,0.02489610911729101,-0.039453588451788923,-0.17011273256033277,1.1599998474121094,-0.04699993133544922,BTC-USD
2025-10-31,-0.07208882287327845,0.040677426566277264,1.1446834104046872,0.5291682039889705,0.6479682987805386,0.5416525692144502,0.5188999181544082,-0.6323957203281366,-0.08358298899266203,0.15551742966766313,42.96597422462539,1.6754298598626605,0.8888888888888888,1.0,0.05555555555555555,0.02489610911729101,-0.07208882287327845,-0.21179071156653462,1.1599998474121094,-0.04699993133544922,ETH-USD
2025-10-31,0.035586670754335525,0.21507791622634453,0.2118379314311376,0.4520926318242695,0.4021932425670809,0.34886589851171396,0.22215000692072479,-0.09959070942412951,0.04740880825412619,0.19892898841298412,50.95776757192827,-3.598233945668463,0.7777777777777778,0.8333333333333334,0.6666666666666666,0.02489610911729101,0.035586670754335525,0.05367817567023114,1.1599998474121094,-0.04699993133544922,GLD
2025-10-31,0.15668452123775767,0.4666050214730846,0.7744472629137931,0.650576074686978,0.42698898825127496,0.28144727925763857,0.2837401527664981,-0.2980587500209958,0.15327668285274165,0.46099784137220645,77.2581406187582,2.605493280118143,1.0,0.7222222222222222,1.0,0.02489610911729101,0.15668452123775767,0.13866075629719354,1.1599998474121094,-0.04699993133544922,GOOGL
2025-10-31,0.007112639389518893,0.030376931862236667,0.027765449840754908,0.0643665351823397,0.05684954547638932,0.04369410290574949,0.04087688845368286,-0.06893830067502393,0.003292981941322326,0.033067756484228994,48.40507239626002,-0.09890772278332982,0.2777777777777778,0.05555555555555555,0.4444444444444444,0.02489610911729101,0.007112639389518893,0.009881333534218495,1.1599998474121094,-0.04699993133544922,IEF
2025-10-31,0.01860630789305806,0.15488827339309363,0.2276074743267016,0.21966298174594456,0.19738408479794622,0.11717646286670094,0.11984910196263925,-0.14446262127420428,0.030310382651016488,0.15734282856255932,54.02893430375336,-0.9536899217648047,0.5,0.2777777777777778,0.6111111111111112,0.02489610911729101,0.01860630789305806,0.10252451303545285,1.1599998474121094,-0.04699993133544922,JNJ
2025-10-31,-0.008868479999873835,0.055335595737184384,0.2841907163440629,0.43162461512431305,0.44443455407828303,0.21075090079999786,0.17353878982867488,-0.24423929489677143,0.023629546161724857,0.14196077425947307,59.4982923920657,1.0496888747549318,0.7222222222222222,0.5555555555555556,0.2777777777777778,0.02489610911729101,-0.008868479999873835,0.00629981450535122,1.1599998474121094,-0.04699993133544922,JPM
2025-10-31,0.0014948266539100974,0.03094264012512382,0.05363727622201453,0.06689652178982941,0.06530407686121809,0.04447355691192629,0.04847025096170125,-0.06258640448328268,-3.8672466282752005e-05,0.037588099562962274,41.66275753642535,-0.14828489795214622,0.3333333333333333,0.1111111111111111,0.3888888888888889,0.02489610911729101,0.0014948266539100974,0.009311746688684508,1.1599998474121094,-0.04699993133544922,LQD
2025-10-31,-0.0002704102084843951,-0.027814152382365176,0.31461150835743124,0.28386223989291604,0.2842095032524281,0.19221135165908051,0.16108923545731493,-0.23726653882061755,0.007754693279016012,0.12518078544519118,47.69491169831406,0.4635866035526437,0.5555555555555556,0.5,0.3333333333333333,0.02489610911729101,-0.0002704102084843951,-0.04804674418145871,1.1599998474121094,-0.04699993133544922,MSFT
2025-10-31,0.0852717678839181,0.13847993833722327,0.8593049765361225,0.525670813789731,0.40579609544668305,0.3775039562596091,0.3092415933107588,-0.36881037580530474,0.11309226448990706,0.3663122776294201,66.50124122459546,2.102152188991449,0.8333333333333334,0.8888888888888888,0.8888888888888888,0.02489610911729101,0.0852717678839181,-0.125882777513319,1.1599998474121094,-0.04699993133544922,NVDA
2025-10-31,0.013811084478794644,0.05034999727712841,0.031815933665065854,0.019754212738060994,0.005862165397729546,0.09268640653019147,0.09520108667630381,-0.14787145163124793,0.011194913020815767,0.038760561253024184,48.48866631079359,-0.17784934759424187,0.16666666666666666,0.16666666666666666,0.5,0.02489610911729101,0.013811084478794644,0.002723411840946266,1.1599998474121094,-0.04699993133544922,TLT
2025-10-31,-0.013543840673065577,0.01917274058592877,0.11310685269563048,0.027898595885643696,0.04201143270977781,0.1712953883175377,0.16147737777518456,-0.20137294822173002,-0.00034249820557497035,0.026912991045588086,51.995884534333115,0.05306075767838199,0.2222222222222222,0.4444444444444444,0.2222222222222222,0.02489610911729101,-0.013543840673065577,0.026324778093932633,1.1599998474121094,-0.04699993133544922,XLE
2025-10-31,-0.027844904335128873,0.0032918874967748923,0.08126471840316585,0.1432792089289674,0.17602552723036635,0.16836443600034048,0.13356220441128,-0.15540296738859627,-0.01680942232459892,0.027236338572252716,44.674931543847634,-0.03800333826986224,0.3888888888888889,0.3333333333333333,0.16666666666666666,0.02489610911729101,-0.027844904335128873,0.018331233286564608,1.1599998474121094,-0.04699993133544922,XLF
2025-10-31,0.06677077287993294,0.14587207359480114,0.4362309204977628,0.36154555528131826,0.2763243893583527,0.22830641405442406,0.16974470965170807,-0.25656307040801474,0.07733975104145929,0.23289642853108505,66.77666050601223,0.5143868636577955,0.6666666666666666,0.6111111111111112,0.8333333333333334,0.02489610911729101,0.06677077287993294,-0.04809095153559639,1.1599998474121094,-0.04699993133544922,XLK
2025-10-31,0.03650209165433749,0.11101499965599859,0.03653063774143317,-0.00029571989103460705,-0.03550191730596497,0.09585697778245496,0.13917124185105492,-0.17109002183736954,0.02932877415295687,0.045151463502618894,57.18045705060791,-0.2850074151950781,0.05555555555555555,0.2222222222222222,0.7222222222222222,0.02489610911729101,0.03650209165433749,0.09289422706370631,1.1599998474121094,-0.04699993133544922,XLV
2025-10-31,0.01427937220392872,0.033896173450883804,0.10278569403506799,0.01468518648026107,0.0004001010840344321,0.16938883800698082,0.17449551017881082,-0.18918136291041265,0.010345559313429176,0.05073096896414886,52.338692276159136,0.13786332537063695,0.1111111111111111,0.3888888888888889,0.5555555555555556,0.02489610911729101,0.01427937220392872,0.022507005122055723,1.1599998474121094,-0.04699993133544922,XOM
2025-11-28,0.03236421756367314,0.20237927868878414,0.39127247827127487,0.18026028263005656,0.14325958082449874,0.14680581387051675,0.2285250162021535,-0.3336052559468633,0.06245199938283119,0.22971763188243588,68.40753340274316,0.15781232670526002,0.6666666666666666,0.3888888888888889,0.7777777777777778,-0.007414670032465808,0.03236421756367314,-0.02506728904622013,-1.0900001525878906,-0.0839996337890625,AAPL
2025-11-28,-0.04504135592915348,0.0184279529288347,0.13760308018995904,0.12184329167070063,0.17475588983461066,0.4848334533457214,0.35081720891162227,-0.3087663843187606,0.02483923749743089,0.08636944945363845,52.31594782210693,-1.0502988360665522,0.5555555555555556,0.9444444444444444,0.3333333333333333,-0.007414670032465808,-0.04504135592915348,-0.010290686407351424,-1.0900001525878906,-0.0839996337890625,AMZN
2025-11-28,-0.17011273256033277,-0.16134522127090756,-0.12576427395298473,-0.0671265703813404,0.12409656855770401,0.3733004732377016,0.36379745695093163,-0.3214698048461442,-0.11638900453092249,-0.1724308050768002,40.51797272051753,576.2544710226248,0.1111111111111111,0.7777777777777778,0.1111111111111111,-0.007414670032465808,-0.17011273256033277,-0.03751061424172164,-1.0900001525878906,-0.0839996337890625,BTC-USD
2025-11-28,-0.21179071156653462,-0.3045417075559883,0.19856602303136972,-0.15616830898230327,0.07056806282349015,0.5062716136124197,0.5923362108662031,-0.6323957203281366,-0.1438761636242124,-0.1383877118926602,41.81116675147981,35.24271838027872,0.05555555555555555,1.0,0.05555555555555555,-0.007414670032465808,-0.21179071156653462,-0.02152384330869439,-1.0900001525878906,-0.0839996337890625,ETH-USD
2025-11-28,0.05367817567023114,0.21947997595206847,0.2776020984352705,0.5793803113590779,0.4989209683065272,0.186204550832594,0.23603660767689108,-0.10127740838500277,0.04865707502989891,0.21915228803445586,63.67283410009575,0.5794364151554952,0.9444444444444444,0.5555555555555556,0.8333333333333334,-0.007414670032465808,0.05367817567023114,0.02173350667644791,-1.0900001525878906,-0.0839996337890625,GLD
2025-11-28,0.13866075629719354,0.5051730043846379,0.868256273258037,0.9034746343106106,0.6716784378347354,0.37831482525329296,0.3396994121015419,-0.2980587500209958,0.1949628756283801,0.5862938673511473,73.5141359289647,2.755902033580199,1.0,0.8333333333333334,1.0,-0.007414670032465808,0.13866075629719354,-0.021785529049234365,-1.0900001525878906,-0.0839996337890625,GOOGL
2025-11-28,0.009881333534218495,0.02368656010057979,0.050948570559716355,0.06402109916935306,0.053610027076810285,0.036463845815958434,0.040851754305995046,-0.06893830067502393,0.009045400496359601,0.03615650615347188,62.568945823638884,0.08953834197115856,0.4444444444444444,0.05555555555555555,0.5555555555555556,-0.007414670032465808,0.009881333534218495,-0.007611812467032464,-1.0900001525878906,-0.0839996337890625,IEF
2025-11-28,0.10252451303545285,0.17533320000137387,0.35147383151232003,0.3757433147671507,0.24781199737634507,0.1405935733602726,0.1361008569576693,-0.14446262127420428,0.09143451750762543,0.2404673397098651,81.57799256075968,1.1954236366456716,0.8888888888888888,0.3333333333333333,0.9444444444444444,-0.007414670032465808,0.10252451303545285,0.00014498676237151287,-1.0900001525878906,-0.0839996337890625,JNJ
2025-11-28,0.00629981450535122,0.043733472671583895,0.197415853966747,0.2802641893264024,0.2722492550152351,0.21050593338864892,0.1951811408413608,-0.24423929489677143,0.020867675517439288,0.1317038010724363,58.50022654770723,0.08937269995729097,0.7777777777777778,0.6111111111111112,0.4444444444444444,-0.007414670032465808,0.00629981450535122,0.02919379700273872,-1.0900001525878906,-0.0839996337890625,JPM
2025-11-28,0.009311746688684508,0.029795795349583765,0.061257972652221326,0.0578855396674145,0.04812565903259247,0.049706502158173266,0.047698620848489304,-0.06258640448328268,0.006320088730559448,0.040519611165448,60.76425903258476,0.151717623672375,0.3888888888888889,0.1111111111111111,0.5,-0.007414670032465808,0.009311746688684508,-0.007374712480100243,-1.0900001525878906,-0.0839996337890625,LQD
2025-11-28,-0.04804674418145871,-0.027154872506380046,0.07251119788648874,0.17045160647399826,0.22952634419804596,0.2254451853213007,0.18461023916959346,-0.23726653882061755,-0.034795119069422675,0.05483868196500774,45.33849612412885,-1.2245032215869118,0.6111111111111112,0.6666666666666666,0.2777777777777778,-0.007414670032465808,-0.04804674418145871,-0.017052601262616096,-1.0900001525878906,-0.0839996337890625,MSFT
2025-11-28,-0.125882777513319,0.01624745600325328,0.31001462545426084,0.28065629194432407,0.46508529862977,0.41252226975015915,0.37413096701140897,-0.36881037580530474,-0.05261366546057478,0.15190991586667346,41.48288078508254,-1.6833170885856656,0.8333333333333334,0.8888888888888888,0.16666666666666666,-0.007414670032465808,-0.125882777513319,0.05373101785259271,-1.0900001525878906,-0.0839996337890625,NVDA
2025-11-28,0.002723411840946266,0.05307672123511087,0.06894571009302464,0.0026073975882647815,-0.00011569915622944293,0.07911132792483912,0.09377452153802625,-0.14787145163124793,0.005219917832395948,0.03649961426756909,54.43992194553187,0.09519955841570599,0.2222222222222222,0.16666666666666666,0.3888888888888889,-0.007414670032465808,0.002723411840946266,-0.026586133432767722,-1.0900001525878906,-0.0839996337890625,TLT
2025-11-28,0.026324778093932633,0.00920285312207425,0.12797666326159263,-0.021682021763187342,-0.04677544660499877,0.16755199004426524,0.1741763734712889,-0.20137294822173002,0.01961418025920869,0.05247767086622801,55.732991424599405,-0.04890115009437704,0.16666666666666666,0.4444444444444444,0.7222222222222222,-0.007414670032465808,0.026324778093932633,-0.0029601582568700158,-1.0900001525878906,-0.0839996337890625,XLE
2025-11-28,0.018331233286564608,-0.008972745103779434,0.05355037832043941,0.05402674829960419,0.03505295118744001,0.13005798674548302,0.1391847167631239,-0.15540296738859627,0.008932682780566914,0.04266319350114678,58.152085697588966,0.12267421827649147,0.3333333333333333,0.2222222222222222,0.6111111111111112,-0.007414670032465808,0.018331233286564608,0.030591044482189966,-1.0900001525878906,-0.0839996337890625,XLF
2025-11-28,-0.04809095153559639,0.09197111980199812,0.24318068673337412,0.23235370648922937,0.29461287134231173,0.24773079326373879,0.20755874577690261,-0.25656307040801474,-0.0022304493285019156,0.14962454871462438,50.89084589804724,-0.30895391446917797,0.7222222222222222,0.7222222222222222,0.2222222222222222,-0.007414670032465808,-0.04809095153559639,0.007535203013096403,-1.0900001525878906,-0.0839996337890625,XLK
2025-11-28,0.09289422706370631,0.15237545671866592,0.19969099888720088,0.08856865523421198,-0.0039579052779114,0.13991370827042765,0.14220153319332104,-0.17109002183736954,0.08244940075898732,0.13612241353468724,76.16058416172669,0.5630134146468895,0.5,0.2777777777777778,0.8888888888888888,-0.007414670032465808,0.09289422706370631,-0.01389651490158006,-1.0900001525878906,-0.0839996337890625,XLV
2025-11-28,0.022507005122055723,0.02313322409883245,0.15368535293523977,0.018772698291191103,-0.0036521087994099144,0.17467877962566056,0.1862595232120111,-0.18918136291041265,0.01684814585028538,0.06453723856025229,51.65492782927947,-0.38521663347824664,0.2777777777777778,0.5,0.6666666666666666,-0.007414670032465808,0.022507005122055723,0.038129750651591854,-1.0900001525878906,-0.0839996337890625,XOM
2025-12-31,-0.02506728904622013,0.06870166197953487,0.3278373245981887,0.09052606641324945,0.11856547037629306,0.10582976484017041,0.17526150671088658,-0.3336052559468633,-0.0026771429972933802,0.17481915832854722,45.69018022782266,-0.7181864410966751,0.4444444444444444,0.2222222222222222,0.16666666666666666,-0.0005889215785088596,-0.02506728904622013,-0.045537962878959615,-1.4000005722045898,0.14599990844726562,AAPL
2025-12-31,-0.010290686407351424,0.05123650601053242,0.05209903808910643,0.05209903808910643,0.06303843324458858,0.1716553903358505,0.32954960142199385,-0.3087663843187606,-0.002665061094256349,0.0643728697748478,51.997714209176856,0.6969165876998878,0.2222222222222222,0.3888888888888889,0.4444444444444444,-0.0005889215785088596,-0.010290686407351424,0.036738564502459825,-1.4000005722045898,0.14599990844726562,AMZN
2025-12-31,-0.03751061424172164,-0.2327561707408341,-0.18319359939235735,-0.06336749968935373,-0.026864592825884714,0.21688065058559064,0.3389832946679886,-0.3214698048461442,-0.025833708336473693,-0.18222974540384596,44.6157362606135,253.82321727676413,0.1111111111111111,0.7777777777777778,0.05555555555555555,-0.0005889215785088596,-0.03751061424172164,-0.03862663856235937,-1.4000005722045898,0.14599990844726562,BTC-USD
2025-12-31,-0.02152384330869439,-0.2843540765483509,0.19327574156875538,-0.10967461657649602,-0.09008985315072104,0.3453157987756249,0.5263115968199067,-0.5581838820560953,-0.01684496719721662,-0.17386416728736254,46.95857144103962,8.089732123603874,0.05555555555555555,1.0,0.2777777777777778,-0.0005889215785088596,-0.02152384330869439,-0.08920087622910122,-1.4000005722045898,0.14599990844726562,ETH-USD
2025-12-31,0.02173350667644791,0.11489013474454635,0.3001017452875854,0.6367653308824828,0.601949353904077,0.19785518272214472,0.2489331964836546,-0.10127740838500277,0.03201482173968895,0.19335669138085398,51.826771273549205,-0.8716328941457299,0.9444444444444444,0.7222222222222222,0.7777777777777778,-0.0005889215785088596,0.02173350667644791,0.12273224230545976,-1.4000005722045898,0.14599990844726562,GLD
2025-12-31,-0.021785529049234365,0.2883781772992242,0.7788392640994408,0.6599357468859344,0.6969036915519933,0.2171774990844104,0.29982284099595985,-0.2980587500209958,0.05573958460341011,0.44198655886295746,56.94519582565484,-0.9585022811934971,1.0,0.8333333333333334,0.2222222222222222,-0.0005889215785088596,-0.021785529049234365,0.07987219823468616,-1.4000005722045898,0.14599990844726562,GOOGL
2025-12-31,-0.007611812467032464,0.00932255290769568,0.02650478666508116,0.08031960839509167,0.08860587214436477,0.03293876833290911,0.03901728616558369,-0.06893830067502393,-0.001197670207108259,0.022220506117294425,47.65642258854903,0.014125723768835342,0.3888888888888889,0.05555555555555555,0.5,-0.0005889215785088596,-0.007611812467032464,-0.0022878844565180634,-1.4000005722045898,0.14599990844726562,IEF
2025-12-31,0.00014498676237151287,0.12320124928968856,0.37343799244813813,0.4747955773305874,0.47458178249209215,0.18576939629537753,0.15181291783976975,-0.14446262127420428,0.03845230031391189,0.20298762311343777,55.30341939369158,-0.7360235084051823,0.8888888888888888,0.5555555555555556,0.6666666666666666,-0.0005889215785088596,0.00014498676237151287,0.09809131433435514,-1.4000005722045898,0.14599990844726562,JNJ
2025-12-31,0.02919379700273872,0.026492641579272558,0.12223265211789647,0.3726629651556046,0.33372642660024865,0.2556864487420854,0.22471579348711754,-0.24423929489677143,0.03641710836780132,0.13421817757612797,56.3994495206188,0.39777754309220725,0.7777777777777778,0.8888888888888888,0.8333333333333334,-0.0005889215785088596,0.02919379700273872,-0.04639747628251545,-1.4000005722045898,0.14599990844726562,JPM
2025-12-31,-0.007374712480100243,0.0033659822864218203,0.03194178240704226,0.07895410056094998,0.08697019321031507,0.042246062488657275,0.044270075458181214,-0.06258640448328268,-0.0015412379397058418,0.026396657460327155,47.71587964825717,0.027643225708605695,0.3333333333333333,0.1111111111111111,0.5555555555555556,-0.0005889215785088596,-0.007374712480100243,0.0034485637598133945,-1.4000005722045898,0.14599990844726562,LQD
2025-12-31,-0.017052601262616096,-0.06453305170751689,-0.024302661963531924,0.15584229989449616,0.17589435749990212,0.174410081361402,0.1892346030592785,-0.23726653882061755,-0.025122805787216484,0.01543222287475876,46.144670352825585,1.3636604888487227,0.6111111111111112,0.4444444444444444,0.3333333333333333,-0.0005889215785088596,-0.017052601262616096,-0.11027242352763367,-1.4000005722045898,0.14599990844726562,MSFT
2025-12-31,0.05373101785259271,-0.0003730716612849738,0.18058662343371967,0.3891654748498583,0.3183302487202573,0.2998827456451922,0.3679163264770997,-0.36881037580530474,0.0008001908919024192,0.1648068019940676,53.39327736067602,1.2287242619268608,0.8333333333333334,0.9444444444444444,1.0,-0.0005889215785088596,0.05373101785259271,0.024825733202540334,-1.4000005722045898,0.14599990844726562,NVDA
2025-12-31,-0.026586133432767722,-0.010454612158863008,0.013525882659447097,0.04247225002913946,0.07094452404447793,0.06891454354562362,0.08284385425276457,-0.14787145163124793,-0.01727178901380877,0.007864316444105013,41.07273115132558,0.04174769827841285,0.16666666666666666,0.16666666666666666,0.1111111111111111,-0.0005889215785088596,-0.026586133432767722,-0.0003442355642614414,-1.4000005722045898,0.14599990844726562,TLT
2025-12-31,-0.0029601582568700158,0.009427462376983442,0.07241872355014789,0.07876282972663384,0.08196561918792256,0.19340596316700304,0.17659870828730684,-0.20137294822173002,0.0063900525551749965,0.04497289925712544,51.437180301637014,0.0015273239478148307,0.2777777777777778,0.6111111111111112,0.6111111111111112,-0.0005889215785088596,-0.0029601582568700158,0.1418026741972711,-1.4000005722045898,0.14599990844726562,XLE
2025-12-31,0.030591044482189966,0.020260294231380094,0.052937829469841935,0.14902344609247264,0.11491697142564239,0.10987057347000388,0.13826362467664555,-0.15540296738859627,0.02970913318941415,0.063537665413538,57.08937006524543,-0.0041052239087828735,0.5555555555555556,0.2777777777777778,0.8888888888888888,-0.0005889215785088596,0.030591044482189966,-0.024283391331581416,-1.4000005722045898,0.14599990844726562,XLF
2025-12-31,0.007535203013096403,0.023120514536589143,0.1402572517377294,0.24605933129815427,0.2367402424964773,0.18134275981421974,0.21881866553585497,-0.25656307040801474,-0.005015684916844787,0.12508573164976333,48.723907107282535,0.06264042974701389,0.7222222222222222,0.5,0.7222222222222222,-0.0005889215785088596,0.007535203013096403,-0.0006250346621721192,-1.4000005722045898,0.14599990844726562,XLK
2025-12-31,-0.01389651490158006,0.11704535876610889,0.15861825178145295,0.1450371903803933,0.1611734545954988,0.12222648556914588,0.12730022397490628,-0.17109002183736954,0.025208294854335955,0.11211020442393349,55.88400281323577,-0.0770032818175117,0.5,0.3333333333333333,0.3888888888888889,-0.0005889215785088596,-0.01389651490158006,-0.00038751078006671325,-1.4000005722045898,0.14599990844726562,XLV
2025-12-31,0.038129750651591854,0.07665242364008207,0.1365692896073969,0.15977182889026853,0.11717425318205832,0.19347342967989095,0.17444941571553704,-0.18918136291041265,0.03198967115422069,0.09269328408356414,59.17379556875901,0.24955471385254024,0.6666666666666666,0.6666666666666666,0.9444444444444444,-0.0005889215785088596,0.038129750651591854,0.1750040596890372,-1.4000005722045898,0.14599990844726562,XOM
2026-01-30,-0.045537962878959615,-0.039347660633805015,0.2527162303108019,0.1044645013830292,0.15715917284090586,0.1966206365737688,0.15762570050328598,-0.3336052559468633,-0.032856198575468065,0.09773081975134468,48.44449763491209,0.976601923172753,0.5555555555555556,0.5,0.2222222222222222,0.018030661997247437,-0.045537962878959615,0.01906560964653714,2.4900007247924805,0.07800006866455078,AAPL
2026-01-30,0.036738564502459825,-0.02014576260893175,0.022169076194418436,0.006815930772037682,-0.02886227517231621,0.28147370006027406,0.33293341297746243,-0.3087663843187606,0.029084443585625452,0.07897459507063531,52.88302683755187,0.03482193410270362,0.16666666666666666,0.7777777777777778,0.7222222222222222,0.018030661997247437,0.036738564502459825,-0.12244046250772744,2.4900007247924805,0.07800006866455078,AMZN
2026-01-30,-0.03862663856235937,-0.2320956381604783,-0.27323806020766617,-0.17847139304308113,-0.1454635213436719,0.33696641827312795,0.3046271131366602,-0.32563567723200004,-0.061526652374545576,-0.19380050397743953,33.574375410932134,-792.6047446165586,0.1111111111111111,0.8333333333333334,0.2777777777777778,0.018030661997247437,-0.03862663856235937,-0.21689231931598807,2.4900007247924805,0.07800006866455078,BTC-USD
2026-01-30,-0.08920087622910122,-0.2975516449448239,-0.26897785356546466,-0.18066767463422928,-0.10042477646051795,0.5387819124523201,0.48601737672877626,-0.4437547385999342,-0.11108860340645399,-0.2635652718383358,33.69992795888702,-36.66415873341008,0.05555555555555555,1.0,0.1111111111111111,0.018030661997247437,-0.08920087622910122,-0.2855315541368094,2.4900007247924805,0.07800006866455078,ETH-USD
2026-01-30,0.12273224230545976,0.2087091657854272,0.4686758144862402,0.7208772293022574,0.5327583589908709,0.4484651121550656,0.2987814241579914,-0.10274245274560045,0.08591825669613518,0.28070957701869026,53.93591520177212,3.1544517008339383,1.0,0.9444444444444444,0.8888888888888888,0.018030661997247437,0.12273224230545976,0.08720077925273872,2.4900007247924805,0.07800006866455078,GLD
2026-01-30,0.07987219823468616,0.20282043109638148,0.7640624841763737,0.6631885544599385,0.5401716584414571,0.17695634265927213,0.2748584729843527,-0.2980587500209958,0.06300534201703933,0.44312056819394274,65.7259255099712,0.14199749192779798,0.9444444444444444,0.3888888888888889,0.7777777777777778,0.018030661997247437,0.07987219823468616,-0.07763308563837545,2.4900007247924805,0.07800006866455078,GOOGL
2026-01-30,-0.0022878844565180634,-9.85985661881017e-05,0.030275338174121647,0.07124332687563029,0.07369982802313069,0.03388437702902887,0.035267605847109855,-0.055004061072570276,-0.003097640772657728,0.015559151315750253,46.37552952309195,-0.010046634156186382,0.3888888888888889,0.05555555555555555,0.3888888888888889,0.018030661997247437,-0.0022878844565180634,0.024699830510901633,2.4900007247924805,0.07800006866455078,IEF
2026-01-30,0.09809131433435514,0.2108481231042938,0.39839429823318606,0.5393117652791688,0.40180670330889035,0.16562419117570473,0.16722773130477445,-0.1272508884451652,0.08253847618240728,0.2755401162115547,77.20002942351073,1.0021731174482156,0.8333333333333334,0.2777777777777778,0.8333333333333334,0.018030661997247437,0.09809131433435514,0.0990129015558252,2.4900007247924805,0.07800006866455078,JNJ
2026-01-30,-0.04639747628251545,-0.01237529648204816,0.0422755048518777,0.16783471959848018,0.22465565112583974,0.26038580440880044,0.24265527836106837,-0.24423929489677143,-0.020796792687872823,0.051569440614017026,44.88251776584347,-0.9680691256258864,0.6111111111111112,0.6666666666666666,0.16666666666666666,0.018030661997247437,-0.04639747628251545,-0.018274626056834276,2.4900007247924805,0.07800006866455078,JPM
2026-01-30,0.0034485637598133945,0.005323369681965007,0.036430728919411015,0.07642857578790618,0.07272920074213318,0.04372467064720754,0.045085097595896344,-0.0507953617916167,0.0012339902005902292,0.023629160358721757,50.01998946820706,-0.00886437212411817,0.5,0.1111111111111111,0.6111111111111112,0.018030661997247437,0.0034485637598133945,0.013779661768910323,2.4900007247924805,0.07800006866455078,LQD
2026-01-30,-0.11027242352763367,-0.16746413302837004,-0.1906204124961035,0.04434100890743853,0.1737761496031076,0.4160820678163195,0.2890042416495001,-0.23726653882061755,-0.09618270069226531,-0.11248740596170259,32.638234362890984,-1.9044288418024893,0.2777777777777778,0.8888888888888888,0.05555555555555555,0.018030661997247437,-0.11027242352763367,-0.08518351769513588,2.4900007247924805,0.07800006866455078,MSFT
2026-01-30,0.024825733202540334,-0.05604897309620016,0.0746693069027966,0.5922568837581204,0.5536855020046969,0.2524350346962773,0.331472947753405,-0.36881037580530474,0.039795535176091024,0.13942029771223585,57.33302920224483,0.7198393312623759,0.8888888888888888,0.6111111111111112,0.6666666666666666,0.018030661997247437,0.024825733202540334,-0.07293465552553402,2.4900007247924805,0.07800006866455078,NVDA
2026-01-30,-0.0003442355642614414,-0.02427112282487398,0.024856823484109114,0.03700744982403381,0.03736454759441976,0.08891940578295641,0.08039340899544209,-0.14787145163124793,-0.00902100810363815,0.006558823325854668,44.00797513891443,-0.012621688943198955,0.2222222222222222,0.16666666666666666,0.5555555555555556,0.018030661997247437,-0.0003442355642614414,0.046337385023491606,2.4900007247924805,0.07800006866455078,TLT
2026-01-30,0.1418026741972711,0.16839148405399906,0.19079275088057468,0.203906362150428,0.05439091128142448,0.22643135916336382,0.19910076098580637,-0.20137294822173002,0.11034846590808534,0.17879717954167562,77.23979669162777,0.2763980250700453,0.6666666666666666,0.5555555555555556,0.9444444444444444,0.018030661997247437,0.1418026741972711,0.09539662599183685,2.4900007247924805,0.07800006866455078,XLE
2026-01-30,-0.024283391331581416,0.023998041758612754,0.027368928108999935,0.05272572728734937,0.07892570233484775,0.16619270331044012,0.13726128680438254,-0.15540296738859627,-0.009400364506841008,0.024474886858842693,44.12230293784218,-0.15735552349804305,0.3333333333333333,0.3333333333333333,0.3333333333333333,0.018030661997247437,-0.024283391331581416,-0.03761221368769385,2.4900007247924805,0.07800006866455078,XLF
2026-01-30,-0.0006250346621721192,-0.041517583022021354,0.09829823464671339,0.2545064009347988,0.25529100132173754,0.18790704351976995,0.20476681399704671,-0.25656307040801474,-0.00285851053823194,0.08702852453191845,45.98945906457587,0.036064856633746256,0.7222222222222222,0.4444444444444444,0.4444444444444444,0.018030661997247437,-0.0006250346621721192,-0.035585258752157456,2.4900007247924805,0.07800006866455078,XLK
2026-01-30,-0.00038751078006671325,0.07728918314632982,0.19688444144273043,0.07211650518562585,0.07253212294523514,0.1416403009393205,0.1400660251480193,-0.17109002183736954,-0.002265631792790712,0.0985689563400225,46.311595724106986,-0.5323989105688948,0.4444444444444444,0.2222222222222222,0.5,0.018030661997247437,-0.00038751078006671325,0.03528490846058707,2.4900007247924805,0.07800006866455078,XLV
2026-01-30,0.1750040596890372,0.2472608665029472,0.28953823717243066,0.3721758732140057,0.1678052189684771,0.2680574469648559,0.21780828000288174,-0.18918136291041265,0.1539446326610281,0.2597571891758581,80.63431625878783,0.9677330117537579,0.7777777777777778,0.7222222222222222,1.0,0.018030661997247437,0.1750040596890372,0.08568945862799127,2.4900007247924805,0.07800006866455078,XOM
2026-02-27,0.01906560964653714,-0.05172249752621472,0.14018921942123175,0.0971361961806807,0.07660997073703868,0.3313441184728028,0.23041842504943644,-0.3336052559468633,-0.0038481647855184153,0.08941122816039448,47.73741636242472,0.20496618472128492,0.5555555555555556,0.7222222222222222,0.6111111111111112,-0.02475669624874645,0.01906560964653714,-0.03932924356014633,2.4200000762939453,-0.27900028228759766,AAPL
2026-02-27,-0.12244046250772744,-0.0995626494261499,-0.08296943231441045,-0.010740525684981517,0.127284739155068,0.3258905159323602,0.2712454659710406,-0.3087663843187606,-0.07322002980584119,-0.06394712187602847,42.649197370815024,0.8315468660866827,0.16666666666666666,0.6666666666666666,0.16666666666666666,-0.02475669624874645,-0.12244046250772744,-0.008238074893043179,2.4200000762939453,-0.27900028228759766,AMZN
2026-02-27,-0.21689231931598807,-0.2753813350546407,-0.39229509388727934,-0.2191602672100128,-0.0028960868983480825,0.36889957523099715,0.5148105008410581,-0.497388172985468,-0.16261515218363687,-0.3252578196720576,38.49314386874072,627.2194673351387,0.05555555555555555,0.7777777777777778,0.1111111111111111,-0.02475669624874645,-0.21689231931598807,0.035692949138312446,2.4200000762939453,-0.27900028228759766,BTC-USD
2026-02-27,-0.2855315541368094,-0.36326913181537446,-0.5571802376659272,-0.1372459488177552,0.2075467519631351,0.5878576392404653,0.6808150653571889,-0.6229452180087689,-0.22532907293345206,-0.43774403870272494,39.15112538710169,36.10809987703317,0.1111111111111111,1.0,0.05555555555555555,-0.02475669624874645,-0.2855315541368094,0.09009211154644992,2.4200000762939453,-0.27900028228759766,ETH-USD
2026-02-27,0.08720077925273872,0.24716405566240018,0.5208915926074678,0.8374673156342114,0.6900901385456606,0.545361227312657,0.36028576947770236,-0.1386771322042547,0.1022992923825341,0.335545853524861,61.16371635240698,0.6337662306739578,0.9444444444444444,0.9444444444444444,0.8888888888888888,-0.02475669624874645,0.08720077925273872,-0.11051161024305556,2.4200000762939453,-0.27900028228759766,GLD
2026-02-27,-0.07763308563837545,-0.02566083583201917,0.46654900702033664,0.838037509219488,0.992740069705996,0.24544049398363632,0.21950434770860547,-0.2980587500209958,-0.025700015617873495,0.24998614934359198,45.2703115331037,-0.4843686994386647,1.0,0.4444444444444444,0.2777777777777778,-0.02475669624874645,-0.07763308563837545,-0.07697458027819137,2.4200000762939453,-0.27900028228759766,GOOGL
2026-02-27,0.024699830510901633,0.014573457844909266,0.0386052130306056,0.06780757587498698,0.04206865667440618,0.04093868073932885,0.038174354554923434,-0.036721120640763605,0.01875802908427837,0.035664852475507214,75.37000585357656,0.11237286794792228,0.4444444444444444,0.1111111111111111,0.6666666666666666,-0.02475669624874645,0.024699830510901633,-0.02320208679197977,2.4200000762939453,-0.27900028228759766,IEF
2026-02-27,0.0990129015558252,0.20699149396008365,0.41861717497054407,0.5473986639696686,0.40798953477168753,0.150675086086714,0.1693804204529172,-0.1272508884451652,0.11539683716079208,0.33780664888085044,73.13087501596274,-0.38362865324899076,0.8888888888888888,0.2777777777777778,1.0,-0.02475669624874645,0.0990129015558252,-0.01606083571446837,2.4200000762939453,-0.27900028228759766,JNJ
2026-02-27,-0.018274626056834276,-0.036493679715854155,0.005643797611190937,0.15797285918592285,0.1795282977507724,0.3047242670573594,0.27421790185398043,-0.24423929489677143,-0.04067925203821554,0.009858916564825959,43.317699798247965,-0.6572229876264308,0.6111111111111112,0.5555555555555556,0.5,-0.02475669624874645,-0.018274626056834276,-0.020446181140362008,2.4200000762939453,-0.27900028228759766,JPM
2026-02-27,0.013779661768910323,0.009773629434357334,0.039860637846389935,0.06598347104481794,0.051494236119137726,0.028423531983332955,0.03969441210464293,-0.0507953617916167,0.010797007839455475,0.030559882148637252,66.33130520517702,0.03343921307568942,0.3888888888888889,0.05555555555555555,0.5555555555555556,-0.02475669624874645,0.013779661768910323,-0.02072826535054284,2.4200000762939453,-0.27900028228759766,LQD
2026-02-27,-0.08518351769513588,-0.19994229909877614,-0.2216677639644964,-0.003131836893735418,0.08969195722695389,0.455276929927836,0.31890358856308754,-0.2877879833561874,-0.11637651056605158,-0.1881823136091264,36.64481265790489,1.7768816022354628,0.2222222222222222,0.8888888888888888,0.2222222222222222,-0.02475669624874645,-0.08518351769513588,-0.05746798756249527,2.4200000762939453,-0.27900028228759766,MSFT
2026-02-27,-0.07293465552553402,0.001129209460154712,0.017395012244430408,0.4188159038772483,0.5304378621568961,0.4500560186625399,0.34494465950069075,-0.36881037580530474,-0.04542048907218699,0.012827165306703359,40.346302623461064,-0.484139217263454,0.8333333333333334,0.8333333333333334,0.3333333333333333,-0.02475669624874645,-0.07293465552553402,-0.0156925510196515,2.4200000762939453,-0.27900028228759766,NVDA
2026-02-27,0.046337385023491606,0.01816870911683921,0.0722097658609464,0.026574599724833003,-0.018887584044619543,0.08361374090378425,0.0842400391781538,-0.14787145163124793,0.03353837258373926,0.04856438108749117,71.6109419419352,0.173643337846908,0.3333333333333333,0.16666666666666666,0.7777777777777778,-0.02475669624874645,0.046337385023491606,-0.0423004680756397,2.4200000762939453,-0.27900028228759766,TLT
2026-02-27,0.09539662599183685,0.2470244476093213,0.25850063044030547,0.27006259291836243,0.159454541653689,0.22586316977778365,0.21731870878802853,-0.20137294822173002,0.13183468989931924,0.25204695078198225,72.23875070007477,-0.09406109017302033,0.7222222222222222,0.3888888888888889,0.9444444444444444,-0.02475669624874645,0.09539662599183685,0.1026512734916567,2.4200000762939453,-0.27900028228759766,XLE
2026-02-27,-0.03761221368769385,-0.032256719244820764,-0.04094003302893212,-0.000655099962931005,0.03840147833377627,0.22016708209959424,0.17057114998042316,-0.15540296738859627,-0.04474396234665634,-0.02238965694720285,41.804919671706315,-0.045324758783489294,0.2777777777777778,0.3333333333333333,0.3888888888888889,-0.02475669624874645,-0.03761221368769385,-0.03511997639435782,2.4200000762939453,-0.27900028228759766,XLF
2026-02-27,-0.035585258752157456,-0.028925532694954015,0.06038527347421985,0.23818916902191045,0.2838762371257777,0.2785300478329552,0.21391610956611062,-0.25656307040801474,-0.032444678910331204,0.0209907033204475,43.58419763713626,0.050874514843679775,0.6666666666666666,0.5,0.4444444444444444,-0.02475669624874645,-0.035585258752157456,-0.04104042190265822,2.4200000762939453,-0.27900028228759766,XLK
2026-02-27,0.03528490846058707,0.02050244730061701,0.1760019737905647,0.09459329444730624,0.05728701877332254,0.13402619620218406,0.13441963281980618,-0.17109002183736954,0.02459739733554689,0.12048853073602972,62.12876041162409,0.22957807547318798,0.5,0.2222222222222222,0.7222222222222222,-0.02475669624874645,0.03528490846058707,-0.0810692784697905,2.4200000762939453,-0.27900028228759766,XLV
2026-02-27,0.08568945862799127,0.3243312448111999,0.3549672962785031,0.41686686756788505,0.30503879936202916,0.31931440264233735,0.26142439958663355,-0.18918136291041265,0.1389197344936104,0.31669111476186984,64.7872470664675,-0.7195333368679524,0.7777777777777778,0.6111111111111112,0.8333333333333334,-0.02475669624874645,0.08568945862799127,0.11252450826817562,2.4200000762939453,-0.27900028228759766,XOM
2026-03-31,-0.03932924356014633,-0.06559452218484974,-0.0013993128961674595,0.14750866018086173,0.1944869274811798,0.19341697304817135,0.24584321828884945,-0.3336052559468633,-0.02369984934857383,0.022462053551942418,47.414896262171055,0.09902714627373355,0.5,0.4444444444444444,0.3888888888888889,-0.013734484386210432,-0.03932924356014633,0.06919117987186696,5.3899993896484375,0.3489999771118164,AAPL
2026-03-31,-0.008238074893043179,-0.09769518384982634,-0.051464237713815586,0.09465999309160034,0.10375279124931769,0.33203945912348165,0.31397093511369895,-0.3087663843187606,-0.03506063190766151,-0.07266118611997174,48.10603787134336,-0.2047341496218147,0.4444444444444444,0.7777777777777778,0.7777777777777778,-0.013734484386210432,-0.008238074893043179,0.27267485533749536,5.3899993896484375,0.3489999771118164,AMZN
2026-03-31,0.035692949138312446,-0.22026938353541115,-0.4017564960330988,-0.17341962308142866,-0.2019059532979547,0.34591320714687374,0.5612167480164686,-0.497388172985468,-0.006396957859105212,-0.24678390287084573,47.237430961972784,-354.2398744118907,0.05555555555555555,0.8333333333333334,0.8333333333333334,-0.013734484386210432,0.035692949138312446,0.1182854461667826,5.3899993896484375,0.3489999771118164,BTC-USD
2026-03-31,0.09009211154644992,-0.2906364740319787,-0.4923468843956975,0.154226136012791,0.05883358276518291,0.5115793265260463,0.7120991064037361,-0.6229452180087689,0.0321560838127668,-0.31121288906699107,51.31409965842652,-10.078250349534516,0.5555555555555556,1.0,0.8888888888888888,-0.013734484386210432,0.09009211154644992,0.072001888437208,5.3899993896484375,0.3489999771118164,ETH-USD
2026-03-31,-0.11051161024305556,0.08574098860906032,0.21048191708803232,0.49333652623681234,0.6788712966167791,0.38150418350303134,0.4130030420764415,-0.19209514099718206,-0.05425197188771369,0.13904571057232773,46.10157758873041,-2.7134170890155147,0.8333333333333334,0.9444444444444444,0.05555555555555555,-0.013734484386210432,-0.11051161024305556,-0.015408224107347213,5.3899993896484375,0.3489999771118164,GLD
2026-03-31,-0.07697458027819137,-0.08063124941972855,0.18449463513847508,0.8659927370634268,1.0216049278749222,0.3158460259712452,0.255120280950749,-0.2980587500209958,-0.07660914728876089,0.0914036114435901,40.727397931067934,-2.1012348068208464,1.0,0.7222222222222222,0.16666666666666666,-0.013734484386210432,-0.07697458027819137,0.33815549751246166,5.3899993896484375,0.3489999771118164,GOOGL
2026-03-31,-0.02320208679197977,-0.0013653438551937125,0.007944480562174894,0.03947750088148094,0.06416842913556908,0.0660495631847117,0.051431016784964124,-0.036721120640763605,-0.005485691272770321,0.006131284836719431,46.79241070482737,-0.05967189104548648,0.3333333333333333,0.05555555555555555,0.5,-0.013734484386210432,-0.02320208679197977,-0.0015032813460049699,5.3899993896484375,0.3489999771118164,IEF
2026-03-31,-0.01606083571446837,0.1874340396498917,0.3337273967838599,0.5150179877862564,0.5397476213749022,0.154838317915867,0.15970714132807,-0.1272508884451652,0.03013002248575214,0.2488519635299007,61.04475402125022,0.00421205720445561,0.8888888888888888,0.2222222222222222,0.6666666666666666,-0.013734484386210432,-0.01606083571446837,-0.0596874531344056,5.3899993896484375,0.3489999771118164,JNJ
2026-03-31,-0.020446181140362008,-0.08296542567753062,-0.058670757384204686,0.22377353592939575,0.24931730382519435,0.21984628908584147,0.2575650910065975,-0.24423929489677143,-0.017333621180222525,-0.021186295053626347,51.357529237612816,0.922288318308742,0.6111111111111112,0.5,0.6111111111111112,-0.013734484386210432,-0.020446181140362008,0.07027816638364426,5.3899993896484375,0.3489999771118164,JPM
2026-03-31,-0.02072826535054284,-0.0038106160179428583,-0.00045746019753778455,0.0487375924032889,0.07093624302216561,0.09175163404511362,0.06104107147959589,-0.0507953617916167,-0.00825924232314268,0.003228803442253403,48.44487771530671,-0.009505704451583386,0.3888888888888889,0.1111111111111111,0.5555555555555556,-0.013734484386210432,-0.02072826535054284,0.0028190474776310648,5.3899993896484375,0.3489999771118164,LQD
2026-03-31,-0.05746798756249527,-0.23283789563390167,-0.2823452073830066,-0.00635636209903645,0.05422799946208512,0.2242508115508519,0.3248322700324825,-0.339100880835174,-0.08895424965266485,-0.22280669450888158,36.1404988620755,-2.0303018071363255,0.1111111111111111,0.6111111111111112,0.2222222222222222,-0.013734484386210432,-0.05746798756249527,0.10160193378338178,5.3899993896484375,0.3489999771118164,MSFT
2026-03-31,-0.0156925510196515,-0.06482876410753158,-0.06517764999409192,0.6095322170498001,0.6351925597201633,0.36347203036125864,0.3646597483054923,-0.36881037580530474,-0.04599870812667162,-0.02823625162230836,45.779898445263896,-0.9133917165530847,0.9444444444444444,0.8888888888888888,0.7222222222222222,-0.013734484386210432,-0.0156925510196515,0.14432340855381232,5.3899993896484375,0.3489999771118164,NVDA
2026-03-31,-0.0423004680756397,0.0017318733910582917,-0.00874084483241655,-0.004861773696046234,0.03909231771719224,0.12836685093740244,0.10465657415679357,-0.14787145163124793,-0.011941062073374309,-0.0017838281538525846,46.04093095086917,-0.05882756400347133,0.16666666666666666,0.16666666666666666,0.2777777777777778,-0.013734484386210432,-0.0423004680756397,-0.008396490345633167,5.3899993896484375,0.3489999771118164,TLT
2026-03-31,0.1026512734916567,0.37911549535239253,0.3921170547983419,0.3531670210988198,0.22719399471954516,0.17565070513286077,0.20960426472610066,-0.20137294822173002,0.11633440890035152,0.3221231417172874,71.02943227445047,0.1669731322084549,0.7222222222222222,0.3888888888888889,0.9444444444444444,-0.013734484386210432,0.1026512734916567,-0.02628136791889235,5.3899993896484375,0.3489999771118164,XLE
2026-03-31,-0.03511997639435782,-0.09396053402694249,-0.07560390786108595,0.0064719355270950185,0.04310578611217264,0.1641146968973355,0.1806823497355961,-0.15540296738859627,-0.035761344657002314,-0.05532974843175298,46.33285405823505,0.09297942957743954,0.2222222222222222,0.3333333333333333,0.4444444444444444,-0.013734484386210432,-0.03511997639435782,0.055904408448808285,5.3899993896484375,0.3489999771118164,XLF
2026-03-31,-0.04104042190265822,-0.07574330039975441,-0.05437400994110708,0.29464833429025283,0.3500551679758457,0.2796231350978358,0.2449060605130295,-0.25656307040801474,-0.048918498427577894,-0.036660832083573514,42.94544717154247,-0.6716620742661004,0.6666666666666666,0.6666666666666666,0.3333333333333333,-0.013734484386210432,-0.04104042190265822,0.2001505627827147,5.3899993896484375,0.3489999771118164,XLK
2026-03-31,-0.0810692784697905,-0.04901355243896677,0.062294997497521765,0.022016851127787174,0.11218052371338483,0.16367190586154226,0.14930908458834802,-0.17109002183736954,-0.042212951370389495,0.01494263858596434,41.72051311101484,-0.1484240290602643,0.2777777777777778,0.2777777777777778,0.1111111111111111,-0.013734484386210432,-0.0810692784697905,-0.004228811826497925,5.3899993896484375,0.3489999771118164,XLV
2026-03-31,0.11252450826817562,0.41923585755345005,0.5280237257518321,0.475568818357748,0.32632477522199443,0.22304492931672024,0.26771851051216417,-0.18918136291041265,0.1293872782887011,0.3914635803163644,71.97783213583082,0.9356003433202504,0.7777777777777778,0.5555555555555556,1.0,-0.013734484386210432,0.11252450826817562,-0.09035720694402638,5.3899993896484375,0.3489999771118164,XOM
2026-04-30,0.06919117987186696,0.0467237631759474,0.0055376317651609774,0.2825068577551877,0.19951125850933837,0.23542443377880798,0.257748039187353,-0.24430146288748822,0.04034323354666269,0.06600608742343139,58.747597824302126,0.47888199231968853,0.5,0.5555555555555556,0.5555555555555556,0.0688624199518333,0.06919117987186696,0.15108715221843583,-8.360000610351562,0.07899999618530273,AAPL
2026-04-30,0.27267485533749536,0.10764728031058302,0.08533288114701709,0.43726277079655396,0.12932440266953527,0.27482956405649245,0.33032929557249474,-0.23812277935636983,0.1857767504867216,0.16688332429802277,76.54632404012108,1.2736949986408206,0.6666666666666666,0.6666666666666666,0.9444444444444444,0.0688624199518333,0.27267485533749536,0.021051901989134425,-8.360000610351562,0.07899999618530273,AMZN
2026-04-30,0.1182854461667826,-0.0930044087979831,-0.3035141293467556,-0.19003824344845843,-0.2757110813451982,0.31367202403684763,0.3632575780581227,-0.497388172985468,0.05691638448277381,-0.09382589780283557,55.52085877567686,-245.43072861048358,0.05555555555555555,0.7222222222222222,0.7777777777777778,0.0688624199518333,0.1182854461667826,-0.03842242304227328,-8.360000610351562,0.07899999618530273,BTC-USD
2026-04-30,0.072001888437208,-0.16508589042354505,-0.41351595711566214,0.25782259724111056,0.17333990808056932,0.4476055483778382,0.4862527378862186,-0.6229452180087689,0.02437198278479169,-0.17791427253468206,48.773541231675196,-17.03981058412397,0.4444444444444444,1.0,0.6666666666666666,0.0688624199518333,0.072001888437208,-0.10826485226321614,-8.360000610351562,0.07899999618530273,ETH-USD
2026-04-30,-0.015408224107347213,-0.04784809070870599,0.15087473998048173,0.3946736642342952,0.41649940450686085,0.21289566738203392,0.39995732618186136,-0.19209514099718206,-0.04747600450014,0.08365011870365335,43.49881951989099,-1.1750715970899854,0.6111111111111112,0.5,0.2222222222222222,0.0688624199518333,-0.015408224107347213,-0.015436926989543909,-8.360000610351562,0.07899999618530273,GLD
2026-04-30,0.33815549751246166,0.13926291448313055,0.3703287099307191,1.4315760286287538,0.8171102186172572,0.39294599648078377,0.34650153465231304,-0.2656539459334277,0.2262463836598203,0.3750182428674349,82.35459719262951,3.922472164084942,1.0,0.9444444444444444,1.0,0.0688624199518333,0.33815549751246166,-0.011590433880652729,-8.360000610351562,0.07899999618530273,GOOGL
2026-04-30,-0.0015032813460049699,-0.0005800152566223238,-0.0006785566341378502,0.027068052776427987,0.028614349540325046,0.041980699336063715,0.0532611862613826,-0.036721120640763605,-0.00689658796534065,0.0008229707672244846,43.89281402963279,-0.053215807042942646,0.16666666666666666,0.05555555555555555,0.3888888888888889,0.0688624199518333,-0.0015032813460049699,-0.00019008579259716107,-8.360000610351562,0.07899999618530273,IEF
2026-04-30,-0.0596874531344056,0.016818101994487078,0.23121229033849522,0.5114454101024335,0.6073861984939306,0.1692955441149976,0.16342140138337322,-0.1272508884451652,-0.03759769274769231,0.12417945234128935,43.05768013639618,-0.5587334281854153,0.7777777777777778,0.3333333333333333,0.1111111111111111,0.0688624199518333,-0.0596874531344056,-0.014027084349572339,-8.360000610351562,0.07899999618530273,JNJ
2026-04-30,0.07027816638364426,0.029236037348233213,0.016498936236040374,0.3053784970879385,0.2196628298030905,0.19417396726876876,0.23977062555096562,-0.154717373788531,0.0492779932616938,0.03684682681713225,59.54485009278283,-0.24700392717586706,0.5555555555555556,0.4444444444444444,0.6111111111111112,0.0688624199518333,0.07027816638364426,-0.04444019264251231,-8.360000610351562,0.07899999618530273,JPM
2026-04-30,0.0028190474776310648,-0.004435578233249915,0.0008641792260262182,0.05454780766789247,0.05158334429364264,0.04883118843419018,0.06230429275870599,-0.0430881202705804,-0.00433400052882793,0.001492441620217555,44.89569115814948,-0.09321636121724926,0.2777777777777778,0.1111111111111111,0.4444444444444444,0.0688624199518333,0.0028190474776310648,0.00862351015261753,-8.360000610351562,0.07899999618530273,LQD
2026-04-30,0.10160193378338178,-0.05015054040952249,-0.2092162566673076,0.03957340960712652,-0.05630756653015512,0.33245796025139573,0.2983787058757877,-0.339100880835174,0.030291775257442977,-0.1269525371037049,51.12255171431512,1.3314191803618352,0.2222222222222222,0.8333333333333334,0.7222222222222222,0.0688624199518333,0.10160193378338178,0.10651617603697683,-8.360000610351562,0.07899999618530273,MSFT
2026-04-30,0.14432340855381232,0.044214934859032384,-0.014312239931531967,0.8326941576060463,0.6015526239406324,0.3380682774907026,0.39137380126837823,-0.2710299116188357,0.06755956368204918,0.08635662032708558,54.123129669584735,0.7289613904715271,0.9444444444444444,0.8888888888888888,0.8333333333333334,0.0688624199518333,0.14432340855381232,0.05797465881657349,-8.360000610351562,0.07899999618530273,NVDA
2026-04-30,-0.008396490345633167,-0.006337104505266589,-0.03045441868833909,0.0003925792119305882,0.008863491780729094,0.06829470105807689,0.1000386619746723,-0.14787145163124793,-0.01780665219870259,-0.013548799512895893,39.71587539914394,-0.08378136528296593,0.1111111111111111,0.16666666666666666,0.2777777777777778,0.0688624199518333,-0.008396490345633167,0.005333706606233557,-8.360000610351562,0.07899999618530273,TLT
2026-04-30,-0.02628136791889235,0.17609678446451138,0.37414146739162657,0.5295662839268489,0.5708503807283016,0.2675421503440864,0.22915323723152345,-0.1589551540040387,0.03843586894872408,0.24515512106164028,62.370567323900346,0.2500914261811249,0.8888888888888888,0.6111111111111112,0.16666666666666666,0.0688624199518333,-0.02628136791889235,-0.05632857041269368,-8.360000610351562,0.07899999618530273,XLE
2026-04-30,0.055904408448808285,-0.019499045265640835,0.004031057590434095,0.08562335875355354,0.028145493159181134,0.13378189185370654,0.1748980246825181,-0.14794754933580478,0.03081771845384007,-0.0032640836222619374,59.827160590416426,0.0010009999478985399,0.3888888888888889,0.2222222222222222,0.5,0.0688624199518333,0.055904408448808285,-0.010550553302632437,-8.360000610351562,0.07899999618530273,XLF
2026-04-30,0.2001505627827147,0.1099409497474857,0.06385888421680308,0.5279470245584221,0.27312944887153656,0.18996005423572507,0.2614746794415559,-0.15922692774433067,0.11809496328174895,0.1345582544709767,70.87829102503366,0.7394186611756366,0.8333333333333334,0.3888888888888889,0.8888888888888888,0.0688624199518333,0.2001505627827147,0.19761759517680266,-8.360000610351562,0.07899999618530273,XLK
2026-04-30,-0.004228811826497925,-0.05266799381055154,0.020550523116204644,0.05783188457299282,0.062324253941636876,0.16281485650387684,0.15674434941288953,-0.17109002183736954,-0.022318339250573138,0.0004730983126159938,47.63519100215364,-0.11694344980783855,0.3333333333333333,0.2777777777777778,0.3333333333333333,0.0688624199518333,-0.004228811826497925,0.023837156140757987,-8.360000610351562,0.07899999618530273,XLV
2026-04-30,-0.09035720694402638,0.09871762469635259,0.3703874966208327,0.5112437265579843,0.6613595337582057,0.3317906145406001,0.29706418216945235,-0.16615520569983167,-0.0029524808375013256,0.21967876057462865,52.214094638931265,0.2361625841522923,0.7222222222222222,0.7777777777777778,0.05555555555555555,0.0688624199518333,-0.09035720694402638,-0.05238157592462667,-8.360000610351562,0.07899999618530273,XOM
2026-05-29,0.15108715221843583,0.1823284627684325,0.12117548177771909,0.5598605911098777,0.3551194521662693,0.16939766381428317,0.20645814913613106,-0.24286953755077634,0.1343128871467263,0.18748072310964514,79.00393369295851,0.6145525670899303,0.8333333333333334,0.3333333333333333,0.9444444444444444,0.012244953252067314,0.15108715221843583,-0.07274245453871875,-1.5699996948242188,0.06300020217895508,AAPL
2026-05-29,0.021051901989134425,0.288761974516369,0.16044941785384292,0.32013083215517657,0.29291256358604256,0.2090625479355556,0.2852482597481312,-0.2173622311569574,0.09717619873923322,0.16896756921009803,59.695449662283096,-1.0206069555015667,0.5555555555555556,0.5,0.7222222222222222,0.012244953252067314,0.021051901989134425,-0.11934679486514488,-1.5699996948242188,0.06300020217895508,AMZN
2026-05-29,-0.03842242304227328,0.11369948783747397,-0.19299256397287912,-0.29448526823948973,-0.2662945261341859,0.21826855165723652,0.26506983228041514,-0.497388172985468,-0.049643081473199735,-0.08065106232161423,35.24036632870717,-620.2316532502814,0.05555555555555555,0.5555555555555556,0.2777777777777778,0.012244953252067314,-0.03842242304227328,-0.20189661427030703,-1.5699996948242188,0.06300020217895508,BTC-USD
2026-05-29,-0.10826485226321614,0.042064574246081676,-0.3364853189358502,-0.20473384749401435,-0.10818121891419852,0.2526332588089672,0.3605052458775611,-0.6229452180087689,-0.10647806848205965,-0.19887290760602427,31.666482801397294,-13.31492251633734,0.1111111111111111,0.7222222222222222,0.05555555555555555,0.012244953252067314,-0.10826485226321614,-0.2198804062193911,-1.5699996948242188,0.06300020217895508,ETH-USD
2026-05-29,-0.015436926989543909,-0.13773644420219633,0.07538411329867101,0.3739129997743347,0.3954545294628815,0.2020359366628499,0.2761640515728519,-0.19209514099718206,-0.018882383897072863,0.037181188557347644,45.29712084547283,-0.4808346041710161,0.6111111111111112,0.4444444444444444,0.3333333333333333,0.012244953252067314,-0.015436926989543909,-0.11684884638695336,-1.5699996948242188,0.06300020217895508,GLD
2026-05-29,-0.011590433880652729,0.22083559749049053,0.18950793564540214,1.2223056628597395,1.2483651909449485,0.4293641965384539,0.34481805992460707,-0.20366459999534114,0.0942680146741477,0.2690852932695371,52.89939721785749,-3.900393827081391,1.0,1.0,0.4444444444444444,0.012244953252067314,-0.011590433880652729,-0.059832085976835536,-1.5699996948242188,0.06300020217895508,GOOGL
2026-05-29,-0.00019008579259716107,-0.024855885156887747,-0.010644663506510388,0.03976157666346003,0.039959258143312804,0.05435083299432182,0.05549654242573919,-0.04072199585172842,0.00013630383954854608,-0.0015626510723207865,54.18054423420918,0.09709646255758378,0.3333333333333333,0.05555555555555555,0.5555555555555556,0.012244953252067314,-0.00019008579259716107,0.002512377874138716,-1.5699996948242188,0.06300020217895508,IEF
2026-05-29,-0.014027084349572339,-0.08776766197160712,0.10105667251558992,0.4880492799168501,0.5092192252920176,0.1922095957052044,0.16928273242163544,-0.10959122461615511,-0.025759247099713,0.07550251894846527,44.225403421819465,0.5927097749611051,0.7777777777777778,0.3888888888888889,0.3888888888888889,0.012244953252067314,-0.014027084349572339,0.12710251067166634,-1.5699996948242188,0.06300020217895508,JNJ
2026-05-29,-0.04444019264251231,0.001804186463655988,-0.03475533465515046,0.15579926524075005,0.20955198862644298,0.22301250510033865,0.21117202704783586,-0.154717373788531,-0.010507752075645915,-0.014005402907912634,45.79996691578014,-0.5299449159192748,0.5,0.6111111111111112,0.2222222222222222,0.012244953252067314,-0.04444019264251231,0.09361524528603349,-1.5699996948242188,0.06300020217895508,JPM
2026-05-29,0.00862351015261753,-0.009499085912482053,0.0001817029762014588,0.06145080638436973,0.05237563441661086,0.05768196506327689,0.0683537184464849,-0.03338385436525193,0.007509634662203668,0.007083028377446343,58.74180768944668,0.1335230517405337,0.3888888888888889,0.1111111111111111,0.6666666666666666,0.012244953252067314,0.00862351015261753,0.0011289087450727653,-1.5699996948242188,0.06300020217895508,LQD
2026-05-29,0.10651617603697683,0.1488903098781169,-0.08082146009121915,-0.014170723090879744,-0.10906925876140439,0.3167940140058575,0.2850263739428861,-0.339100880835174,0.11981906754024374,-0.013534593830718866,70.09100584907327,1.7699844699393061,0.16666666666666666,0.8333333333333334,0.8888888888888888,0.012244953252067314,0.10651617603697683,-0.17150856157139238,-1.5699996948242188,0.06300020217895508,MSFT
2026-05-29,0.05797465881657349,0.19166674282805451,0.19301238418740763,0.5628636716335618,0.47722221757347727,0.396831855786708,0.3563510604419961,-0.20214385493927145,0.05914861677036565,0.1252337457064332,49.40980390124342,-2.162885654083283,0.8888888888888888,0.9444444444444444,0.8333333333333334,0.012244953252067314,0.05797465881657349,-0.051230493410720945,-1.5699996948242188,0.06300020217895508,NVDA
2026-05-29,0.005333706606233557,-0.04527658464351347,-0.027930492622866177,0.039089529823026936,0.03357673476476286,0.09883569273152261,0.10231361409085146,-0.13410594548774735,0.001318081692269324,-0.009701854175994229,55.24465795166824,0.20262617587918985,0.2777777777777778,0.16666666666666666,0.6111111111111112,0.012244953252067314,0.005333706606233557,0.01165944362281679,-1.5699996948242188,0.06300020217895508,TLT
2026-05-29,-0.05632857041269368,0.013193675782720904,0.2634772838642052,0.42517289075996634,0.5102427032078676,0.2766703356502433,0.2461629871649745,-0.14819397109259969,-0.03484752377494904,0.13663021203586778,41.39102655203459,-0.29598231420898147,0.6666666666666666,0.7777777777777778,0.1111111111111111,0.012244953252067314,-0.05632857041269368,-0.04968884533158102,-1.5699996948242188,0.06300020217895508,XLE
2026-05-29,-0.010550553302632437,0.008071944538711406,-0.024445149154854295,0.027796182180243045,0.03875562881041694,0.11063574222684136,0.13841498718371215,-0.14794754933580478,0.01122645029126157,-0.013345360901004466,51.444100850120016,-0.027251096674041006,0.2222222222222222,0.2222222222222222,0.5,0.012244953252067314,-0.010550553302632437,0.0429971735588075,-1.5699996948242188,0.06300020217895508,XLF
2026-05-29,0.19761759517680266,0.378333152918108,0.3384641322388362,0.6639527590846661,0.38938569856183447,0.23065157759063765,0.2465610991164638,-0.15922692774433067,0.21361910148551333,0.31615926328458244,79.73792134594895,0.5106246315528455,0.9444444444444444,0.6666666666666666,1.0,0.012244953252067314,0.19761759517680266,-0.0014282883141398806,-1.5699996948242188,0.06300020217895508,XLK
2026-05-29,0.023837156140757987,-0.063143199314734,-0.0439353421304598,0.14698216440025869,0.1202779245907446,0.1495311850670796,0.15512961458778438,-0.1655807227047692,0.02126084589380217,0.013487790708238023,57.62924728756874,0.5520183391107047,0.4444444444444444,0.2777777777777778,0.7777777777777778,0.012244953252067314,0.023837156140757987,0.06616537406125556,-1.5699996948242188,0.06300020217895508,XLV
2026-05-29,-0.05238157592462667,-0.04101024860797908,0.2700200912221782,0.4652035771765042,0.5461957470974226,0.32727174646554724,0.30079293941462554,-0.16615520569983167,-0.05688481669801548,0.11507607396607478,39.527850668767584,-0.8688210697665222,0.7222222222222222,0.8888888888888888,0.16666666666666666,0.012244953252067314,-0.05238157592462667,-0.058791158949492495,-1.5699996948242188,0.06300020217895508,XOM
2026-06-30,-0.07274245453871875,0.14120574709542133,0.06634890140009264,0.4159378723233169,0.5270168242404893,0.3494178977851402,0.27213170055563296,-0.216785556660678,-0.009620645752548507,0.07308128455785168,46.92555407343809,-2.0972377044749937,0.8333333333333334,0.6666666666666666,0.3333333333333333,-0.04322297311193812,-0.07274245453871875,0.06756296301144094,1.1300010681152344,-0.034999847412109375,AAPL
2026-06-30,-0.11934679486514488,0.14437985042767765,0.03257945054610878,0.0863758466701392,0.2336023310149442,0.38308767229712054,0.32163340584458244,-0.2173622311569574,-0.06786728788581453,0.02353959120922977,44.90807569326476,-0.10129289240882944,0.4444444444444444,0.8333333333333334,0.2222222222222222,-0.04322297311193812,-0.11934679486514488,0.1394645915293682,1.1300010681152344,-0.034999847412109375,AMZN
2026-06-30,-0.20189661427030703,-0.14178489612386913,-0.3308234079954433,-0.45341227651386906,-0.3151417056245229,0.26925506831234086,0.2950907928862898,-0.5120947570953596,-0.14512759129806596,-0.22288957805505205,29.990085173879407,-47.738200241989034,0.05555555555555555,0.5555555555555556,0.1111111111111111,-0.04322297311193812,-0.20189661427030703,0.07265999994129846,1.1300010681152344,-0.034999847412109375,BTC-USD
2026-06-30,-0.2198804062193911,-0.25425110067005885,-0.4709929312845419,-0.3687486977834482,-0.1908275253575069,0.35390234089418643,0.4028932940924394,-0.6653489391656067,-0.1562128916754274,-0.3159039623553275,34.30441532710512,1.7579862236611774,0.1111111111111111,0.7222222222222222,0.05555555555555555,-0.04322297311193812,-0.2198804062193911,0.18524788126580183,1.1300010681152344,-0.034999847412109375,ETH-USD
2026-06-30,-0.11684884638695336,-0.14387971468699823,-0.07047511505599058,0.20847692520394867,0.36836929925298345,0.295129559091012,0.2507361945083529,-0.2621092600696471,-0.09894571355506487,-0.10046806805784902,33.09257722741121,-1.1191531330261615,0.6111111111111112,0.6111111111111112,0.2777777777777778,-0.04322297311193812,-0.11684884638695336,0.00857810852984442,1.1300010681152344,-0.034999847412109375,GLD
2026-06-30,-0.059832085976835536,0.24350904377453841,0.1432433559102655,1.0336461699139918,1.1630669793990496,0.36649653976634866,0.37052516758450504,-0.20366459999534114,-0.0335864488516886,0.135731120165679,47.96974008885219,-1.1202338160679854,1.0,0.7777777777777778,0.3888888888888889,-0.04322297311193812,-0.059832085976835536,-0.0034697659325551022,1.1300010681152344,-0.034999847412109375,GOOGL
2026-06-30,0.002512377874138716,0.0008150428277491351,-0.0005514138411611968,0.025938757717695937,0.02336767142290408,0.055069177323130554,0.049998045509180446,-0.04072199585172842,0.0038440496045348826,-0.0003087514297147598,53.699998478453146,0.08761085878009978,0.2777777777777778,0.1111111111111111,0.7222222222222222,-0.04322297311193812,0.002512377874138716,-0.013887327686581852,1.1300010681152344,-0.034999847412109375,IEF
2026-06-30,0.12710251067166634,0.04496232676567802,0.2408238369533191,0.7041945996069623,0.5120138438795543,0.2680474076398482,0.21799191726837217,-0.10959122461615511,0.099999751474668,0.17501934436494415,67.67495860609225,2.3087285430684483,0.9444444444444444,0.5,1.0,-0.04322297311193812,0.12710251067166634,0.009371173771967722,1.1300010681152344,-0.034999847412109375,JNJ
2026-06-30,0.09361524528603349,0.11845649520663559,0.025663275980018163,0.15103281838298588,0.05250253537013827,0.2458319415594149,0.23171240935693163,-0.154717373788531,0.04967150214841509,0.06808583224726883,58.07088736923881,0.2657212603908148,0.5,0.3888888888888889,0.9444444444444444,-0.04322297311193812,0.09361524528603349,0.07956745208724691,1.1300010681152344,-0.034999847412109375,JPM
2026-06-30,0.0011289087450727653,0.012608721507107123,0.00875005849302335,0.04097133336449854,0.03979749687716927,0.05343146441089221,0.05399670785174087,-0.03338385436525193,0.004915823333172087,0.005739927345215001,52.823795281296796,0.04139093045555273,0.3888888888888889,0.05555555555555555,0.6666666666666666,-0.04322297311193812,0.0011289087450727653,-0.022431174211086757,1.1300010681152344,-0.034999847412109375,LQD
2026-06-30,-0.17150856157139238,0.009881651622652754,-0.22525706698045478,-0.24408538259026402,-0.08760117202481599,0.3932218923294,0.3529283850732219,-0.34498397568158834,-0.08691966128177064,-0.1617619426815945,41.35409538295184,-2.101086156605069,0.16666666666666666,0.8888888888888888,0.16666666666666666,-0.04322297311193812,-0.17150856157139238,0.24583136341252132,1.1300010681152344,-0.034999847412109375,MSFT
2026-06-30,-0.051230493410720945,0.14864219384201705,0.0741771400134752,0.2681591626981985,0.33663566745214,0.47191672153233044,0.4059023627495238,-0.20214385493927145,-0.0464083904753303,0.04960788473702005,45.2768748694502,-1.3131287265004117,0.6666666666666666,1.0,0.5,-0.04322297311193812,-0.051230493410720945,0.003298534030631073,1.1300010681152344,-0.034999847412109375,NVDA
2026-06-30,0.01165944362281679,0.008515642951679281,0.010262264358173345,0.023926953201149237,0.012126125699377432,0.09604989134132794,0.0875970459806042,-0.13087568742985067,0.01178561613223228,-0.00021458425411380322,53.77267876886065,0.09974490870714114,0.2222222222222222,0.16666666666666666,0.7777777777777778,-0.04322297311193812,0.01165944362281679,-0.04473758262804994,1.1300010681152344,-0.034999847412109375,TLT
2026-06-30,-0.04968884533158102,-0.1267871582945187,0.20426136073672496,0.2914724313020429,0.358999549734488,0.2311020549192169,0.25454035033265404,-0.14493261242803157,-0.06378827375309903,0.05062961728936566,36.13810120397318,-0.21158216061867208,0.7222222222222222,0.3333333333333333,0.5555555555555556,-0.04322297311193812,-0.04968884533158102,0.12125773964788422,1.1300010681152344,-0.034999847412109375,XLE
2026-06-30,0.0429971735588075,0.08968593314720041,-0.012701539052957678,0.03956389850849429,-0.0032917395534241,0.14032454728266205,0.1340472193983657,-0.14794754933580478,0.029983263579988373,0.0283182712769805,60.265833040433364,0.0066669355812749576,0.3333333333333333,0.2222222222222222,0.8333333333333334,-0.04322297311193812,0.0429971735588075,0.062115239292021895,1.1300010681152344,-0.034999847412109375,XLF
2026-06-30,-0.0014282883141398806,0.43526852144657524,0.3265565466723359,0.5126157221832908,0.5147792637041408,0.4348884199637582,0.3149139718456219,-0.15922692774433067,0.07483043329443628,0.2634026866265968,57.44597298259852,-0.8043402837343994,0.8888888888888888,0.9444444444444444,0.6111111111111112,-0.04322297311193812,-0.0014282883141398806,-0.07962417504069985,1.1300010681152344,-0.034999847412109375,XLK
2026-06-30,0.06616537406125556,0.08696363930586148,0.033687689971493295,0.1976494242427802,0.12332425473608599,0.20628852595952527,0.17196291586759793,-0.1655807227047692,0.0688367035908668,0.06689916155048503,65.66882492955807,0.7641666010970245,0.5555555555555556,0.2777777777777778,0.8888888888888888,-0.04322297311193812,0.06616537406125556,0.024517832471079304,1.1300010681152344,-0.034999847412109375,XLV
2026-06-30,-0.058791158949492495,-0.18868337211549946,0.15144965012303224,0.30870231085902056,0.39044838273973714,0.2628206792986999,0.30450352705602624,-0.2011225721014881,-0.07600129297836689,0.020049975222965477,35.28202982293608,-0.5995021694220934,0.7777777777777778,0.4444444444444444,0.4444444444444444,-0.04322297311193812,-0.058791158949492495,0.13692228319054656,1.1300010681152344,-0.034999847412109375,XOM
2026-07-31,0.06756296301144094,0.13946786291379287,0.19270808948717977,0.49412478172357854,0.3995659586286775,0.39500652138769665,0.32324737939179293,-0.216785556660678,-0.001904312586448742,0.11254267634090831,43.245951361093596,-1.3654709316703624,0.8888888888888888,0.7777777777777778,0.6111111111111112,0.055124729815704404,0.06756296301144094,,-0.46000099182128906,0.3269996643066406,AAPL
2026-07-31,0.1394645915293682,0.024598162958296088,0.1348933686119762,0.1600529061732754,0.018068411073901114,0.6038256252429323,0.43102018502452244,-0.2173622311569574,0.10116809581770903,0.15559952444238734,67.87878521399324,1.212535477455109,0.5,1.0,0.8888888888888888,0.055124729815704404,0.1394645915293682,,-0.46000099182128906,0.3269996643066406,AMZN
2026-07-31,0.07265999994129846,-0.1767996119158145,-0.2533608773318544,-0.4573711028848523,-0.4941277784714231,0.26985634184561147,0.31718297207753776,-0.5120947570953596,-0.009021716895224574,-0.12093537165713242,44.02433424020517,-180.7463269652065,0.1111111111111111,0.5555555555555556,0.6666666666666666,0.055124729815704404,0.07265999994129846,,-0.46000099182128906,0.3269996643066406,BTC-USD
2026-07-31,0.18524788126580183,-0.1754703863668703,-0.31158859181407705,-0.49675601475790554,-0.5754103481672981,0.37940301606276433,0.46171305198167967,-0.6653489391656067,0.04921113019304202,-0.11830580910793187,50.60382702134376,-5.310352914476731,0.05555555555555555,0.7222222222222222,0.9444444444444444,0.055124729815704404,0.18524788126580183,,-0.46000099182128906,0.3269996643066406,ETH-USD
2026-07-31,0.00857810852984442,-0.12302316637554456,-0.1649848334602413,0.2263665798261436,0.21593614758678337,0.2213845469226681,0.2411016714554408,-0.26404517857029663,-0.03567086081802029,-0.09790345615509632,45.80336614250814,1.2799113277450838,0.6111111111111112,0.3888888888888889,0.3888888888888889,0.055124729815704404,0.00857810852984442,,-0.46000099182128906,0.3269996643066406,GLD
2026-07-31,-0.0034697659325551022,-0.07395339274008006,0.05501055673415123,0.861104543544746,0.8675846250529182,0.44946910120955513,0.3606501969874315,-0.21047203234359313,-0.0071191581689630246,0.0925022295877056,54.309279247537596,0.4776743776124306,1.0,0.8888888888888888,0.2777777777777778,0.055124729815704404,-0.0034697659325551022,,-0.46000099182128906,0.3269996643066406,GOOGL
2026-07-31,-0.013887327686581852,-0.011597756971365891,-0.012171045352002308,0.017735810308154853,0.03206848353398506,0.04099109116356488,0.050017087319374834,-0.04072199585172842,-0.007905437538926252,-0.013970013607420007,40.74869783861028,-0.034766887071424946,0.2777777777777778,0.05555555555555555,0.2222222222222222,0.055124729815704404,-0.013887327686581852,,-0.46000099182128906,0.3269996643066406,IEF
2026-07-31,0.009371173771967722,0.1217066642690694,0.14057164135664268,0.5949688799995956,0.5801609174544577,0.2936531702578615,0.2537678652141064,-0.10959122461615511,0.04580630676521413,0.14038307005976258,52.27467680268111,-0.5314105318680618,0.9444444444444444,0.6111111111111112,0.4444444444444444,0.055124729815704404,0.009371173771967722,,-0.46000099182128906,0.3269996643066406,JNJ
2026-07-31,0.07956745208724691,0.12816393599852804,0.1611469789663107,0.21023505370934426,0.1210369962242408,0.22755862480797276,0.23393420193146552,-0.154717373788531,0.07635647052339034,0.13738056004626253,60.70831497992262,-0.29205207652656107,0.5555555555555556,0.4444444444444444,0.7222222222222222,0.055124729815704404,0.07956745208724691,,-0.46000099182128906,0.3269996643066406,JPM
2026-07-31,-0.022431174211086757,-0.012887996735626461,-0.01726640925108569,0.01853529179348734,0.04190647750199439,0.04749004500768654,0.05314716274364296,-0.03338385436525193,-0.014925339543805372,-0.016381938510033223,36.32828655147765,-0.06376998224095598,0.3333333333333333,0.1111111111111111,0.16666666666666666,0.055124729815704404,-0.022431174211086757,,-0.46000099182128906,0.3269996643066406,LQD
2026-07-31,0.24583136341252132,0.14210242043178778,0.08482536684411013,-0.12196449206995108,-0.29522122037048715,0.5868401500247946,0.4520820018049531,-0.34498397568158834,0.16358377825067483,0.07510362912482549,74.5191435532506,7.446273246605979,0.16666666666666666,0.9444444444444444,1.0,0.055124729815704404,0.24583136341252132,,-0.46000099182128906,0.3269996643066406,MSFT
2026-07-31,0.003298534030631073,0.007085078040881543,0.051613279163962744,0.130136513848913,0.1264209759270012,0.41662226271995534,0.413564908354362,-0.20214385493927145,-0.026070757545662127,0.04054364372397212,48.3050169649185,-0.9656695636641006,0.4444444444444444,0.8333333333333334,0.3333333333333333,0.055124729815704404,0.003298534030631073,,-0.46000099182128906,0.3269996643066406,NVDA
2026-07-31,-0.04473758262804994,-0.028445258953098018,-0.03460210287969945,-0.010605377759049905,0.03573071048152632,0.08476361247693193,0.09433303807965793,-0.11784935184805334,-0.0298013244733919,-0.042107168144910334,31.6079261168681,-0.13408089692077718,0.2222222222222222,0.16666666666666666,0.1111111111111111,0.055124729815704404,-0.04473758262804994,,-0.46000099182128906,0.3269996643066406,TLT
2026-07-31,0.12125773964788422,0.005523181814434119,0.18259258083648033,0.4082226725052307,0.2559312838700796,0.20343201467925504,0.2422169264336348,-0.14976257968389606,0.05402597237533979,0.14448952931735715,63.57696909586598,0.18989917975324933,0.7777777777777778,0.2777777777777778,0.7777777777777778,0.055124729815704404,0.12125773964788422,,-0.46000099182128906,0.3269996643066406,XLE
2026-07-31,0.062115239292021895,0.09609546695428883,0.07472265182868343,0.10413665882369649,0.03956389850849429,0.14084041442832698,0.13661161650855724,-0.14794754933580478,0.05220840657564274,0.08474948617210787,62.342861373785595,-0.043487351172121436,0.3888888888888889,0.2222222222222222,0.5555555555555556,0.055124729815704404,0.062115239292021895,,-0.46000099182128906,0.3269996643066406,XLF
2026-07-31,-0.07962417504069985,0.10068393952306898,0.221694177206039,0.3417845581035617,0.4578659301083843,0.3343536261597051,0.35115696427317394,-0.15922692774433067,-0.041158846128078075,0.1305637970774065,46.34976043841568,-0.6379097554383781,0.7222222222222222,0.6666666666666666,0.05555555555555555,0.055124729815704404,-0.07962417504069985,,-0.46000099182128906,0.3269996643066406,XLK
2026-07-31,0.024517832471079304,0.11834289337008075,0.05944201678399108,0.2680296664994668,0.23768432945774176,0.20965343606835216,0.183665553427555,-0.1655807227047692,0.041658819667186764,0.07380600816699845,55.14098059663067,-0.0784908470376493,0.6666666666666666,0.3333333333333333,0.5,0.055124729815704404,0.024517832471079304,,-0.46000099182128906,0.3269996643066406,XLV
2026-07-31,0.13692228319054656,0.014028759427704873,0.11413126993219702,0.43671487380704677,0.2636878483683087,0.2626253405645263,0.28937640454403635,-0.2011225721014881,0.06178496008349965,0.12611555062272406,63.17554800316661,0.9656197420750878,0.8333333333333334,0.5,0.8333333333333334,0.055124729815704404,0.13692228319054656,,-0.46000099182128906,0.3269996643066406,XOM
